date,open,high,low,close,adj_close,volume
1993-01-29,43.9688,43.9688,43.7500,43.9375,24.1133,1003200
1993-02-01,43.9688,44.2500,43.9688,44.2500,24.2848,480500
1993-02-02,44.2188,44.3750,44.1250,44.3438,24.3362,201300
1993-02-03,44.4063,44.8438,44.3750,44.8125,24.5935,529400
1993-02-04,44.9688,45.0938,44.4688,45.0000,24.6964,531500
1993-02-05,44.9688,45.0625,44.7188,44.9688,24.6792,492100
1993-02-08,44.9688,45.1250,44.9063,44.9688,24.6792,596100
1993-02-09,44.8125,44.8125,44.5625,44.6563,24.5077,122100
1993-02-10,44.6563,44.7500,44.5313,44.7188,24.5420,379600
1993-02-11,44.7813,45.1250,44.7813,44.9375,24.6621,19500
1993-02-12,44.8750,44.8750,44.5938,44.5938,24.4734,42500
1993-02-16,44.4688,44.4688,43.4063,43.4688,23.8560,374800
1993-02-17,43.4688,43.5313,43.2813,43.4375,23.8389,210900
1993-02-18,43.9375,43.9375,42.8125,43.4063,23.8217,378100
1993-02-19,43.4063,43.5625,43.3438,43.5625,23.9075,34900
1993-02-22,43.6875,43.7813,43.5625,43.7188,23.9932,513600
1993-02-23,43.8438,43.8750,43.4688,43.6875,23.9761,373700
1993-02-24,43.7188,44.2500,43.7188,44.2500,24.2848,26300
1993-02-25,44.2188,44.3750,44.1250,44.3438,24.3362,44500
1993-02-26,44.4375,44.4375,44.1875,44.4063,24.3705,66200
1993-03-01,44.5625,44.5625,44.2188,44.2813,24.3019,66500
1993-03-02,44.3125,44.9375,44.2500,44.9375,24.6621,182400
1993-03-03,45.0000,45.1563,44.9375,45.1250,24.7650,280100
1993-03-04,45.1875,45.1875,44.8750,44.8750,24.6278,89500
1993-03-05,44.9375,45.1250,44.7188,44.7500,24.5592,40000
1993-03-08,44.8438,45.7500,44.8438,45.7500,25.1080,50800
1993-03-09,45.6563,45.6875,45.5000,45.5938,25.0222,169300
1993-03-10,45.5938,45.6875,45.4063,45.6875,25.0737,194400
1993-03-11,45.7188,45.8438,45.5000,45.5625,25.0051,70900
1993-03-12,45.1875,45.2188,44.8125,45.0938,24.7478,643600
1993-03-15,45.0625,45.3125,45.0625,45.3125,24.8679,310800
1993-03-16,45.3125,45.4375,45.3125,45.3125,24.8679,30800
1993-03-17,45.2500,45.2500,44.9688,45.0313,24.7135,21800
1993-03-18,45.2188,45.5000,45.2188,45.3125,24.8679,59300
1993-03-19,45.2813,45.2813,45.0313,45.0313,24.8302,66900
1993-03-22,44.5938,44.8750,44.5625,44.7813,24.6924,183400
1993-03-23,44.9063,44.9375,44.8125,44.8750,24.7441,55200
1993-03-24,44.8125,45.0625,44.5938,44.8750,24.7441,37200
1993-03-25,44.9063,45.2500,44.8438,45.1563,24.8992,110100
1993-03-26,45.1250,45.1563,44.8750,44.9063,24.7613,101500
1993-03-29,44.9375,45.3125,44.9375,45.0938,24.8647,87100
1993-03-30,45.1563,45.2188,45.0938,45.2188,24.9336,56000
1993-03-31,45.3438,45.4688,45.1875,45.1875,24.9164,111600
1993-04-01,45.2500,45.2500,44.9375,45.0313,24.8302,129500
1993-04-02,44.6563,44.6563,44.0938,44.0938,24.3133,59400
1993-04-05,44.4375,44.4375,44.1875,44.3125,24.4339,172200
1993-04-06,44.4063,44.4063,44.0625,44.1875,24.3650,129700
1993-04-07,44.2500,44.3438,44.1563,44.3438,24.4511,28000
1993-04-08,44.5313,44.5313,44.0938,44.2813,24.4167,180800
1993-04-12,44.7188,44.9375,44.6563,44.9063,24.7613,348500
1993-04-13,44.8750,45.1563,44.8438,45.0000,24.8130,146100
1993-04-14,45.0313,45.0625,44.9063,44.9375,24.7785,119600
1993-04-15,44.9063,45.0313,44.7500,44.9375,24.7785,148600
1993-04-16,44.9688,45.0313,44.8750,44.9375,24.7785,47900
1993-04-19,44.9375,45.0625,44.7188,44.7500,24.6751,157000
1993-04-20,44.6875,44.7500,44.2500,44.5313,24.5545,279500
1993-04-21,44.6250,44.6250,44.3750,44.5000,24.5373,67900
1993-04-22,44.3125,44.6875,43.9375,43.9375,24.2272,97700
1993-04-23,43.8438,43.9688,43.6875,43.7500,24.1238,106000
1993-04-26,43.7813,43.9375,43.2813,43.4063,23.9342,62600
1993-04-27,43.3438,43.8750,43.3438,43.8750,24.1927,156800
1993-04-28,43.8125,43.9063,43.7188,43.7813,24.1410,85900
1993-04-29,43.8750,43.9688,43.6250,43.9688,24.2444,85000
1993-04-30,44.1250,44.2813,44.0313,44.0313,24.2788,88500
1993-05-03,44.0938,44.3125,43.9063,44.3125,24.4339,80500
1993-05-04,44.4063,44.6250,44.3438,44.4688,24.5201,149100
1993-05-05,44.4688,44.7500,44.4688,44.5938,24.5890,109000
1993-05-06,44.5313,44.5625,44.4063,44.4375,24.5028,54700
1993-05-07,44.4688,44.4688,44.2813,44.3438,24.4511,68000
1993-05-10,44.4063,44.6875,44.4063,44.4375,24.5028,113900
1993-05-11,44.4375,44.6250,44.3125,44.6250,24.6062,42600
1993-05-12,44.4375,44.5938,44.4375,44.5625,24.5718,31000
1993-05-13,44.3750,44.3750,44.0000,44.0313,24.2788,129100
1993-05-14,44.0313,44.1563,43.9688,44.0000,24.2616,63500
1993-05-17,44.1250,44.1563,43.9375,44.1563,24.3478,34000
1993-05-18,44.1875,44.2188,43.9688,44.1250,24.3305,105200
1993-05-19,44.1250,45.0313,43.8438,45.0313,24.8302,50200
1993-05-20,45.0313,45.1563,44.9375,45.1563,24.8992,98200
1993-05-21,45.1875,45.2500,44.7188,44.7500,24.6751,221400
1993-05-24,44.8438,45.0938,44.8438,44.9375,24.7785,30500
1993-05-25,45.1250,45.1250,45.0313,45.0313,24.8302,191800
1993-05-26,45.1563,45.6250,45.1250,45.5938,25.1404,102400
1993-05-27,45.6563,45.6563,45.3750,45.4375,25.0542,53800
1993-05-28,45.4063,45.4063,45.0000,45.2188,24.9336,79100
1993-06-01,45.3750,45.8125,45.3125,45.6563,25.1749,28300
1993-06-02,45.5313,45.7500,45.3438,45.5938,25.1404,20300
1993-06-03,45.5000,45.5000,45.3438,45.4375,25.0542,21600
1993-06-04,45.3125,45.3125,45.0938,45.2813,24.9681,32000
1993-06-07,45.3750,45.3750,45.1250,45.1250,24.8819,121400
1993-06-08,45.0000,45.0000,44.7188,44.7188,24.6579,104500
1993-06-09,44.8750,45.0625,44.8125,44.8750,24.7441,43300
1993-06-10,44.8438,44.9375,44.7500,44.9063,24.7613,17900
1993-06-11,45.0625,45.1563,44.9063,45.0938,24.8647,647400
1993-06-14,45.1563,45.1875,45.0313,45.0313,24.8302,64200
1993-06-15,45.0938,45.1250,44.9375,44.9375,24.7785,142400
1993-06-16,44.9375,45.0313,44.8125,45.0313,24.8302,330900
1993-06-17,45.1250,45.1875,45.0313,45.1875,24.9164,37400
1993-06-18,44.8438,44.8438,44.5000,44.5000,24.7112,58500
1993-06-21,44.6250,44.6250,44.5313,44.5938,24.7633,29300
1993-06-22,44.6563,44.6563,44.5625,44.6250,24.7806,137500
1993-06-23,44.6250,44.6250,44.2188,44.2188,24.5550,227600
1993-06-24,44.3438,44.8125,44.3438,44.8125,24.8848,243700
1993-06-25,44.7813,44.9063,44.7500,44.7813,24.8674,44800
1993-06-28,45.0000,45.2813,44.9375,45.2813,25.1450,439900
1993-06-29,45.2188,45.2188,45.0000,45.0625,25.0236,207500
1993-06-30,45.1250,45.2188,45.0000,45.0625,25.0236,437600
1993-07-01,45.1250,45.1250,44.8750,44.9375,24.9542,605700
1993-07-02,44.7813,44.8125,44.5313,44.6875,24.8153,285400
1993-07-06,44.6250,44.7500,44.1563,44.2188,24.5550,246400
1993-07-07,44.1875,44.4063,44.1875,44.3438,24.6244,343700
1993-07-08,44.3750,44.9375,44.3125,44.8438,24.9021,248200
1993-07-09,44.8438,44.9688,44.7500,44.9688,24.9715,378200
1993-07-12,44.9063,44.9688,44.8438,44.9375,24.9542,373700
1993-07-13,44.9688,45.0938,44.6563,44.9063,24.9368,389600
1993-07-14,44.9375,45.1875,44.9063,45.0625,25.0236,617300
1993-07-15,45.0313,45.0313,44.7813,44.8750,24.9194,443800
1993-07-16,44.9063,44.9375,44.6875,44.7500,24.8500,216400
1993-07-19,44.7500,44.7500,44.5938,44.7188,24.8327,188200
1993-07-20,44.6875,44.8438,44.4688,44.8438,24.9021,68500
1993-07-21,44.7813,44.8125,44.6563,44.8125,24.8848,142700
1993-07-22,44.7500,44.8125,44.5000,44.5000,24.7112,632400
1993-07-23,44.5938,44.7188,44.5625,44.7188,24.8327,286200
1993-07-26,44.8438,45.0625,44.8438,44.9688,24.9715,121300
1993-07-27,45.0000,45.0313,44.7813,44.9375,24.9542,92800
1993-07-28,44.8438,44.9375,44.7813,44.8438,24.9021,30800
1993-07-29,44.9375,45.2188,44.8750,45.0938,25.0409,331000
1993-07-30,45.0938,45.0938,44.7813,44.8438,24.9021,75300
1993-08-02,44.9063,45.1250,44.9063,44.9688,24.9715,41300
1993-08-03,45.0625,45.1875,44.8438,45.0000,24.9889,81600
1993-08-04,45.0000,45.0938,44.8750,45.0000,24.9889,434000
1993-08-05,45.0000,45.0000,44.8438,44.9063,24.9368,36800
1993-08-06,45.0313,45.0625,44.9063,44.9688,24.9715,402300
1993-08-09,45.0938,45.3438,45.0000,45.2188,25.1103,828200
1993-08-10,45.1875,45.2188,45.1250,45.1875,25.0930,604900
1993-08-11,45.1563,45.3125,45.1563,45.1875,25.0930,542200
1993-08-12,45.3125,45.3125,44.9063,45.0625,25.0236,303700
1993-08-13,45.0938,45.1563,45.0938,45.1250,25.0583,103500
1993-08-16,45.1563,45.5000,45.1563,45.3750,25.1971,241800
1993-08-17,45.3438,45.5313,45.3438,45.5313,25.2839,369300
1993-08-18,45.6875,45.8750,45.6563,45.7813,25.4227,414300
1993-08-19,45.8125,45.8125,45.7188,45.7813,25.4227,28500
1993-08-20,45.6875,45.8125,45.6563,45.8125,25.4400,80700
1993-08-23,45.6250,45.7500,45.6250,45.7188,25.3880,15600
1993-08-24,45.7188,46.2188,45.7188,46.2188,25.6656,273400
1993-08-25,46.2188,46.4375,46.1563,46.2500,25.6830,242300
1993-08-26,46.2813,46.5313,46.0938,46.2813,25.7003,120000
1993-08-27,46.1563,46.2500,46.1563,46.2500,25.6830,25700
1993-08-30,46.2813,46.5000,46.2813,46.4375,25.7871,183500
1993-08-31,46.4063,46.5625,46.3438,46.5625,25.8565,66500
1993-09-01,46.4063,46.5938,46.4063,46.5000,25.8218,136500
1993-09-02,46.5313,46.5938,46.3125,46.3438,25.7351,472400
1993-09-03,46.3125,46.4375,46.2500,46.3750,25.7524,630500
1993-09-07,46.3750,46.4375,46.0000,46.0625,25.5789,196400
1993-09-08,46.0625,46.0625,45.5938,45.9063,25.4921,269900
1993-09-09,45.7188,46.0313,45.7188,46.0000,25.5442,239200
1993-09-10,46.1250,46.4375,46.0625,46.4063,25.7698,106500
1993-09-13,46.5625,46.5625,46.4375,46.4375,25.7871,66900
1993-09-14,46.3125,46.3125,46.0938,46.2500,25.6830,184500
1993-09-15,46.0625,46.4063,45.9063,46.3750,25.7524,101000
1993-09-16,46.3125,46.3438,46.1563,46.1875,25.6483,54300
1993-09-17,45.8750,45.9063,45.7500,45.8125,25.5986,200900
1993-09-20,45.8750,45.9688,45.4375,45.4375,25.3890,57800
1993-09-21,45.5000,45.5625,44.8125,45.2813,25.3017,318200
1993-09-22,45.4375,45.7188,45.3750,45.6563,25.5112,439700
1993-09-23,45.7813,45.9375,45.7188,45.9063,25.6509,88500
1993-09-24,45.8438,45.8750,45.7188,45.7813,25.5811,53500
1993-09-27,46.1250,46.2813,46.1250,46.2813,25.8605,274600
1993-09-28,46.3125,46.3125,46.1563,46.1875,25.8081,158300
1993-09-29,46.1875,46.3125,45.9688,46.0313,25.7208,221000
1993-09-30,46.0313,46.1250,45.8438,45.9375,25.6684,99300
1993-10-01,45.8750,46.2188,45.8125,46.1563,25.7906,22700
1993-10-04,46.2188,46.2188,46.0938,46.2188,25.8256,1038500
1993-10-05,46.3125,46.3125,46.0000,46.1563,25.7906,436500
1993-10-06,46.1875,46.3750,46.1250,46.1250,25.7732,209200
1993-10-07,46.1875,46.1875,45.9688,46.0000,25.7033,59400
1993-10-08,46.1250,46.1563,45.7188,46.0625,25.7382,54400
1993-10-11,46.1563,46.2500,46.1563,46.1563,25.7906,467100
1993-10-12,46.2188,46.2500,46.1875,46.2188,25.8256,26200
1993-10-13,46.2500,46.2500,46.1563,46.2188,25.8256,139100
1993-10-14,46.4063,46.8125,46.2813,46.8125,26.1573,108100
1993-10-15,47.0313,47.1563,46.9063,47.0625,26.2970,1502500
1993-10-18,47.0313,47.0313,46.8750,46.9375,26.2272,722400
1993-10-19,46.8750,46.9688,46.5938,46.5938,26.0351,880100
1993-10-20,46.7500,46.7500,46.5625,46.6563,26.0700,230400
1993-10-21,46.6875,46.6875,46.5313,46.5938,26.0351,56200
1993-10-22,46.6563,46.8438,46.3750,46.3750,25.9129,390700
1993-10-25,46.4063,46.5625,46.2813,46.5000,25.9827,114500
1993-10-26,46.4688,46.5000,46.3125,46.4688,25.9652,186200
1993-10-27,46.4063,46.5313,46.4063,46.5000,25.9827,118400
1993-10-28,46.5625,46.9688,46.5625,46.8438,26.1748,129600
1993-10-29,46.8125,46.8750,46.7813,46.8438,26.1748,80700
1993-11-01,46.7813,47.0000,46.7813,46.9688,26.2446,36400
1993-11-02,46.9063,47.0000,46.6563,46.9375,26.2272,262100
1993-11-03,46.9063,46.9063,46.1250,46.3438,25.8954,479100
1993-11-04,46.3438,46.3438,45.8125,45.8438,25.6160,130400
1993-11-05,45.7188,46.0625,45.5313,46.0625,25.7382,363200
1993-11-08,46.0938,46.2500,45.9688,46.1250,25.7732,367600
1993-11-09,46.4375,46.4688,46.1250,46.1563,25.7906,246900
1993-11-10,46.1563,46.5000,46.0313,46.5000,25.9827,46500
1993-11-11,46.5000,46.6250,46.3438,46.3750,25.9129,88900
1993-11-12,46.4688,46.7500,46.4375,46.5938,26.0351,108200
1993-11-15,46.6875,46.6875,46.4375,46.5625,26.0176,243300
1993-11-16,46.6563,46.8125,46.4688,46.7813,26.1399,492600
1993-11-17,46.8125,46.8125,46.4063,46.5313,26.0002,39600
1993-11-18,46.4688,46.5625,46.2813,46.4063,25.9303,240800
1993-11-19,46.2500,46.3750,46.2188,46.3125,25.8780,106000
1993-11-22,46.1875,46.2188,45.8750,46.0313,25.7208,165300
1993-11-23,46.2813,46.3125,46.0313,46.2813,25.8605,89700
1993-11-24,46.4063,46.5000,46.3438,46.4688,25.9652,77200
1993-11-26,46.5938,46.5938,46.4688,46.5000,25.9827,1019800
1993-11-29,46.6250,46.7188,46.3125,46.3125,25.8780,517500
1993-11-30,46.2813,46.5625,46.2500,46.3438,25.8954,230000
1993-12-01,46.5938,46.6250,46.4063,46.4063,25.9303,379200
1993-12-02,46.5000,46.5625,46.4063,46.5313,26.0002,352000
1993-12-03,46.5000,46.7188,46.5000,46.7188,26.1050,306000
1993-12-06,46.7813,46.9375,46.7813,46.8750,26.1922,99500
1993-12-07,46.8750,46.9063,46.7813,46.8438,26.1748,88800
1993-12-08,46.8438,46.8438,46.7813,46.8438,26.1748,146700
1993-12-09,46.8438,46.9063,46.6250,46.6875,26.0875,416500
1993-12-10,46.7188,46.7188,46.5000,46.5938,26.0351,412900
1993-12-13,46.5938,46.8750,46.5313,46.8750,26.1922,273200
1993-12-14,46.9063,46.9063,46.5313,46.5313,26.0002,41900
1993-12-15,46.5938,46.6250,46.4688,46.4688,25.9652,82600
1993-12-16,46.6563,46.6563,46.5625,46.6250,26.0526,78200
1993-12-17,46.4063,46.5938,46.3750,46.5625,26.1957,104700
1993-12-20,46.5313,46.6563,46.5000,46.6250,26.2309,68800
1993-12-21,46.5625,46.5625,46.4063,46.4688,26.1430,205700
1993-12-22,46.5938,46.8125,46.5000,46.7813,26.3188,410300
1993-12-23,46.7500,46.8438,46.6875,46.7500,26.3012,533800
1993-12-27,46.7500,47.0000,46.7500,47.0000,26.4419,447100
1993-12-28,46.9688,47.1250,46.9375,47.0938,26.4946,880600
1993-12-29,47.1250,47.1563,47.0000,47.0313,26.4595,266700
1993-12-30,47.0000,47.0000,46.7500,46.8438,26.3540,219900
1993-12-31,46.9375,47.0000,46.5625,46.5938,26.2133,312900
1994-01-03,46.5938,46.6563,46.4063,46.4688,26.1430,960900
1994-01-04,46.5313,46.6563,46.4688,46.6563,26.2485,164300
1994-01-05,46.7188,46.7813,46.5313,46.7500,26.3012,710900
1994-01-06,46.8125,46.8438,46.6875,46.7500,26.3012,201000
1994-01-07,46.8438,47.0625,46.7188,47.0313,26.4595,775500
1994-01-10,47.0938,47.5938,46.9688,47.5938,26.7759,593700
1994-01-11,47.5625,47.5625,47.3438,47.5000,26.7232,295200
1994-01-12,47.5313,47.5313,47.1875,47.3438,26.6353,158400
1994-01-13,47.2188,47.3125,47.1563,47.2188,26.5649,244300
1994-01-14,47.3750,47.5000,47.3750,47.4063,26.6704,137200
1994-01-17,47.4063,47.4688,47.3125,47.4063,26.6704,17700
1994-01-18,47.4688,47.5313,47.3750,47.4688,26.7056,166400
1994-01-19,47.4063,47.4688,47.2500,47.3438,26.6353,200800
1994-01-20,47.4063,47.5000,47.3750,47.4688,26.7056,281100
1994-01-21,47.5313,47.5313,47.3438,47.3750,26.6529,85600
1994-01-24,47.3438,47.5625,47.1875,47.1875,26.5474,373800
1994-01-25,47.2188,47.2500,47.0938,47.1875,26.5474,310400
1994-01-26,47.1875,47.3438,47.1250,47.3125,26.6177,145100
1994-01-27,47.4063,47.8125,47.3438,47.7500,26.8638,344500
1994-01-28,47.9375,48.0313,47.8750,47.8750,26.9341,356500
1994-01-31,48.0625,48.3125,48.0000,48.2188,27.1275,313800
1994-02-01,48.1563,48.1563,47.9063,47.9688,26.9869,303600
1994-02-02,48.1250,48.2813,48.0938,48.2813,27.1627,307600
1994-02-03,48.1875,48.1875,47.9063,48.0625,27.0396,466100
1994-02-04,48.0625,48.1250,46.9688,46.9688,26.4243,1403200
1994-02-07,46.8438,47.3125,46.8438,47.1875,26.5474,516400
1994-02-08,47.2813,47.2813,47.0313,47.2188,26.5649,188200
1994-02-09,47.2500,47.4375,47.1875,47.4063,26.6704,144600
1994-02-10,47.3750,47.4063,47.0000,47.0000,26.4419,883900
1994-02-11,47.0313,47.2813,46.8125,47.1563,26.5298,519400
1994-02-14,47.0625,47.3750,47.0000,47.2188,26.5649,2742100
1994-02-15,47.3125,47.5000,47.2500,47.4688,26.7056,374700
1994-02-16,47.5313,47.5313,47.3438,47.4375,26.6880,287600
1994-02-17,47.6563,47.6875,47.0313,47.1563,26.5298,342400
1994-02-18,47.1875,47.2188,46.7500,46.8750,26.3715,313300
1994-02-22,47.0000,47.3438,47.0000,47.3438,26.6353,154500
1994-02-23,47.4063,47.4375,47.0625,47.2188,26.5649,391700
1994-02-24,47.0625,47.0625,46.5625,46.5938,26.2133,770800
1994-02-25,46.6563,46.8125,46.5625,46.8125,26.3364,531300
1994-02-28,46.9375,47.0625,46.8125,46.8125,26.3364,333000
1994-03-01,46.8125,46.9063,46.3750,46.6250,26.2309,423600
1994-03-02,46.0313,46.6875,45.9063,46.6875,26.2661,581500
1994-03-03,46.6250,46.6250,46.4375,46.5625,26.1957,223200
1994-03-04,46.5625,46.8125,46.4063,46.6875,26.2661,595800
1994-03-07,46.8438,47.0000,46.8438,46.9375,26.4067,539800
1994-03-08,46.9688,46.9688,46.6875,46.7500,26.3012,880300
1994-03-09,46.8125,47.0000,46.5938,46.9688,26.4243,2500100
1994-03-10,46.9375,46.9375,46.4375,46.5938,26.2133,207400
1994-03-11,46.6563,46.9063,46.4063,46.8438,26.3540,576600
1994-03-14,47.0313,47.0313,46.8438,46.9063,26.3891,345900
1994-03-15,47.0000,47.0938,46.8438,46.8750,26.3715,748600
1994-03-16,46.9375,47.2500,46.7813,47.2500,26.5825,455500
1994-03-17,47.0938,47.3125,47.0938,47.2500,26.5825,133000
1994-03-18,46.7500,47.0313,46.7188,46.9688,26.5767,365500
1994-03-21,46.8125,46.9375,46.7188,46.8438,26.5060,324800
1994-03-22,46.8438,47.0625,46.7500,46.9688,26.5767,435700
1994-03-23,46.9375,47.0625,46.9063,46.9375,26.5590,698500
1994-03-24,46.7500,46.8438,46.1563,46.3750,26.2407,1200500
1994-03-25,46.4063,46.5313,45.9375,45.9375,25.9932,100900
1994-03-28,46.0000,46.0625,45.5938,46.0000,26.0286,1117200
1994-03-29,46.0000,46.0313,45.0938,45.0938,25.5158,338400
1994-03-30,45.1250,45.2500,44.4688,44.4688,25.1621,1123900
1994-03-31,44.4688,44.6875,43.5313,44.5938,25.2329,788800
1994-04-04,43.3438,44.0313,43.3438,43.9063,24.8438,2627300
1994-04-05,44.3438,44.8125,44.3438,44.8125,25.3566,1179000
1994-04-06,44.8750,44.9063,44.5000,44.8125,25.3566,516500
1994-04-07,44.7813,45.1250,44.5313,45.0313,25.4804,666100
1994-04-08,44.9375,44.9375,44.4688,44.6875,25.2859,242400
1994-04-11,44.8125,45.0625,44.7031,44.8750,25.3920,203300
1994-04-12,44.9219,45.0000,44.7188,44.8125,25.3566,1409200
1994-04-13,44.7969,44.9063,44.2500,44.5781,25.2240,364100
1994-04-14,44.5000,44.8281,44.4063,44.5938,25.2329,419900
1994-04-15,44.5781,44.7813,44.5156,44.5938,25.2329,387300
1994-04-18,44.6406,44.7656,44.1563,44.2969,25.0649,369100
1994-04-19,44.2500,44.5313,43.9844,44.3594,25.1002,472200
1994-04-20,44.4063,44.5156,44.0781,44.3125,25.0737,508000
1994-04-21,44.5000,44.9688,44.3438,44.9063,25.4097,200300
1994-04-22,45.0156,45.0469,44.7344,44.8594,25.3832,301800
1994-04-25,44.8438,45.3594,44.8438,45.3281,25.6484,394600
1994-04-26,45.2656,45.3438,45.1875,45.2813,25.6219,399000
1994-04-28,45.1875,45.2500,44.8125,44.9531,25.4362,287000
1994-04-29,44.8750,45.1563,44.8125,45.0938,25.5158,481900
1994-05-02,45.0938,45.7188,44.9375,45.3750,25.6749,275000
1994-05-03,45.3906,45.4063,45.0625,45.3281,25.6484,183400
1994-05-04,45.4219,45.4219,45.0781,45.2500,25.6042,401900
1994-05-05,45.2969,45.3750,45.1875,45.1875,25.5688,659800
1994-05-06,44.9688,44.9688,44.5938,44.7500,25.3213,216300
1994-05-09,44.6250,44.7500,44.2813,44.3594,25.1002,499300
1994-05-10,44.5781,44.8438,44.5469,44.7031,25.2948,583400
1994-05-11,44.6563,44.7188,44.1719,44.2969,25.0649,210600
1994-05-12,44.5781,44.6250,44.4063,44.5156,25.1887,305200
1994-05-13,44.6406,44.6406,44.2969,44.5156,25.1887,321300
1994-05-16,44.6094,44.7500,44.5156,44.5313,25.1975,450400
1994-05-17,44.5625,45.1875,44.5000,45.1875,25.5688,470200
1994-05-18,45.2188,45.6875,45.0156,45.5156,25.7545,824800
1994-05-19,45.4219,45.8594,45.4219,45.7344,25.8783,531000
1994-05-20,45.6563,45.6875,45.5000,45.5625,25.7810,370400
1994-05-23,45.5156,45.5313,45.3438,45.4844,25.7368,262700
1994-05-24,45.6094,45.8438,45.6094,45.6719,25.8429,549600
1994-05-25,45.5000,45.8281,45.3438,45.7969,25.9136,738200
1994-05-26,45.7813,45.9375,45.7344,45.8281,25.9313,369600
1994-05-27,45.7500,45.8750,45.6719,45.8750,25.9578,162000
1994-05-31,45.7344,45.9063,45.6563,45.8125,25.9225,160000
1994-06-01,45.7031,46.0156,45.5625,46.0156,26.0374,200500
1994-06-02,46.0469,46.0469,45.8906,45.9688,26.0109,55100
1994-06-03,46.0000,46.3906,45.8594,46.2344,26.1612,550400
1994-06-06,46.3281,46.4688,46.1875,46.2188,26.1523,99300
1994-06-07,46.1406,46.2188,46.0313,46.1563,26.1170,120600
1994-06-08,46.2656,46.2656,45.7813,45.7813,25.9048,131900
1994-06-09,45.9844,46.0313,45.8906,46.0313,26.0462,80500
1994-06-10,46.0781,46.2031,46.0781,46.1094,26.0905,83100
1994-06-13,46.0469,46.1875,46.0313,46.1719,26.1258,109700
1994-06-14,46.3125,46.5469,46.3125,46.5313,26.3292,161000
1994-06-15,46.5469,46.5625,46.3125,46.3438,26.2231,142800
1994-06-16,46.3438,46.4688,46.2969,46.4375,26.2761,44000
1994-06-17,46.1563,46.2031,45.8125,45.8750,26.1295,403800
1994-06-20,45.5469,45.6250,45.4375,45.4844,25.9070,137400
1994-06-21,45.4531,45.4531,44.9063,45.0938,25.6845,139200
1994-06-22,45.2188,45.4219,45.1719,45.2656,25.7824,279900
1994-06-23,45.3438,45.4063,44.9375,45.0000,25.6311,922500
1994-06-24,44.7813,44.7813,44.0000,44.0625,25.0971,353800
1994-06-27,44.2344,44.8281,44.0156,44.8281,25.5332,371200
1994-06-28,44.8438,44.8438,44.2500,44.6094,25.4086,5382300
1994-06-29,44.6719,45.0156,44.6250,44.7500,25.4887,311800
1994-06-30,44.8281,44.8438,44.3125,44.4688,25.3285,271900
1994-07-01,44.6875,44.6875,44.3750,44.5625,25.3819,406900
1994-07-05,44.6563,44.8594,44.5156,44.7969,25.5154,112000
1994-07-06,44.6250,44.8125,44.4688,44.7344,25.4798,174800
1994-07-07,44.7344,44.9219,44.6875,44.9219,25.5866,66700
1994-07-08,44.6406,44.9844,44.6250,44.9063,25.5777,148400
1994-07-11,44.9375,45.0156,44.5313,44.7500,25.4887,124000
1994-07-12,44.7656,44.8281,44.5156,44.8125,25.5243,257300
1994-07-13,44.8281,45.0313,44.8281,44.8906,25.5688,532700
1994-07-14,45.1094,45.4688,45.0781,45.3750,25.8447,494200
1994-07-15,45.3438,45.4844,45.3281,45.3906,25.8536,49100
1994-07-18,45.3906,45.5781,45.3906,45.4688,25.8981,72300
1994-07-19,45.5469,45.5625,45.3750,45.3750,25.8447,609500
1994-07-20,45.4063,45.4063,45.0625,45.1719,25.7290,185300
1994-07-21,45.1719,45.2969,45.0781,45.2656,25.7824,86300
1994-07-22,45.3750,45.4063,45.2500,45.3438,25.8269,151600
1994-07-25,45.3594,45.4531,45.3125,45.4063,25.8625,120900
1994-07-26,45.3906,45.4219,45.3125,45.3594,25.8358,489600
1994-07-27,45.3594,45.3594,45.1719,45.3594,25.8358,83200
1994-07-28,45.3594,45.5781,45.3594,45.4531,25.8892,828200
1994-07-29,45.7656,46.0469,45.7500,45.9063,26.1473,459100
1994-08-01,45.9375,46.1563,45.8906,46.1250,26.2719,486300
1994-08-02,46.2813,46.3750,46.0313,46.1875,26.3074,505500
1994-08-03,46.1719,46.2344,46.0938,46.2031,26.3163,144100
1994-08-04,46.1719,46.2188,45.9219,45.9375,26.1651,231700
1994-08-05,45.7031,45.8438,45.6563,45.7813,26.0760,138400
1994-08-08,45.8281,45.9375,45.7813,45.8906,26.1383,328600
1994-08-09,45.7188,45.9688,45.7188,45.9688,26.1829,105900
1994-08-10,46.0000,46.1875,45.9375,46.1406,26.2808,840300
1994-08-11,46.0313,46.2344,45.7344,45.9688,26.1829,876200
1994-08-12,46.0469,46.3438,46.0469,46.3281,26.3875,184100
1994-08-15,46.3750,46.4844,46.3125,46.3125,26.3786,325900
1994-08-16,46.3438,46.6875,46.1563,46.6406,26.5655,1089500
1994-08-17,46.7031,46.7344,46.5781,46.6094,26.5477,133700
1994-08-18,46.4531,46.5625,46.4063,46.4531,26.4587,620000
1994-08-19,46.4688,46.5156,46.3125,46.4219,26.4409,103200
1994-08-22,46.4375,46.4375,46.2813,46.3750,26.4142,79700
1994-08-23,46.5781,46.8594,46.5156,46.6406,26.5655,268600
1994-08-24,46.6875,47.1406,46.6719,47.1406,26.8503,254700
1994-08-25,47.0938,47.2031,46.8906,47.0156,26.7791,147400
1994-08-26,47.1250,47.7813,47.1250,47.6875,27.1618,339500
1994-08-29,47.8125,47.9844,47.6406,47.6563,27.1440,350300
1994-08-30,47.6406,47.8594,47.5781,47.7813,27.2152,36000
1994-08-31,47.7031,47.8906,47.5938,47.6563,27.1440,356200
1994-09-01,47.5000,47.5313,47.3281,47.5000,27.0550,294600
1994-09-02,47.7188,47.7188,47.2188,47.2969,26.9393,99600
1994-09-06,47.2656,47.3594,47.1250,47.3125,26.9482,229800
1994-09-07,47.4219,47.4219,47.2188,47.2656,26.9215,27900
1994-09-08,47.3594,47.5625,47.3438,47.5000,27.0550,284800
1994-09-09,47.0313,47.1250,46.8125,47.0000,26.7702,488400
1994-09-12,47.0000,47.0625,46.7813,46.8594,26.6901,129400
1994-09-13,46.9531,47.1250,46.8594,47.0000,26.7702,389200
1994-09-14,46.8438,47.1094,46.8438,47.0469,26.7969,423500
1994-09-15,47.1719,47.6406,47.1719,47.6406,27.1351,779800
1994-09-16,47.0000,47.1406,46.8438,47.0156,26.9420,571300
1994-09-19,47.1250,47.3281,47.0156,47.0625,26.9689,167300
1994-09-20,46.8125,46.8594,46.1719,46.1719,26.4585,355600
1994-09-21,46.3125,46.3125,45.7344,46.1719,26.4585,397500
1994-09-22,46.2813,46.2813,46.0156,46.0625,26.3958,266400
1994-09-23,46.0781,46.1719,45.8281,45.9063,26.3063,176600
1994-09-26,46.0781,46.1719,45.9844,46.1406,26.4406,223000
1994-09-27,46.1406,46.2656,46.0000,46.1094,26.4227,479500
1994-09-28,46.3594,46.5313,46.3281,46.4688,26.6286,324000
1994-09-29,46.4688,46.4688,46.0938,46.2344,26.4943,195900
1994-09-30,46.2188,46.4375,46.1719,46.1719,26.4585,5200
1994-10-03,46.2031,46.2500,45.9844,46.0625,26.3958,72600
1994-10-04,46.2969,46.2969,45.3438,45.3750,26.0019,84200
1994-10-05,45.2969,45.3906,45.0000,45.3906,26.0108,461900
1994-10-06,45.4219,45.4531,45.1719,45.2500,25.9302,345200
1994-10-07,45.2500,45.5781,45.2031,45.4531,26.0466,188700
1994-10-10,45.6563,46.0156,45.6406,45.9375,26.3242,213600
1994-10-11,46.1406,46.7500,46.1406,46.6250,26.7182,461400
1994-10-12,46.6875,46.7500,46.5781,46.6875,26.7540,162400
1994-10-13,47.2188,47.3281,46.7969,46.8438,26.8435,1564500
1994-10-14,47.0000,47.0625,46.6875,47.0469,26.9599,72800
1994-10-17,47.0000,47.0625,46.9063,46.9531,26.9062,282300
1994-10-18,46.9063,46.9063,46.6875,46.8438,26.8435,132100
1994-10-19,46.6719,47.2344,46.6563,47.0625,26.9689,136700
1994-10-20,47.0625,47.0625,46.6094,46.7500,26.7898,290300
1994-10-21,46.6250,46.6875,46.3594,46.5625,26.6823,87800
1994-10-24,46.5781,46.7656,46.1563,46.1719,26.4585,149600
1994-10-25,46.0156,46.3125,46.0000,46.2188,26.4854,91800
1994-10-26,46.3906,46.4375,46.1719,46.3906,26.5838,201000
1994-10-27,46.5625,46.6719,46.4531,46.6719,26.7450,210300
1994-10-28,46.7656,47.7031,46.7656,47.6563,27.3091,192100
1994-10-31,47.5469,47.5938,47.4688,47.4844,27.2106,36300
1994-11-01,47.2813,47.2813,46.9375,46.9531,26.9062,435200
1994-11-02,46.8125,47.2344,46.6875,46.6875,26.7540,115600
1994-11-03,46.8438,47.0156,46.7813,46.9375,26.8972,87000
1994-11-04,47.1563,47.1563,46.3281,46.3281,26.5480,124400
1994-11-07,46.4375,46.5938,46.3125,46.4688,26.6286,115000
1994-11-08,46.6250,46.9844,46.5469,46.8281,26.8346,308300
1994-11-09,47.3281,47.3281,46.5000,46.9063,26.8793,318500
1994-11-10,46.9375,47.0313,46.5469,46.5781,26.6913,172100
1994-11-11,46.5156,46.5625,46.2813,46.4063,26.5928,302200
1994-11-14,46.6094,46.8594,46.6094,46.8438,26.8435,181400
1994-11-15,46.7969,47.0938,46.3281,46.6875,26.7540,316900
1994-11-16,46.7656,46.8438,46.6094,46.8438,26.8435,106900
1994-11-17,46.8750,46.8750,46.3438,46.5313,26.6644,104700
1994-11-18,46.5469,46.6250,46.2656,46.4688,26.6286,269300
1994-11-21,46.4375,46.5781,46.0000,46.0000,26.3600,283100
1994-11-22,45.8281,46.0000,45.0000,45.0000,25.7870,483600
1994-11-23,45.0313,45.2656,44.6094,45.2500,25.9302,601600
1994-11-25,45.2813,45.5313,45.2813,45.4688,26.0556,77300
1994-11-28,45.4531,45.6875,45.3438,45.6719,26.1720,79900
1994-11-29,45.6563,45.7500,45.5000,45.6563,26.1630,105500
1994-11-30,45.8906,45.9531,45.5938,45.5938,26.1272,218800
1994-12-01,45.6406,45.6406,45.0469,45.1406,25.8676,439000
1994-12-02,45.0469,45.5625,45.0469,45.5625,26.1093,318500
1994-12-05,45.6563,45.8125,45.5000,45.6094,26.1362,139200
1994-12-06,45.4375,45.6563,45.3594,45.6406,26.1541,249900
1994-12-07,45.3594,45.5000,45.2656,45.3125,25.9660,531900
1994-12-08,45.5000,45.5625,44.7500,44.8750,25.7153,261500
1994-12-09,44.8750,45.0781,44.6875,45.0469,25.8138,235900
1994-12-12,44.9531,45.3438,44.9531,45.3438,25.9839,151100
1994-12-13,45.3125,45.5313,45.3125,45.5156,26.0824,70900
1994-12-14,45.4531,45.9531,45.4531,45.7500,26.2168,203300
1994-12-15,45.8125,46.0313,45.8125,45.8906,26.2973,130100
1994-12-16,45.6719,45.8438,45.6250,45.7500,26.4258,266100
1994-12-19,45.7500,45.8438,45.6094,45.8125,26.4619,1120200
1994-12-20,45.8594,45.8906,45.6719,45.6719,26.3806,675600
1994-12-21,45.7031,46.2656,45.7031,46.1563,26.6604,544500
1994-12-22,46.1563,46.2031,45.9688,46.0156,26.5792,222000
1994-12-23,45.9844,46.1719,45.9844,46.0625,26.6063,125800
1994-12-27,46.2188,46.4063,46.1875,46.3125,26.7507,95200
1994-12-28,46.3594,46.3594,45.9688,46.0781,26.6153,358200
1994-12-29,46.2500,46.2500,46.0625,46.1094,26.6333,220100
1994-12-30,46.2031,46.2500,45.5625,45.5625,26.3175,2209500
1995-01-03,45.7031,45.8438,45.6875,45.7813,26.4438,324300
1995-01-04,45.9844,46.0000,45.7500,46.0000,26.5702,351800
1995-01-05,46.0313,46.1094,45.9531,46.0000,26.5702,89800
1995-01-06,46.0938,46.2500,45.9063,46.0469,26.5972,448400
1995-01-09,46.0313,46.0938,46.0000,46.0938,26.6243,36800
1995-01-10,46.2031,46.3906,46.1406,46.1406,26.6514,229800
1995-01-11,46.2969,46.2969,45.8125,46.1719,26.6694,222400
1995-01-12,46.1250,46.2188,46.0313,46.1875,26.6785,40300
1995-01-13,46.4375,46.7344,46.3750,46.7344,26.9944,170600
1995-01-16,46.7188,47.0313,46.7188,47.0156,27.1568,105100
1995-01-17,46.9219,47.0625,46.8594,47.0313,27.1658,89500
1995-01-18,47.0000,47.0781,46.8750,46.9844,27.1388,84500
1995-01-19,46.8281,46.8750,46.6875,46.7188,26.9853,139100
1995-01-20,46.6563,46.6719,46.4531,46.5469,26.8861,78700
1995-01-23,46.2344,46.6875,46.2031,46.6875,26.9673,53700
1995-01-24,46.6719,46.7500,46.6406,46.7500,27.0034,32400
1995-01-25,46.5156,47.0469,46.5156,46.8750,27.0756,15700
1995-01-26,46.8438,46.9844,46.7500,46.9219,27.1027,9800
1995-01-27,47.2344,47.2344,46.9219,47.1094,27.2110,91200
1995-01-30,47.0156,47.0469,46.8438,46.9063,27.0936,26600
1995-01-31,47.0000,47.1719,46.9219,47.0938,27.2019,127500
1995-02-01,47.1563,47.3281,47.0000,47.0781,27.1929,380200
1995-02-02,47.0625,47.3594,47.0625,47.3594,27.3554,131700
1995-02-03,47.6563,48.1094,47.5781,48.0313,27.7435,405100
1995-02-06,48.0156,48.3750,47.9688,48.2344,27.8608,405400
1995-02-07,48.3125,48.3125,48.1406,48.2969,27.8969,702900
1995-02-08,48.2344,48.4688,48.2031,48.2969,27.8969,521500
1995-02-09,48.2188,48.2969,48.1250,48.2969,27.8969,390700
1995-02-10,48.2344,48.3594,48.0938,48.3594,27.9330,148300
1995-02-13,48.3281,48.4688,48.3281,48.3750,27.9420,79700
1995-02-14,48.5313,48.5313,48.2500,48.4375,27.9781,170200
1995-02-15,48.4375,48.7656,48.3906,48.7031,28.1315,431500
1995-02-16,48.6406,48.6875,48.5000,48.6406,28.0954,99300
1995-02-17,48.5938,48.6250,48.4375,48.4531,27.9871,49100
1995-02-21,48.4531,48.5313,48.4219,48.4375,27.9781,168000
1995-02-22,48.4844,48.7969,48.4531,48.7969,28.1857,386400
1995-02-23,48.9844,49.1563,48.8594,48.8750,28.2308,402800
1995-02-24,48.9375,49.0156,48.8125,49.0000,28.3030,307600
1995-02-27,48.8594,49.0000,48.5313,48.6094,28.0774,280900
1995-02-28,48.5625,49.0156,48.5625,49.0156,28.3120,493500
1995-03-01,48.9688,49.0313,48.6563,48.7031,28.1315,242600
1995-03-02,48.6875,48.7656,48.5469,48.7656,28.1677,488600
1995-03-03,48.6094,48.7813,48.4844,48.7813,28.1767,290000
1995-03-06,48.4531,48.8125,48.3906,48.8125,28.1947,85700
1995-03-07,48.6406,48.7500,48.2188,48.4375,27.9781,180900
1995-03-08,48.5156,48.6250,48.3438,48.5625,28.0503,155900
1995-03-09,48.5469,48.5938,48.4219,48.5469,28.0413,63500
1995-03-10,48.5938,49.3906,48.5313,49.2656,28.4565,192100
1995-03-13,49.2344,49.3906,49.1719,49.2188,28.4294,261300
1995-03-14,49.3594,49.6406,49.3594,49.5781,28.6369,223300
1995-03-15,49.5000,49.5781,49.2969,49.4844,28.5828,278500
1995-03-16,49.4375,49.8125,49.4375,49.7813,28.7543,20400
1995-03-17,49.4375,49.6250,49.4063,49.5625,28.7829,89900
1995-03-20,49.6250,49.6250,49.4688,49.5625,28.7829,91700
1995-03-21,49.5625,49.8750,49.3594,49.4375,28.7103,104400
1995-03-22,49.5313,49.5313,49.3281,49.4844,28.7375,74900
1995-03-23,49.4219,49.6563,49.3594,49.5156,28.7557,220500
1995-03-24,49.6719,50.2188,49.6719,50.2188,29.1640,134000
1995-03-27,50.2969,50.4219,50.1719,50.4219,29.2819,132100
1995-03-28,50.2969,50.4219,50.2344,50.4219,29.2819,121900
1995-03-29,50.3750,50.8906,50.1250,50.4063,29.2729,246100
1995-03-30,50.5156,50.5156,50.1094,50.3125,29.2184,298400
1995-03-31,49.9219,50.1719,49.5469,50.1094,29.1005,541300
1995-04-03,50.0938,50.2344,50.0625,50.2344,29.1731,193300
1995-04-04,50.2500,50.5625,50.2500,50.5625,29.3636,66900
1995-04-05,50.4531,50.6094,50.4219,50.5625,29.3636,107200
1995-04-06,50.6875,50.7969,50.5938,50.7500,29.4725,352500
1995-04-07,50.8594,50.8594,50.4688,50.7031,29.4453,361400
1995-04-10,50.6250,50.7969,50.5938,50.7969,29.4997,285400
1995-04-11,50.9219,50.9375,50.5938,50.6250,29.3999,250300
1995-04-12,50.7031,50.7969,50.6094,50.7969,29.4997,150900
1995-04-13,50.8906,51.0938,50.8594,51.0781,29.6631,243400
1995-04-17,51.2656,51.3125,50.6250,50.7813,29.4907,178900
1995-04-18,50.8281,50.8281,50.4844,50.6094,29.3909,329500
1995-04-19,50.6094,50.7188,50.2969,50.5625,29.3636,223000
1995-04-20,50.7031,50.7813,50.4375,50.6406,29.4090,207900
1995-04-21,50.6563,50.9063,50.6563,50.8906,29.5542,145000
1995-04-24,50.8594,51.4844,50.8594,51.4844,29.8990,169000
1995-04-25,51.4063,51.4844,51.3125,51.3438,29.8173,293200
1995-04-26,51.2500,51.4219,51.1250,51.3906,29.8445,204400
1995-04-27,51.3125,51.5469,51.2813,51.5156,29.9171,502200
1995-04-28,51.5000,51.6719,51.1719,51.5938,29.9625,130800
1995-05-01,51.5469,51.6563,51.4531,51.4531,29.8808,518700
1995-05-02,51.5000,51.6406,51.3906,51.5625,29.9443,228400
1995-05-03,51.7344,52.2813,51.7344,52.2813,30.3618,724700
1995-05-04,52.3438,52.6875,52.1250,52.2500,30.3436,311400
1995-05-05,52.4688,52.4688,52.0781,52.1875,30.3073,314900
1995-05-08,52.1406,52.7344,52.0938,52.5625,30.5251,183100
1995-05-09,52.7813,52.8438,52.4375,52.5156,30.4979,180600
1995-05-10,52.6563,52.6719,52.3281,52.5781,30.5342,330300
1995-05-11,52.6563,52.7188,52.4844,52.7188,30.6158,351700
1995-05-12,52.5156,52.8750,52.5000,52.7500,30.6340,94600
1995-05-15,52.8906,53.0000,52.7813,53.0000,30.7791,147200
1995-05-16,52.9844,53.1563,52.8906,53.0313,30.7973,221600
1995-05-17,53.0313,53.0469,52.7813,52.8281,30.6794,189200
1995-05-18,52.7344,52.7656,52.0625,52.0625,30.2347,577800
1995-05-19,51.9844,52.1875,51.9063,52.0938,30.2529,363900
1995-05-22,52.2656,52.7500,52.2344,52.6719,30.5886,216000
1995-05-23,52.7656,53.1563,52.6094,53.1563,30.8699,136800
1995-05-24,53.2500,53.4219,52.7969,53.1250,30.8518,370800
1995-05-25,52.9688,53.2188,52.7188,53.1719,30.8790,379900
1995-05-26,52.9688,52.9844,52.3594,52.5625,30.5251,518600
1995-05-30,52.6875,52.8281,52.3750,52.5469,30.5160,61500
1995-05-31,52.4531,53.6406,52.4531,53.6406,31.1512,564500
1995-06-01,53.4063,53.9063,53.2500,53.5000,31.0695,810100
1995-06-02,53.2813,53.9219,53.0938,53.5469,31.0968,112900
1995-06-05,53.5469,54.0469,53.5000,53.8750,31.2873,257200
1995-06-06,53.8281,54.0156,53.7813,53.7813,31.2329,165800
1995-06-07,53.6719,53.7031,53.4375,53.5000,31.0695,41900
1995-06-08,53.4844,53.6406,53.3750,53.3750,30.9969,141100
1995-06-09,53.2656,53.3281,52.7500,53.0625,30.8155,304900
1995-06-12,53.2344,53.5781,53.2031,53.3594,30.9879,378500
1995-06-13,53.6094,53.9688,53.5625,53.9375,31.3236,120000
1995-06-14,53.8594,53.9531,53.6875,53.8906,31.2964,389400
1995-06-15,53.9688,54.2344,53.8750,54.1250,31.4325,274500
1995-06-16,53.7031,53.9688,53.7031,53.9688,31.5258,325100
1995-06-19,54.1250,54.6094,54.0938,54.5781,31.8818,134600
1995-06-20,54.4219,54.6094,54.3906,54.4375,31.7996,287800
1995-06-21,54.6094,54.6563,54.4063,54.4063,31.7814,158200
1995-06-22,54.6406,55.1563,54.6406,55.1250,32.2012,297000
1995-06-23,55.0000,55.0313,54.8438,55.0156,32.1373,315400
1995-06-26,54.8594,54.9531,54.3594,54.3594,31.7540,132900
1995-06-27,54.3438,54.7031,54.2188,54.2500,31.6901,127700
1995-06-28,54.2500,54.7500,54.0781,54.5313,31.8544,212600
1995-06-29,54.5313,54.6719,54.0625,54.4375,31.7996,89200
1995-06-30,54.5469,54.7344,54.2969,54.4063,31.7814,714100
1995-07-03,54.4688,54.6094,54.4688,54.6094,31.9001,9500
1995-07-05,54.7656,55.0625,54.6406,54.8125,32.0187,409300
1995-07-06,54.8281,55.5156,54.7188,55.5156,32.4294,202500
1995-07-07,55.4063,55.7813,55.3750,55.7656,32.5755,481700
1995-07-10,55.8125,55.9531,55.7031,55.7969,32.5937,400400
1995-07-11,55.7500,55.7969,55.4531,55.5313,32.4386,420500
1995-07-12,55.6406,56.3125,55.5313,56.2188,32.8401,203400
1995-07-13,56.1406,56.2656,56.0313,56.0938,32.7671,215600
1995-07-14,55.7969,56.0938,55.7500,56.0469,32.7398,543700
1995-07-17,56.1250,56.4219,56.0781,56.3594,32.9223,171500
1995-07-18,56.2656,56.2656,55.8281,55.8750,32.6394,221200
1995-07-19,55.6563,55.7188,54.2031,55.2656,32.2834,486600
1995-07-20,55.3281,55.5781,55.0313,55.4688,32.4021,318900
1995-07-21,55.4219,55.6250,55.1875,55.4063,32.3655,94000
1995-07-24,55.4844,55.8750,55.4844,55.8125,32.6028,108400
1995-07-25,55.8750,56.3125,55.7031,56.2344,32.8493,107400
1995-07-26,56.2031,56.4688,56.1719,56.1875,32.8219,167800
1995-07-27,56.4531,56.7031,56.4531,56.6563,33.0957,187700
1995-07-28,56.7031,56.7031,56.2500,56.2969,32.8858,415600
1995-07-31,56.3438,56.3906,56.0313,56.1563,32.8036,342500
1995-08-01,56.2344,56.2344,55.7500,56.0625,32.7489,141000
1995-08-02,56.3906,56.7969,55.8438,55.9375,32.6758,240400
1995-08-03,55.5469,55.9531,55.4531,55.9219,32.6667,1193600
1995-08-04,56.0313,56.0781,55.9219,55.9844,32.7032,240500
1995-08-07,56.1094,56.2813,56.0781,56.1094,32.7763,193100
1995-08-08,56.1406,56.3125,55.9375,56.1094,32.7763,951900
1995-08-09,56.2969,56.2969,56.0469,56.0938,32.7671,107100
1995-08-10,56.1563,56.2813,55.7344,55.9688,32.6941,280800
1995-08-11,55.9219,55.9844,55.4219,55.6563,32.5116,257200
1995-08-14,55.7969,56.1563,55.6719,56.1563,32.8036,254800
1995-08-15,56.1406,56.1406,55.6563,56.0469,32.7398,44400
1995-08-16,56.0000,56.2031,55.9375,56.2031,32.8310,374900
1995-08-17,56.2344,56.2344,55.9063,56.1094,32.7763,353800
1995-08-18,56.3906,56.4063,56.1250,56.1719,32.8128,85400
1995-08-21,56.4063,56.6406,56.0000,56.0156,32.7215,266700
1995-08-22,56.0938,56.2188,55.8125,56.1250,32.7854,220200
1995-08-23,56.1719,56.2031,55.9219,55.9219,32.6667,176500
1995-08-24,55.9375,56.0938,55.7500,55.9844,32.7032,167400
1995-08-25,56.0781,56.3906,56.0781,56.2969,32.8858,195000
1995-08-28,56.4531,56.4531,56.0000,56.0938,32.7671,293000
1995-08-29,56.1563,56.2500,55.7656,56.2344,32.8493,1133100
1995-08-30,56.2813,56.4219,56.2188,56.3594,32.9223,437400
1995-08-31,56.3438,56.5000,56.2969,56.4063,32.9497,491900
1995-09-01,56.3906,56.7500,56.3438,56.6563,33.0957,629900
1995-09-05,56.8281,57.2188,56.7344,57.1875,33.4060,272200
1995-09-06,57.2344,57.3594,57.2188,57.2969,33.4699,214500
1995-09-07,57.3594,57.3906,57.2500,57.3281,33.4882,258800
1995-09-08,57.5469,57.5469,57.1719,57.5469,33.6160,107300
1995-09-11,57.6406,57.8125,57.6406,57.7031,33.7073,260700
1995-09-12,57.7188,57.9688,57.5781,57.9688,33.8624,139500
1995-09-13,57.9063,58.3125,57.8906,58.2344,34.0176,239800
1995-09-14,58.4375,58.8125,58.2813,58.7656,34.3279,457600
1995-09-15,58.4063,58.5781,58.2031,58.4375,34.3184,431200
1995-09-18,58.2344,58.2656,57.9375,58.2188,34.1900,307500
1995-09-19,58.3281,58.5313,58.1250,58.5000,34.3551,549600
1995-09-20,58.5938,58.7813,58.5469,58.7813,34.5203,290800
1995-09-21,58.7031,58.7500,58.0625,58.2969,34.2358,508500
1995-09-22,57.8281,58.3750,57.7813,58.3125,34.2450,449900
1995-09-25,58.3750,58.3750,58.0156,58.2188,34.1900,130000
1995-09-26,58.3906,58.5313,58.0625,58.2031,34.1808,466600
1995-09-27,57.9531,58.1875,57.5938,58.1563,34.1533,654400
1995-09-28,58.2031,58.5938,58.1563,58.5938,34.4102,456200
1995-09-29,58.5469,58.9063,58.4063,58.4844,34.3460,606600
1995-10-02,58.4844,58.6250,58.0469,58.1875,34.1716,293100
1995-10-03,58.1875,58.3438,57.9531,58.2500,34.2083,839700
1995-10-04,58.2813,58.2813,58.1094,58.1875,34.1716,248800
1995-10-05,58.2500,58.3594,58.0938,58.3594,34.2726,268800
1995-10-06,58.3906,58.5781,58.3906,58.4063,34.3001,75300
1995-10-09,58.1875,58.2188,57.8125,57.9219,34.0156,358200
1995-10-10,57.3281,57.8906,57.2656,57.8906,33.9973,360800
1995-10-11,58.0938,58.0938,57.8750,58.0781,34.1074,228100
1995-10-12,58.1250,58.4688,58.1250,58.4375,34.3184,199800
1995-10-13,58.7031,58.8594,58.6250,58.6250,34.4285,488100
1995-10-16,58.4531,58.5625,58.3438,58.3438,34.2634,443600
1995-10-17,58.4063,58.7969,58.2969,58.7344,34.4928,146000
1995-10-18,59.0156,59.0938,58.7188,58.9063,34.5937,228100
1995-10-19,58.8750,59.1875,58.7969,59.1875,34.7589,500600
1995-10-20,59.1406,59.1875,58.8281,58.8281,34.5478,748400
1995-10-23,58.5469,58.8125,58.5469,58.7031,34.4744,533000
1995-10-24,58.7813,58.8438,58.6250,58.7656,34.5111,172200
1995-10-25,58.8125,58.8906,58.2813,58.2813,34.2267,302700
1995-10-26,58.3750,58.4219,57.2813,57.7500,33.9147,606800
1995-10-27,57.6875,58.1875,57.4219,58.1875,34.1716,905800
1995-10-30,58.3281,58.5938,58.3281,58.5625,34.3918,488700
1995-10-31,58.7188,58.8438,58.3125,58.3125,34.2450,508200
1995-11-01,58.2813,58.7813,58.2344,58.7813,34.5203,415700
1995-11-02,58.6875,59.1563,58.6875,59.1563,34.7405,326000
1995-11-03,59.2344,59.2500,59.0625,59.2344,34.7864,615000
1995-11-06,59.2188,59.2188,59.0156,59.0313,34.6671,311200
1995-11-07,59.0000,59.0000,58.6250,58.8125,34.5387,358200
1995-11-08,58.8906,59.3750,58.8906,59.3438,34.8507,357200
1995-11-09,59.5781,59.5781,59.2813,59.5625,34.9791,503700
1995-11-10,59.2344,59.6094,59.2188,59.5313,34.9607,795600
1995-11-13,59.4219,59.6563,59.3125,59.4688,34.9241,818500
1995-11-14,59.3594,59.4844,59.0781,59.0781,34.6947,341800
1995-11-15,59.1406,59.6875,59.1094,59.6719,35.0433,584700
1995-11-16,59.6719,60.0625,59.6563,60.0000,35.2360,577700
1995-11-17,60.0938,60.2031,60.0156,60.1875,35.3462,267000
1995-11-20,60.2813,60.2969,59.8594,59.8750,35.1626,448800
1995-11-21,59.9375,60.3594,59.9219,60.3594,35.4471,119200
1995-11-22,60.3125,60.3750,60.1719,60.1719,35.3370,351600
1995-11-24,60.2344,60.3281,60.1875,60.3281,35.4287,62400
1995-11-27,60.4531,60.6406,60.3438,60.3438,35.4379,273000
1995-11-28,60.2969,60.9844,60.1563,60.9844,35.8141,479000
1995-11-29,61.0938,61.0938,60.8438,61.0469,35.8508,549200
1995-11-30,61.0469,61.2031,60.8438,60.9063,35.7683,286200
1995-12-01,60.9844,61.0781,60.8438,60.9844,35.8141,465200
1995-12-04,61.1250,61.7344,61.0469,61.7344,36.2546,631700
1995-12-05,61.6719,62.2031,61.6250,62.1406,36.4932,567700
1995-12-06,62.2969,62.5313,62.0000,62.2813,36.5757,272800
1995-12-07,62.2031,62.2813,61.9063,61.9531,36.3830,289700
1995-12-08,62.2188,62.2344,61.7656,62.1563,36.5023,296900
1995-12-11,62.2813,62.5469,62.1563,62.4219,36.6583,186500
1995-12-12,62.1406,62.3594,62.1406,62.2344,36.5482,299400
1995-12-13,62.3125,62.7031,62.3125,62.6250,36.7776,390700
1995-12-14,62.6875,62.7969,62.0156,62.1719,36.5115,395000
1995-12-15,61.8750,61.8750,61.5938,61.8125,36.5249,416700
1995-12-18,61.2656,61.2656,60.6094,60.6250,35.8232,862300
1995-12-19,60.6563,61.3438,60.5781,61.2656,36.2017,1022600
1995-12-20,61.4531,61.5156,60.6719,60.6719,35.8509,1349800
1995-12-21,61.0313,61.1719,60.7500,60.9844,36.0355,857600
1995-12-22,61.3125,61.3750,61.1406,61.2031,36.1648,332800
1995-12-26,61.4531,61.5313,61.3281,61.5000,36.3402,432200
1995-12-27,61.6563,61.6563,61.3594,61.4688,36.3218,151800
1995-12-28,61.3438,61.6563,61.2500,61.4063,36.2848,256200
1995-12-29,61.4688,61.5313,61.2500,61.4844,36.3310,339200
1996-01-02,61.4063,62.1406,61.3438,62.1406,36.7188,514400
1996-01-03,62.3438,62.5000,62.0000,62.3125,36.8203,610300
1996-01-04,62.3906,62.6250,61.2188,61.7188,36.4695,1129700
1996-01-05,61.3125,61.7500,61.1719,61.5938,36.3956,302400
1996-01-08,61.8125,61.9063,61.7344,61.8281,36.5341,179900
1996-01-09,62.0156,62.0625,60.6250,60.7656,35.9063,415500
1996-01-10,60.6875,60.8125,59.6406,59.9688,35.4354,787700
1996-01-11,60.0625,60.3281,59.7813,60.3281,35.6478,513200
1996-01-12,60.4844,60.5000,59.6719,60.2344,35.5924,390400
1996-01-15,60.2500,60.4531,59.8594,60.1094,35.5185,154200
1996-01-16,60.4063,60.8906,59.8906,60.8438,35.9525,454600
1996-01-17,60.7031,61.1250,60.4531,60.6563,35.8417,407600
1996-01-18,60.8906,60.9063,60.3750,60.8594,35.9617,425600
1996-01-19,60.8594,61.4219,60.7969,61.2656,36.2017,169800
1996-01-22,61.2188,61.4219,61.1094,61.2813,36.2110,288200
1996-01-23,61.2500,61.4219,61.1250,61.4219,36.2941,362200
1996-01-24,61.5156,62.0469,61.4844,61.9219,36.5895,1506500
1996-01-25,61.9688,62.0000,61.6250,61.7031,36.4603,298400
1996-01-26,61.6563,62.2656,61.5781,62.2344,36.7742,726300
1996-01-29,62.1875,62.4844,62.1406,62.4844,36.9219,254800
1996-01-30,62.6094,63.1406,62.5313,63.0156,37.2358,272100
1996-01-31,63.0000,63.6875,62.9688,63.6719,37.6236,498000
1996-02-01,63.6094,63.9063,63.5625,63.9063,37.7621,373900
1996-02-02,63.8750,64.0156,63.5000,63.6406,37.6051,496200
1996-02-05,63.5313,64.2500,63.4375,64.1563,37.9098,295300
1996-02-06,64.1875,64.8281,64.0938,64.7656,38.2699,301600
1996-02-07,64.7500,65.1406,64.6875,65.1406,38.4915,585100
1996-02-08,65.0469,65.9063,64.9219,65.8438,38.9070,1526600
1996-02-09,65.8125,66.3750,65.5156,65.8281,38.8977,804600
1996-02-12,65.9531,66.6250,65.8906,66.3281,39.1932,626500
1996-02-13,66.0469,66.6875,66.0000,66.1875,39.1101,1045900
1996-02-14,66.1406,66.3594,65.5781,65.6094,38.7684,431400
1996-02-15,65.4688,65.9063,65.1250,65.2031,38.5284,889500
1996-02-16,65.0781,65.2344,64.7344,64.9375,38.3714,606100
1996-02-20,64.4375,64.6250,63.8750,64.2969,37.9929,492300
1996-02-21,64.4219,65.1406,64.4219,65.0938,38.4638,434000
1996-02-22,65.4531,66.3281,65.4063,66.1250,39.0731,721400
1996-02-23,66.5000,66.6094,65.3281,65.9375,38.9623,1430400
1996-02-26,65.7500,65.8906,64.9688,65.0000,38.4084,1408400
1996-02-27,65.1563,65.1719,64.5000,64.7969,38.2883,601000
1996-02-28,65.3125,65.7344,64.5000,64.5000,38.1129,865900
1996-02-29,64.1250,64.9531,63.8750,63.8750,37.7436,914300
1996-03-01,64.6406,64.8906,63.6094,64.8906,38.3437,1452600
1996-03-04,65.0313,65.6563,64.8125,65.2656,38.5653,652600
1996-03-05,65.1094,65.8750,65.0781,65.8750,38.9254,402000
1996-03-06,65.7813,65.9688,65.2969,65.2969,38.5838,624700
1996-03-07,65.4219,65.6563,65.2344,65.6250,38.7777,534200
1996-03-08,64.1875,64.8750,62.0000,63.5000,37.5220,2289900
1996-03-11,63.2500,64.3281,63.0625,64.2344,37.9560,1511400
1996-03-12,63.8125,64.0469,62.9063,63.7344,37.6605,1385300
1996-03-13,64.1563,64.4375,63.7969,64.1719,37.9190,1019300
1996-03-14,64.2656,64.8125,64.2344,64.4531,38.0852,725600
1996-03-15,64.0625,64.3281,63.7500,64.1250,38.0596,869200
1996-03-18,64.7188,65.3594,64.5781,65.3594,38.7923,917600
1996-03-19,65.9375,65.9375,65.0000,65.2188,38.7088,858300
1996-03-20,65.5313,65.5313,64.6406,65.1406,38.6624,744300
1996-03-21,65.2188,65.2500,64.7656,64.9844,38.5697,650800
1996-03-22,65.0156,65.3281,64.9375,65.1563,38.6717,344500
1996-03-25,65.7500,65.8125,64.8594,65.0313,38.5975,802400
1996-03-26,64.9219,65.5156,64.8594,65.3438,38.7830,969400
1996-03-27,65.4375,65.4844,64.6875,64.7500,38.4306,809600
1996-03-28,64.5156,65.0313,64.5000,65.0000,38.5790,1001300
1996-03-29,65.1875,65.1875,64.3750,64.6875,38.3935,457700
1996-04-01,65.0000,65.4531,64.7969,65.4375,38.8386,773400
1996-04-02,65.5156,65.5625,65.2969,65.5625,38.9128,638800
1996-04-03,65.3281,65.6094,65.1719,65.5625,38.9128,288000
1996-04-04,65.5625,65.7188,65.5000,65.5156,38.8850,934900
1996-04-08,63.8750,64.3906,63.5938,64.3906,38.2173,2217200
1996-04-09,64.6406,64.6406,64.0156,64.1406,38.0689,1180900
1996-04-10,64.0313,64.3125,62.7500,63.0000,37.3919,939500
1996-04-11,63.1563,63.4688,62.1250,62.9219,37.3456,1276000
1996-04-12,63.3594,63.8125,63.1719,63.7188,37.8185,411300
1996-04-15,64.0469,64.3281,63.8438,64.2500,38.1338,484200
1996-04-16,64.3750,64.6563,64.2344,64.4375,38.2451,429700
1996-04-17,64.3750,64.5625,63.8438,64.2813,38.1524,525300
1996-04-18,64.4375,64.5781,64.0938,64.3750,38.2080,818600
1996-04-19,64.6875,64.8594,64.4219,64.5313,38.3008,885100
1996-04-22,65.1250,65.2813,64.5938,65.0313,38.5975,828900
1996-04-23,64.9219,65.2813,64.7813,65.2344,38.7181,225400
1996-04-24,65.5625,65.5625,64.8594,65.0000,38.5790,699000
1996-04-25,65.1406,65.5625,64.7500,65.2969,38.7552,475500
1996-04-26,65.4688,65.8125,65.2344,65.4375,38.8386,563300
1996-04-29,65.1563,65.5625,65.1563,65.4375,38.8386,219900
1996-04-30,65.4375,65.5625,65.1250,65.3906,38.8108,184400
1996-05-01,65.3750,65.7969,65.2813,65.5313,38.8943,561900
1996-05-02,65.0156,65.3750,64.0938,64.4063,38.2265,1299600
1996-05-03,64.7813,64.9844,63.7500,64.3125,38.1709,1329300
1996-05-06,64.5625,64.5625,63.6875,64.2500,38.1338,647500
1996-05-07,64.2500,64.2500,63.7656,63.9844,37.9762,582100
1996-05-08,63.6719,64.7813,63.0781,64.7813,38.4491,1694700
1996-05-09,64.5625,65.0625,64.5000,64.7344,38.4213,593400
1996-05-10,65.3750,65.5938,65.0625,65.3750,38.8015,925100
1996-05-13,65.5313,66.6406,65.4688,66.3594,39.3858,867500
1996-05-14,66.6250,66.9375,66.5625,66.7656,39.6269,632300
1996-05-15,66.7813,67.3125,66.6406,66.6875,39.5805,466100
1996-05-16,66.3125,66.9375,66.2813,66.8281,39.6640,514400
1996-05-17,67.0000,67.2969,67.0000,67.1875,39.8773,427700
1996-05-20,67.6563,67.7500,66.9844,67.6406,40.1462,788500
1996-05-21,67.7500,67.8750,67.5000,67.5469,40.0906,352700
1996-05-22,67.6250,68.1875,67.3906,68.1875,40.4708,1218100
1996-05-23,68.2813,68.4375,67.5313,67.9063,40.3039,967900
1996-05-24,67.9688,68.3281,67.9375,68.1719,40.4615,659100
1996-05-28,68.3750,68.3750,67.3125,67.4844,40.0535,456400
1996-05-29,67.6250,67.6875,66.8125,67.0313,39.7845,649600
1996-05-30,66.9375,67.7188,66.7500,67.3750,39.9886,895800
1996-05-31,67.3594,67.6406,66.8750,66.8750,39.6918,923500
1996-06-03,66.8906,67.1094,66.7031,67.0625,39.8031,503100
1996-06-04,67.3750,67.5938,67.2500,67.5313,40.0813,627100
1996-06-05,67.5625,68.2031,67.4219,68.1250,40.4337,428000
1996-06-06,68.5000,68.5000,67.5000,67.6250,40.1369,523300
1996-06-07,66.1875,67.6406,66.1875,67.6250,40.1369,1422800
1996-06-10,67.5313,67.7344,67.2969,67.4063,40.0071,548800
1996-06-11,67.6563,68.0313,67.3438,67.3438,39.9700,688700
1996-06-12,67.5625,67.7344,67.1094,67.2188,39.8958,1120600
1996-06-13,67.3750,67.4688,66.8281,67.2188,39.8958,1502000
1996-06-14,67.2500,67.2500,66.7188,66.9375,39.7289,1468200
1996-06-17,66.9688,67.2188,66.7188,66.8906,39.7011,1101000
1996-06-18,66.8438,67.0313,66.3281,66.3438,39.3765,718000
1996-06-19,66.6563,67.0000,66.4219,66.6406,39.5527,552100
1996-06-20,66.7031,66.9219,66.1875,66.5938,39.5249,1234400
1996-06-21,66.5625,66.8125,66.3750,66.8125,39.8648,573300
1996-06-24,66.9688,67.2188,66.8438,66.9375,39.9394,416500
1996-06-25,67.1250,67.1719,66.7813,66.8594,39.8928,454400
1996-06-26,66.7813,66.9219,66.3906,66.4063,39.6225,838200
1996-06-27,66.4063,67.0469,66.1563,66.8750,39.9021,1090500
1996-06-28,67.1563,67.5000,66.9688,67.1094,40.0420,1060800
1996-07-01,67.2813,67.7031,67.1875,67.6875,40.3869,471300
1996-07-02,67.6250,67.6406,67.3281,67.4375,40.2378,389400
1996-07-03,67.4063,67.5000,67.0625,67.2969,40.1539,308300
1996-07-05,66.1250,66.4375,65.3750,65.5781,39.1283,842900
1996-07-08,65.6250,65.9844,65.1250,65.3125,38.9698,942000
1996-07-09,65.6094,65.8125,65.3750,65.5781,39.1283,716300
1996-07-10,65.5625,65.8438,64.9219,65.8438,39.2868,1132300
1996-07-11,65.5625,65.6875,63.8750,64.5156,38.4944,1587400
1996-07-12,64.6250,64.9063,64.0781,64.5625,38.5223,1312000
1996-07-15,64.7188,64.7188,62.6563,62.6563,37.3849,1951300
1996-07-16,62.8438,63.5000,60.3750,62.8125,37.4782,4141000
1996-07-17,63.7500,64.0000,63.0000,63.5625,37.9257,1340500
1996-07-18,63.7500,64.5469,63.3281,64.4375,38.4478,1432500
1996-07-19,64.2813,64.3750,63.6250,63.9688,38.1681,1216000
1996-07-22,63.5313,63.7500,63.0156,63.5000,37.8884,519800
1996-07-23,63.5938,63.9375,62.5781,62.6875,37.4036,1479800
1996-07-24,61.9375,63.1875,61.6250,62.8125,37.4782,2463400
1996-07-25,63.4375,63.5625,63.1250,63.3750,37.8138,1989800
1996-07-26,63.5625,63.8125,63.3906,63.7188,38.0189,642300
1996-07-29,63.6250,63.7188,62.9375,63.0156,37.5994,1297900
1996-07-30,63.4375,63.6875,62.9375,63.6250,37.9629,1868200
1996-07-31,63.6719,64.2656,63.5156,64.0938,38.2426,767100
1996-08-01,64.1563,65.3906,64.0625,65.1563,38.8766,1168600
1996-08-02,66.0000,66.5938,65.7500,66.5625,39.7157,1098500
1996-08-05,66.5781,66.5938,65.9688,66.1719,39.4826,710200
1996-08-06,66.1563,66.5156,65.7969,66.3750,39.6038,640000
1996-08-07,66.6250,66.7500,66.1250,66.5469,39.7064,917800
1996-08-08,66.5625,66.5625,66.1875,66.4375,39.6411,925100
1996-08-09,66.6719,66.7656,66.0625,66.2188,39.5106,648800
1996-08-12,66.2500,66.8594,66.0000,66.7031,39.7996,764200
1996-08-13,66.5781,66.6250,66.0000,66.1719,39.4826,805200
1996-08-14,66.1875,66.4688,66.0000,66.4063,39.6225,533800
1996-08-15,66.2344,66.6250,66.2031,66.2813,39.5479,632600
1996-08-16,66.4688,66.8750,66.4688,66.8438,39.8835,475100
1996-08-19,66.8594,66.9219,66.6250,66.8750,39.9021,436400
1996-08-20,66.8906,66.9063,66.6719,66.8281,39.8741,645700
1996-08-21,66.6563,66.8125,66.3750,66.5938,39.7343,266400
1996-08-22,66.7500,67.3438,66.7188,67.2188,40.1072,584800
1996-08-23,67.0938,67.2031,66.6406,66.8594,39.8928,757100
1996-08-26,66.7031,66.7813,66.4219,66.5313,39.6970,784700
1996-08-27,66.7188,66.8438,66.5000,66.7813,39.8462,389400
1996-08-28,66.9375,67.0000,66.6563,66.6719,39.7809,227600
1996-08-29,66.5938,66.5938,65.6250,66.0156,39.3894,680200
1996-08-30,66.0000,66.0156,65.1250,65.3281,38.9792,1500900
1996-09-03,64.4688,65.8438,64.3750,65.7500,39.2309,1782000
1996-09-04,65.7500,66.7500,65.4844,65.8125,39.2682,930200
1996-09-05,65.5000,65.7656,65.0156,65.0156,38.7927,616600
1996-09-06,65.2500,66.1719,65.1406,65.9375,39.3427,804900
1996-09-09,66.1875,66.7344,66.0781,66.7188,39.8089,719200
1996-09-10,66.6250,66.9063,66.3750,66.6875,39.7902,669900
1996-09-11,66.5625,67.1250,66.4063,67.0625,40.0140,713500
1996-09-12,67.2500,67.7344,67.1563,67.5313,40.2937,713300
1996-09-13,68.3125,68.6250,68.1250,68.5625,40.9090,2008800
1996-09-16,68.6563,69.1563,68.5625,68.8125,41.0582,1220200
1996-09-17,68.8750,68.9844,68.2344,68.6563,40.9649,604700
1996-09-18,68.5625,68.7500,68.2188,68.4844,40.8624,225500
1996-09-19,68.3750,68.7969,68.2813,68.7500,41.0209,410000
1996-09-20,68.5938,68.7813,68.3750,68.6406,41.1664,948400
1996-09-23,68.4688,68.7500,68.1563,68.6250,41.1570,466800
1996-09-24,68.5625,69.2500,68.3125,68.6094,41.1477,1269800
1996-09-25,68.9375,68.9375,68.5000,68.6563,41.1758,1353300
1996-09-26,68.7500,69.1875,68.3906,68.6250,41.1570,773200
1996-09-27,68.7188,68.7188,68.3750,68.6875,41.1945,407600
1996-09-30,68.7813,69.0625,68.5781,68.6250,41.1570,578200
1996-10-01,68.7031,69.0469,68.4375,69.0000,41.3819,561400
1996-10-02,69.2500,69.5938,69.1563,69.4688,41.6630,609000
1996-10-03,69.5000,69.5313,69.2031,69.4063,41.6256,342200
1996-10-04,69.6875,70.3438,69.5000,70.3438,42.1878,754100
1996-10-07,70.3125,70.6250,70.2500,70.4219,42.2346,235100
1996-10-08,70.4531,70.6875,70.0156,70.1406,42.0660,386200
1996-10-09,70.2500,70.3750,69.5156,69.5938,41.7380,528800
1996-10-10,69.5938,69.8594,69.3750,69.4531,41.6537,1562200
1996-10-11,69.7188,70.3125,69.7188,70.3125,42.1691,331300
1996-10-14,70.3125,70.6875,70.2969,70.4063,42.2253,201600
1996-10-15,71.1250,71.1250,69.9531,70.3125,42.1691,776900
1996-10-16,70.5000,70.6563,69.9375,70.6563,42.3752,590100
1996-10-17,70.8750,71.0313,70.5469,70.8438,42.4877,792500
1996-10-18,70.8750,71.3125,70.7188,71.2188,42.7126,695800
1996-10-21,71.2813,71.6250,70.9375,71.1250,42.6564,879200
1996-10-22,71.0625,71.0781,70.5938,70.6250,42.3565,848900
1996-10-23,70.4688,70.8906,70.1875,70.8594,42.4970,735900
1996-10-24,70.8594,70.9844,70.2188,70.2500,42.1316,379300
1996-10-25,70.2344,70.5625,70.1250,70.3125,42.1691,568300
1996-10-28,70.3750,70.7344,69.8125,69.8438,41.8880,975400
1996-10-29,70.0625,70.5781,69.7031,70.4063,42.2253,815900
1996-10-30,70.6250,70.6250,70.0938,70.1719,42.0847,495400
1996-10-31,70.2656,70.8750,70.1875,70.8438,42.4877,726300
1996-11-01,70.9844,71.1563,70.2656,70.5938,42.3378,821300
1996-11-04,70.6875,71.0625,70.5313,71.0625,42.6189,1608400
1996-11-05,71.2969,71.7969,71.2813,71.4688,42.8625,764000
1996-11-06,71.5938,72.8750,71.5313,72.8438,43.6872,1665000
1996-11-07,72.6250,73.2969,72.5313,73.0156,43.7902,1446300
1996-11-08,73.0313,73.4375,72.7500,73.4219,44.0339,1355700
1996-11-11,73.2500,73.5156,73.2188,73.3438,43.9870,655900
1996-11-12,73.5469,73.5938,73.0156,73.1250,43.8558,719900
1996-11-13,73.2031,73.5625,73.0156,73.4531,44.0526,481900
1996-11-14,73.1875,73.9375,73.1563,73.9375,44.3431,558800
1996-11-15,74.1250,74.5000,73.7188,74.0313,44.3994,2250900
1996-11-18,74.1719,74.2500,73.7344,74.0469,44.4087,1518200
1996-11-19,74.1406,74.5938,74.0313,74.5781,44.7273,1029300
1996-11-20,74.5625,75.0156,74.3125,74.7031,44.8023,730000
1996-11-21,74.7969,74.8438,74.3750,74.5938,44.7367,653000
1996-11-22,74.7031,75.2500,74.7031,75.1719,45.0834,965100
1996-11-25,75.2500,76.1563,75.0781,76.1250,45.6550,2058800
1996-11-26,76.2813,76.6875,75.4688,75.8750,45.5051,2861800
1996-11-27,76.0625,76.1875,75.6406,75.7344,45.4208,872000
1996-11-29,76.0000,76.2188,75.8594,76.0156,45.5895,1073400
1996-12-02,75.9219,76.1250,75.3906,76.0469,45.6082,1350600
1996-12-03,76.0625,76.5781,74.7500,74.7500,44.8304,1777800
1996-12-04,74.8750,75.0625,74.0938,74.9531,44.9523,2365100
1996-12-05,74.8438,75.1406,74.5313,74.7500,44.8304,1697700
1996-12-06,73.2500,74.7500,72.6563,74.3125,44.5680,3401800
1996-12-09,74.6875,75.4219,74.5781,75.4063,45.2240,1864600
1996-12-10,75.5625,75.6719,74.9688,75.0469,45.0085,1331600
1996-12-11,73.6250,74.6250,73.3125,74.3594,44.5961,1847900
1996-12-12,74.7813,74.8750,72.9375,73.1250,43.8558,2540200
1996-12-13,73.0625,73.5781,72.4063,73.3125,43.9683,1678300
1996-12-16,73.5000,73.6875,72.0625,72.3750,43.4060,1831100
1996-12-17,72.1563,73.2813,71.8750,72.9531,43.7528,2023200
1996-12-18,73.3750,73.7656,73.2656,73.5313,44.0995,1666800
1996-12-19,74.1875,75.1250,73.8906,75.0469,45.0085,2269300
1996-12-20,75.1250,75.7188,74.7500,74.8438,45.1072,1543200
1996-12-23,75.0938,75.2031,74.3281,74.6563,44.9942,1263700
1996-12-24,74.8438,75.2031,74.7969,75.2031,45.3238,633000
1996-12-26,75.4375,75.8281,75.3750,75.7813,45.6722,1384300
1996-12-27,75.7813,76.0313,75.5000,75.8750,45.7287,410400
1996-12-30,76.1250,76.1250,75.1563,75.2188,45.3332,694100
1996-12-31,75.2813,75.3750,73.8438,73.8438,44.5046,1378100
1997-01-02,74.3750,74.3750,72.7500,74.0313,44.6176,2031900
1997-01-03,74.3750,75.1250,74.0781,75.0938,45.2579,2123200
1997-01-06,75.0938,75.4375,74.3125,74.4375,44.8624,1374100
1997-01-07,74.4375,75.4688,74.1250,75.3438,45.4086,939000
1997-01-08,75.7500,75.7813,74.6875,74.6875,45.0131,1802200
1997-01-09,75.0625,75.8750,74.9375,75.3125,45.3897,1415700
1997-01-10,74.2500,76.2500,74.2500,76.1250,45.8794,2369500
1997-01-13,76.5000,76.5000,75.6406,76.0156,45.8135,1364600
1997-01-14,76.6875,77.3906,76.5000,76.9688,46.3880,2111200
1997-01-15,76.7188,77.2031,76.3750,76.7813,46.2749,1583900
1997-01-16,77.0313,77.2969,76.5000,77.0938,46.4633,1308400
1997-01-17,77.2031,77.7500,77.1094,77.5625,46.7458,1604000
1997-01-20,77.7500,78.0938,77.4688,77.6563,46.8023,1889900
1997-01-21,77.3750,78.5469,77.1094,78.2813,47.1790,2785800
1997-01-22,78.3125,78.8438,77.8750,78.8438,47.5180,1201600
1997-01-23,79.0625,79.6875,76.9063,77.7500,46.8588,2601100
1997-01-24,77.8750,77.9063,76.7500,76.7500,46.2561,2176000
1997-01-27,76.8750,77.2344,76.3750,76.5313,46.1243,2108500
1997-01-28,77.6250,77.8438,76.0000,76.7500,46.2561,4376000
1997-01-29,76.8750,77.5000,76.5938,77.5000,46.7081,1122700
1997-01-30,77.8750,78.5313,77.4063,78.5000,47.3108,2126300
1997-01-31,78.9375,79.4063,78.3750,78.4063,47.2543,3208100
1997-02-03,78.7188,78.8906,78.3594,78.6406,47.3956,755000
1997-02-04,78.7500,79.2031,78.4375,79.1250,47.6875,654100
1997-02-05,79.2344,79.4688,77.1250,77.6406,46.7929,2255400
1997-02-06,77.7813,78.2031,77.4063,78.1563,47.1036,2483100
1997-02-07,78.8125,79.2500,77.7813,79.2188,47.7440,2321000
1997-02-10,79.2500,79.5313,78.4219,78.4688,47.2920,1670000
1997-02-11,78.7813,79.3750,78.1250,79.3750,47.8382,1664300
1997-02-12,79.3750,80.6406,79.2656,80.5000,48.5162,2675400
1997-02-13,80.8125,81.5625,80.6875,81.3750,49.0435,1104800
1997-02-14,81.1875,81.4688,80.9063,81.1875,48.9305,1112900
1997-02-18,81.3438,81.9375,80.7500,81.8750,49.3449,833100
1997-02-19,81.6563,82.0000,81.1563,81.3281,49.0153,648100
1997-02-20,81.0313,81.3594,80.1563,80.3438,48.4220,1193900
1997-02-21,80.4063,80.7656,80.1406,80.3750,48.4408,1844400
1997-02-24,79.9688,81.3750,79.9688,81.3281,49.0153,787300
1997-02-25,81.4063,81.5313,80.8750,81.3906,49.0529,1653900
1997-02-26,81.3125,81.4375,79.6250,80.5938,48.5727,1597800
1997-02-27,80.8125,80.8125,79.3750,79.3906,47.8476,1813100
1997-02-28,79.2500,79.8750,79.0625,79.1563,47.7063,2961200
1997-03-03,78.7500,79.7500,78.6875,79.6875,48.0265,1210400
1997-03-04,79.9063,80.1250,79.0938,79.2500,47.7628,1478700
1997-03-05,79.7188,80.5938,79.4531,80.5938,48.5727,1254800
1997-03-06,80.6250,80.9063,79.8750,80.1250,48.2902,1528500
1997-03-07,80.4375,81.1563,80.2500,80.8438,48.7233,1859300
1997-03-10,80.9375,81.6875,80.5469,81.6875,49.2319,1074900
1997-03-11,81.7500,81.7969,81.2500,81.2500,48.9682,624600
1997-03-12,81.3125,81.3438,80.2969,80.5313,48.5350,1055600
1997-03-13,80.2500,80.4688,79.0625,79.2813,47.7816,2514100
1997-03-14,79.6406,80.0313,79.2500,79.6875,48.0265,1642700
1997-03-17,79.2500,80.0313,78.4375,79.9063,48.1583,3013500
1997-03-18,80.0000,80.1094,78.7188,79.0469,47.6404,1352500
1997-03-19,78.8438,79.5000,78.0625,78.7813,47.4803,1510000
1997-03-20,78.7500,79.0000,77.8750,78.3750,47.2355,1808200
1997-03-21,78.6875,78.7500,78.3438,78.4375,47.4542,2810600
1997-03-24,78.5000,79.5781,78.0938,79.5313,48.1159,2145600
1997-03-25,79.3438,79.9688,78.5313,78.7500,47.6432,2125800
1997-03-26,79.0625,79.6563,78.6875,79.0938,47.8512,1335300
1997-03-27,79.3750,79.3750,76.1563,77.0000,46.5845,2898500
1997-03-31,76.9063,77.1250,75.2500,75.3750,45.6014,4270700
1997-04-01,75.2500,76.1875,75.0469,75.8594,45.8944,3210900
1997-04-02,75.6250,75.9375,74.4375,74.5000,45.0720,2672700
1997-04-03,74.4375,75.1250,74.1875,74.9063,45.3178,2284200
1997-04-04,74.5000,75.8594,74.1563,75.8438,45.8850,3706700
1997-04-07,76.1875,76.6250,76.1406,76.1406,46.0646,2596200
1997-04-08,76.1250,76.7813,75.8438,76.6875,46.3955,1822700
1997-04-09,77.0000,77.0469,75.8438,76.0625,46.0173,2453200
1997-04-10,76.0938,76.5469,75.6875,75.7813,45.8471,1996500
1997-04-11,75.0625,75.3125,73.3750,73.3750,44.3914,4221600
1997-04-14,73.7344,74.4531,73.3125,74.3594,44.9869,3988500
1997-04-15,75.2500,75.6406,74.5000,75.6250,45.7526,2760400
1997-04-16,75.3750,76.6094,75.2500,76.5000,46.2820,2273300
1997-04-17,76.5000,77.0000,76.0000,76.1875,46.0929,1386000
1997-04-18,76.8125,76.9844,76.2500,76.5625,46.3198,1702100
1997-04-21,76.7500,76.9063,75.4688,76.0625,46.0173,2809400
1997-04-22,76.1094,77.7344,76.0000,77.7344,47.0288,3215000
1997-04-23,77.6563,78.0313,77.1875,77.8125,47.0760,2047700
1997-04-24,78.0469,78.2813,76.8750,77.4219,46.8397,2689900
1997-04-25,77.0625,77.2031,76.4219,76.5313,46.3009,1606200
1997-04-28,76.5000,77.8125,76.3750,77.2813,46.7547,1666500
1997-04-29,78.5938,79.7813,78.2969,79.7188,48.2293,3197400
1997-04-30,79.2500,80.6875,79.2188,80.0938,48.4562,3372200
1997-05-01,80.2188,80.5313,79.3125,80.0000,48.3995,2149500
1997-05-02,80.2813,81.6719,80.0625,81.4375,49.2692,1448300
1997-05-05,81.6563,83.5625,81.2969,83.3750,50.4413,3636200
1997-05-06,82.9688,83.4688,82.5000,83.3125,50.4035,1721100
1997-05-07,83.0000,83.0000,81.4063,81.5000,49.3070,2327200
1997-05-08,81.3125,83.2188,81.1875,82.0625,49.6473,2923700
1997-05-09,82.9688,83.1250,81.6563,82.6250,49.9876,2558200
1997-05-12,82.9375,84.2500,82.8750,84.0000,50.8195,2357900
1997-05-13,83.9375,84.0938,83.0156,83.6563,50.6115,1195100
1997-05-14,84.2344,84.5000,83.4375,83.8125,50.7060,2772000
1997-05-15,83.8125,84.5938,83.5156,84.3750,51.0463,884100
1997-05-16,84.1250,84.3125,83.0000,83.2188,50.3468,1934200
1997-05-19,83.3125,83.9063,83.0625,83.4688,50.4980,1375800
1997-05-20,83.2813,84.6875,82.7500,84.4688,51.1030,1756400
1997-05-21,84.6875,84.9844,83.6563,84.2813,50.9896,1208000
1997-05-22,84.3750,84.4688,83.5625,84.0000,50.8195,907600
1997-05-23,84.3750,85.2188,84.1563,84.7813,51.2921,644400
1997-05-27,84.3750,85.5313,84.2656,85.1250,51.5001,1531000
1997-05-28,85.1250,85.4531,84.5156,85.1094,51.4906,716700
1997-05-29,85.0938,85.2500,84.5000,84.6094,51.1881,1282700
1997-05-30,83.2188,85.5625,83.1250,85.1563,51.5190,2143300
1997-06-02,85.3438,85.5000,84.7188,84.7813,51.2921,1479100
1997-06-03,84.4063,85.4375,84.3438,84.5000,51.1219,1562100
1997-06-04,84.5313,84.7500,84.0781,84.4063,51.0653,1063100
1997-06-05,84.5938,85.3125,84.4219,84.7188,51.2543,1180800
1997-06-06,84.5938,86.4375,84.5938,86.3750,52.2563,1511100
1997-06-09,86.4375,86.8750,86.3438,86.8125,52.5210,1823400
1997-06-10,86.8438,87.4063,86.5000,87.0781,52.6817,1217500
1997-06-11,87.0000,87.4063,86.8281,87.2813,52.8046,1673800
1997-06-12,87.8750,89.0000,87.5625,88.9688,53.8255,4273300
1997-06-13,89.0625,90.0000,88.9063,89.7188,54.2792,2132900
1997-06-16,89.7500,90.0000,89.4688,89.7500,54.2982,800400
1997-06-17,89.4375,90.2344,88.9375,89.6250,54.2225,2048100
1997-06-18,89.1250,89.6250,88.9688,89.3125,54.0335,1971900
1997-06-19,89.6094,90.5000,89.3750,90.2344,54.5912,2029900
1997-06-20,89.9375,90.3438,89.5000,89.5781,54.4052,1396900
1997-06-23,89.4063,89.9063,87.3438,87.4063,53.0861,3991500
1997-06-24,88.2500,89.8750,88.0000,89.6250,54.4337,4895100
1997-06-25,89.4844,90.2500,87.9375,89.0000,54.0541,4708900
1997-06-26,88.8438,89.6250,87.6875,88.5625,53.7884,2569900
1997-06-27,88.9688,89.7188,88.6875,88.9063,53.9972,2617900
1997-06-30,88.9063,89.4688,87.8750,88.3125,53.6365,2384900
1997-07-01,88.5000,89.5625,88.3906,89.3438,54.2628,1749000
1997-07-02,89.5625,90.8125,89.2188,90.8125,55.1549,1961800
1997-07-03,91.8750,92.1563,91.4688,92.0625,55.9141,2539100
1997-07-07,92.3750,92.5000,90.9063,91.1250,55.3447,1158600
1997-07-08,91.2500,92.1875,91.1875,92.0781,55.9236,3396500
1997-07-09,92.3125,92.3750,90.0313,91.0625,55.3067,5390300
1997-07-10,91.1250,91.8438,90.4844,91.4688,55.5535,2072200
1997-07-11,91.5938,92.1875,91.3750,91.7813,55.7433,2258900
1997-07-14,91.8906,92.3125,91.2188,92.0625,55.9141,3186400
1997-07-15,92.3125,92.7656,91.4688,92.5313,56.1988,2983100
1997-07-16,93.1250,94.0938,92.8906,93.7500,56.9390,2621300
1997-07-17,93.6250,93.8125,92.7813,93.2813,56.6543,1794800
1997-07-18,93.0156,93.2188,91.0625,91.2969,55.4491,3961900
1997-07-21,91.2813,91.5938,90.6875,91.3125,55.4586,3810300
1997-07-22,91.6875,93.7969,91.6250,93.7344,56.9295,4243400
1997-07-23,93.9375,94.4844,93.5313,93.6563,56.8820,3204300
1997-07-24,93.9375,94.2656,92.6875,94.0938,57.1478,4152700
1997-07-25,94.5625,94.8125,93.6250,94.0313,57.1098,2364800
1997-07-28,94.2500,94.5625,93.5000,93.9688,57.0718,2794700
1997-07-29,93.6250,94.4688,93.4219,94.2813,57.2617,2737100
1997-07-30,94.5000,95.6250,94.4063,95.4063,57.9449,4839800
1997-07-31,95.4063,96.0313,95.0313,95.3125,57.8880,2138700
1997-08-01,95.5000,95.7188,93.8125,94.9375,57.6602,7077700
1997-08-04,94.7813,95.5469,94.4063,95.1875,57.8121,2339500
1997-08-05,95.0938,95.6875,94.9063,95.2500,57.8500,1466700
1997-08-06,95.4375,96.5313,95.0625,96.0313,58.3245,2478200
1997-08-07,96.5000,96.6250,95.1250,95.3125,57.8880,3641900
1997-08-08,94.3125,94.7500,92.4063,93.3750,56.7112,7113100
1997-08-11,93.7500,94.2813,92.6250,94.0625,57.1288,6355900
1997-08-12,94.2188,94.5469,92.4688,92.5625,56.2177,6132500
1997-08-13,93.6875,93.8438,91.4688,92.2813,56.0469,6982300
1997-08-14,93.0938,93.3125,91.7188,92.6250,56.2557,3462700
1997-08-15,92.1250,92.1250,89.6250,89.7813,54.5286,4907100
1997-08-18,90.3750,91.7813,89.3438,91.7813,55.7433,5638900
1997-08-19,92.2188,92.9063,91.5313,92.8438,56.3886,3802800
1997-08-20,92.9375,94.3125,92.6094,94.2500,57.2426,3564600
1997-08-21,94.1250,94.2500,92.0938,92.5938,56.2367,5392600
1997-08-22,91.0000,92.7344,90.5625,92.5625,56.2177,8087800
1997-08-25,92.7813,93.4063,91.8438,92.2188,56.0090,3888000
1997-08-26,92.0000,92.5625,90.7031,90.8594,55.1834,4290000
1997-08-27,91.0000,91.9688,90.4063,91.4063,55.5155,5484300
1997-08-28,91.1875,91.9375,90.0000,90.0156,54.6709,4287900
1997-08-29,90.1250,91.1094,89.7188,90.3750,54.8892,2652300
1997-09-02,90.6875,93.3594,90.5938,93.3125,56.6732,7294000
1997-09-03,93.2969,94.0000,92.7500,92.8125,56.3696,2812500
1997-09-04,93.0625,93.7188,92.7500,93.4063,56.7302,2473700
1997-09-05,93.9688,94.4375,92.5938,93.1406,56.5689,3663300
1997-09-08,93.7188,94.0000,93.3125,93.5469,56.8156,803500
1997-09-09,93.2188,94.2813,92.9063,93.5938,56.8441,1885200
1997-09-10,93.1250,93.5000,91.6563,91.6563,55.6673,3623700
1997-09-11,91.7813,91.9063,90.2500,91.1875,55.3826,7055900
1997-09-12,92.0000,92.9688,90.9375,92.6563,56.2747,6708000
1997-09-15,92.6563,93.3125,92.1875,92.5000,56.1798,2060500
1997-09-16,93.3125,95.2813,93.0313,94.8125,57.5843,6979000
1997-09-17,95.3750,95.5000,94.5000,94.8125,57.5843,2220000
1997-09-18,95.0000,96.3750,94.9688,95.2188,57.8310,5045400
1997-09-19,94.6563,95.3594,94.4063,95.0313,57.9289,1566400
1997-09-22,95.5000,96.2031,95.2188,95.5625,58.2527,3259000
1997-09-23,95.5625,95.7031,94.7500,95.1250,57.9860,1872800
1997-09-24,95.3750,96.1094,94.2813,94.3438,57.5098,2793100
1997-09-25,94.2500,94.7500,93.6250,93.6875,57.1097,6327800
1997-09-26,94.4375,94.8125,94.1875,94.4688,57.5860,3995800
1997-09-29,94.5000,95.5625,94.1563,95.3750,58.1384,2065000
1997-09-30,95.0000,95.6875,94.3750,94.3750,57.5289,4137600
1997-10-01,95.2500,95.8125,94.7813,95.6250,58.2908,3567500
1997-10-02,95.5313,96.1875,95.3125,96.1563,58.6147,2577500
1997-10-03,97.4688,97.7500,95.3438,96.6406,58.9099,6499900
1997-10-06,97.3125,97.6094,96.9063,97.2813,59.3004,2272100
1997-10-07,97.5313,98.5000,97.2031,98.1875,59.8528,1832800
1997-10-08,98.3594,98.3750,96.7344,97.5000,59.4338,4439400
1997-10-09,96.7813,97.6094,96.2188,97.1563,59.2242,3607600
1997-10-10,96.3125,96.9844,96.2500,96.8750,59.0528,2858100
1997-10-13,97.3438,97.5469,96.7188,96.9688,59.1099,1760300
1997-10-14,97.4688,97.5000,96.1875,97.0000,59.1290,2235700
1997-10-15,96.3125,97.0625,96.2813,96.7813,58.9956,2601700
1997-10-16,97.3125,97.5000,95.0000,95.2500,58.0622,9488100
1997-10-17,95.0156,95.3750,93.0000,94.2813,57.4717,8151300
1997-10-20,94.8438,95.7500,94.1563,95.6250,58.2908,3636400
1997-10-21,96.2188,97.5000,96.0313,97.4844,59.4242,5225400
1997-10-22,97.3438,97.3906,96.5313,96.8438,59.0337,4485200
1997-10-23,94.9375,95.7500,94.2813,94.9375,57.8717,8054100
1997-10-24,96.1563,96.1563,93.6719,94.0000,57.3002,6778700
1997-10-27,93.0156,93.9375,86.8438,87.1875,53.1475,10840700
1997-10-28,84.3750,92.8750,84.3750,92.2188,56.2144,19548000
1997-10-29,92.5000,93.7500,91.2813,91.9688,56.0620,10134400
1997-10-30,90.6250,92.5625,89.7500,89.9375,54.8238,9772900
1997-10-31,91.8125,92.5000,90.4375,92.0625,56.1192,7072700
1997-11-03,93.1875,94.3750,92.8750,94.0000,57.3002,5548500
1997-11-04,93.8750,94.4375,93.2813,94.0000,57.3002,3455700
1997-11-05,94.1875,95.2813,93.8438,94.3125,57.4907,4774900
1997-11-06,94.0313,94.3438,93.5000,93.9531,57.2717,3679800
1997-11-07,92.3750,93.2500,91.4375,92.9375,56.6526,10606800
1997-11-10,93.6250,93.8438,92.0000,92.3750,56.3097,4347900
1997-11-11,92.6875,93.0625,92.0313,92.4063,56.3287,3212400
1997-11-12,91.6250,92.7188,90.3750,90.5000,55.1667,6775300
1997-11-13,91.4688,92.1563,90.0938,91.8125,55.9668,8589600
1997-11-14,92.3125,93.3906,91.6094,93.0625,56.7288,5827900
1997-11-17,94.3750,95.3125,94.0313,94.7813,57.7765,5149900
1997-11-18,94.8125,95.0938,93.8906,94.1875,57.4145,3433600
1997-11-19,93.6875,95.0625,92.7500,94.6563,57.7003,4387900
1997-11-20,95.3125,96.5313,95.2813,96.0938,58.5765,4822700
1997-11-21,96.6250,96.8125,95.6563,96.7500,58.9766,5436500
1997-11-24,96.0000,96.3438,94.6250,95.0000,57.9098,4337200
1997-11-25,95.6250,95.8125,94.6563,95.2500,58.0622,4525000
1997-11-26,95.8750,95.9844,95.3125,95.5313,58.2336,2681100
1997-11-28,95.7500,96.2500,95.5938,95.6250,58.2908,1564700
1997-12-01,96.2188,98.0938,96.0313,98.0938,59.7957,4850900
1997-12-02,97.6875,97.9844,97.2500,97.5000,59.4338,1974900
1997-12-03,97.6250,98.5313,96.8750,97.7813,59.6052,3302500
1997-12-04,98.5000,98.7188,97.3750,97.6875,59.5480,2872500
1997-12-05,97.3750,99.0000,97.1250,98.9375,60.3100,3458800
1997-12-08,98.9688,99.0000,98.2500,98.6563,60.1386,2289200
1997-12-09,98.2188,98.5938,97.6250,98.0625,59.7767,1703000
1997-12-10,97.5625,97.8438,96.4688,97.2188,59.2623,3558400
1997-12-11,96.3125,96.5938,95.3125,95.5625,58.2527,5072800
1997-12-12,96.4375,96.5000,94.9063,95.7500,58.3670,4478400
1997-12-15,96.2500,97.1094,95.8750,96.7188,58.9575,4674700
1997-12-16,97.2188,97.8125,96.8750,97.3125,59.3194,2885800
1997-12-17,97.8438,97.8750,96.7031,96.8125,59.0147,2236300
1997-12-18,96.9375,96.9375,95.2188,95.8750,58.4432,4658300
1997-12-19,94.5313,95.8750,92.3750,94.7813,58.0064,8556000
1997-12-22,95.4375,95.9063,94.5625,95.3906,58.3793,5136800
1997-12-23,95.4375,95.6250,93.5313,93.6875,57.3370,4436500
1997-12-24,94.4375,94.4375,93.2500,93.4063,57.1649,2019200
1997-12-26,94.1250,94.1250,93.4063,93.7813,57.3944,941800
1997-12-29,94.5938,95.7188,94.4375,95.6250,58.5227,2080000
1997-12-30,95.9375,97.2500,95.8438,97.1250,59.4407,3616000
1997-12-31,96.8750,97.6250,96.6875,97.0625,59.4025,4359500
1998-01-02,97.3125,97.6563,96.5313,97.5625,59.7085,2360900
1998-01-05,97.8438,98.4375,96.7813,97.7813,59.8424,4191800
1998-01-06,97.2500,97.2813,96.1875,96.2188,58.8861,3154900
1998-01-07,96.0938,96.7188,95.2188,96.4688,59.0391,4424200
1998-01-08,96.3125,96.3125,95.3750,95.6250,58.5227,3831000
1998-01-09,95.2500,95.5000,91.9063,92.3125,56.4955,10258800
1998-01-12,91.1250,94.1875,90.9063,94.0000,57.5282,12097900
1998-01-13,94.6250,95.3750,94.2188,95.3125,58.3315,5224900
1998-01-14,95.6875,95.9688,94.7188,95.7500,58.5993,3770400
1998-01-15,95.5000,95.7500,94.8125,94.9531,58.1115,2875400
1998-01-16,96.2500,96.6875,95.6563,96.3125,58.9435,4374800
1998-01-20,96.6875,98.0156,96.5000,97.8750,59.8997,5091700
1998-01-21,97.2188,97.6875,96.1563,96.9375,59.3260,4699400
1998-01-22,96.1563,96.8750,95.8750,96.0781,58.8001,4543400
1998-01-23,96.5000,96.7813,95.0000,95.9375,58.7140,6350300
1998-01-26,96.3750,96.7344,95.4063,95.8750,58.6757,4362900
1998-01-27,95.8125,97.5000,95.6563,96.8438,59.2687,7044200
1998-01-28,97.4063,98.1094,97.1875,97.7188,59.8041,4268600
1998-01-29,97.8438,99.5625,97.5625,98.2500,60.1293,8007700
1998-01-30,98.7813,98.9688,98.0000,98.3125,60.1675,3649100
1998-02-02,99.9063,100.5000,99.7500,99.9375,61.1620,5756300
1998-02-03,100.0000,100.8125,99.7188,100.6875,61.6210,2759600
1998-02-04,100.2813,101.1563,99.9375,100.5625,61.5445,3374000
1998-02-05,101.3125,101.5938,100.0313,100.5000,61.5063,5076200
1998-02-06,101.0000,101.6250,100.6875,101.6250,62.1948,5701200
1998-02-09,101.7188,101.7500,100.7188,101.2813,61.9844,2322200
1998-02-10,101.4375,102.4688,101.1875,102.2500,62.5773,3660400
1998-02-11,102.0938,102.3438,101.7031,102.1563,62.5199,4073200
1998-02-12,101.7188,102.9375,100.8750,102.5938,62.7876,5024700
1998-02-13,102.1875,102.5156,101.8750,102.0000,62.4242,2101300
1998-02-17,102.8125,103.0938,102.1563,102.5000,62.7303,3055500
1998-02-18,102.3125,103.4844,102.2813,103.4375,63.3040,3007400
1998-02-19,103.2500,103.4063,102.7500,102.8906,62.9693,3387800
1998-02-20,103.1563,103.7188,102.3750,103.6563,63.4379,3707000
1998-02-23,104.2500,104.2500,103.3438,104.0625,63.6866,3227800
1998-02-24,103.9063,104.0938,102.9375,103.2500,63.1893,3386800
1998-02-25,103.7500,104.8750,103.6250,104.5313,63.9734,3481800
1998-02-26,104.4375,105.2188,104.1875,105.1250,64.3368,3187600
1998-02-27,104.9688,105.5313,104.5313,105.1250,64.3368,3442900
1998-03-02,105.2500,105.7500,104.6250,104.9063,64.2029,4252300
1998-03-03,104.5313,105.6250,104.5313,105.5000,64.5663,3349200
1998-03-04,105.0938,105.4063,104.4375,104.8125,64.1456,4404100
1998-03-05,103.5000,104.4375,103.1563,103.8438,63.5526,7268000
1998-03-06,104.5625,105.9375,104.4375,105.9375,64.8340,6896300
1998-03-09,105.5313,106.2188,105.2500,105.5625,64.6045,3362800
1998-03-10,106.2188,106.8438,105.9375,106.5625,65.2165,5481900
1998-03-11,106.9688,107.3125,106.7813,107.0625,65.5225,3439600
1998-03-12,107.0938,107.5938,106.5000,107.5000,65.7903,3191300
1998-03-13,107.8438,108.0000,106.8750,107.0938,65.5417,2879400
1998-03-16,107.8438,108.3750,107.5313,108.2500,66.2493,3223600
1998-03-17,108.3125,108.5625,107.6563,108.5625,66.4405,4581900
1998-03-18,108.2500,108.9688,108.0313,108.9688,66.6891,1944100
1998-03-19,108.9688,109.3750,108.6563,109.2500,66.8613,2554800
1998-03-20,109.5625,110.1875,108.8750,109.8750,67.4370,3123300
1998-03-23,109.7188,110.3125,109.4063,109.6250,67.2835,4453100
1998-03-24,110.0625,110.8125,109.9375,110.5625,67.8589,3333600
1998-03-25,111.4063,111.5313,109.1875,110.1563,67.6096,4597600
1998-03-26,109.8750,110.7500,109.6250,110.0938,67.5713,3333500
1998-03-27,110.7500,110.7813,109.0000,109.6250,67.2835,2611300
1998-03-30,109.6250,110.0938,108.9688,109.5625,67.2452,3108700
1998-03-31,110.1563,111.1875,109.7500,109.9375,67.4754,5926500
1998-04-01,110.3125,111.0781,109.4063,110.8281,68.0220,2929000
1998-04-02,110.9375,112.2500,110.7500,112.0313,68.7604,3920900
1998-04-03,112.3438,112.8125,111.8438,112.5938,69.1057,3787600
1998-04-06,113.2500,113.3750,111.6875,111.6875,68.5495,4550500
1998-04-07,111.7500,111.9375,110.1563,110.9375,68.0891,5583700
1998-04-08,111.2188,111.2813,109.7500,110.3125,67.7055,4854800
1998-04-09,110.5625,111.2813,110.5313,111.1875,68.2426,4481200
1998-04-13,111.3750,111.3750,110.0000,110.8750,68.0508,4350200
1998-04-14,111.1250,111.8125,110.9063,111.8125,68.6261,3279100
1998-04-15,111.9688,112.1250,111.1563,112.1250,68.8179,3867200
1998-04-16,111.3125,111.5000,110.5000,110.8125,68.0124,7177900
1998-04-17,110.7188,112.4375,110.4375,112.2813,68.9139,5688800
1998-04-20,112.0000,112.5625,111.8750,112.2500,68.8947,3688300
1998-04-21,112.4375,113.1563,111.9063,112.7813,69.2207,4573200
1998-04-22,112.8750,113.4375,112.8125,113.0938,69.4126,2386100
1998-04-23,112.6250,113.0000,111.7500,112.0000,68.7412,5062000
1998-04-24,111.7500,112.4688,110.3438,110.8125,68.0124,11039700
1998-04-27,109.3750,109.6875,107.6250,108.7188,66.7273,14510200
1998-04-28,109.7813,109.8125,108.1250,108.5625,66.6314,6511400
1998-04-29,109.0313,109.9688,108.4375,109.3125,67.0917,7703100
1998-04-30,110.5625,111.9219,110.4063,111.3438,68.3384,8684500
1998-05-01,111.7500,112.5938,111.3125,112.5938,69.1057,4008800
1998-05-04,112.7188,113.3125,112.1563,112.3125,68.9330,4537200
1998-05-05,112.0000,112.1563,111.1250,111.5313,68.4536,5146400
1998-05-06,112.1250,112.1250,110.1875,110.2188,67.6480,5526100
1998-05-07,110.5000,110.5625,109.3438,109.3438,67.1109,6940400
1998-05-08,110.0000,111.3750,110.0000,111.1250,68.2042,7951000
1998-05-11,111.5625,112.2188,110.3750,110.7500,67.9740,6336300
1998-05-12,110.8125,111.9688,110.3438,111.9375,68.7029,6045200
1998-05-13,112.0625,112.5625,111.5938,112.2188,68.8755,4441500
1998-05-14,111.5313,112.6875,111.3438,111.6563,68.5303,4187500
1998-05-15,112.0000,112.2188,110.8125,111.0313,68.1467,6716100
1998-05-18,110.7188,111.5938,109.8281,110.5938,67.8781,4847200
1998-05-19,111.0000,111.6875,110.7813,111.3438,68.3384,5918700
1998-05-20,112.0938,112.5000,110.8750,112.4063,68.9906,5716600
1998-05-21,112.3750,112.7813,111.3125,111.6875,68.5495,6301500
1998-05-22,111.7500,112.0625,110.9375,111.2500,68.2809,4862200
1998-05-26,112.0938,112.0938,109.1875,109.4688,67.1877,6899300
1998-05-27,108.5313,109.9063,107.5781,109.6250,67.2835,10202600
1998-05-28,109.8750,110.3750,109.0625,110.1250,67.5904,4907600
1998-05-29,110.6250,110.8125,109.0313,109.0313,66.9191,4772600
1998-06-01,108.9688,110.2188,108.5625,109.5313,67.2260,6092200
1998-06-02,110.0000,110.3438,109.1563,109.6250,67.2835,6701100
1998-06-03,109.8750,110.1875,107.8750,107.8750,66.2095,6445100
1998-06-04,108.2500,110.0625,108.0625,109.8750,67.4370,6566300
1998-06-05,110.3750,112.0000,109.8750,112.0000,68.7412,8463200
1998-06-08,111.9375,112.4688,111.6563,111.8750,68.6645,4159900
1998-06-09,111.7188,112.4219,111.4063,112.2188,68.8755,2725300
1998-06-10,111.6250,113.0625,111.2500,111.5000,68.4344,6186900
1998-06-11,111.4375,111.8750,109.3750,109.4063,67.1493,8056600
1998-06-12,109.8750,110.4375,108.2500,110.4375,67.7822,9779000
1998-06-15,108.8125,109.9063,107.5000,107.5313,65.9985,10234200
1998-06-16,108.4063,109.2188,107.7500,109.1875,67.0150,7471500
1998-06-17,110.1563,111.7813,109.9375,111.4688,68.4152,12057700
1998-06-18,111.1875,111.4375,110.7500,110.9688,68.1083,3844600
1998-06-19,111.0625,111.2344,109.6250,110.0625,67.7670,3549100
1998-06-22,110.2500,111.0625,110.0625,110.5938,68.0942,5438300
1998-06-23,111.0938,112.0625,111.0000,111.9063,68.9023,5004600
1998-06-24,112.1563,113.6875,111.6094,113.4063,69.8258,8291900
1998-06-25,113.9063,114.4375,112.8125,113.2188,69.7104,5854800
1998-06-26,113.3125,113.8438,113.1250,113.6875,69.9990,4833100
1998-06-29,114.2500,114.6875,113.7969,114.0938,70.2491,5953400
1998-06-30,113.9063,114.1875,113.0625,113.3125,69.7681,4284800
1998-07-01,114.0625,114.9375,113.6250,114.6250,70.5762,3489500
1998-07-02,114.7188,114.8750,114.2500,114.8438,70.7110,3503900
1998-07-06,114.7813,116.0000,114.5625,116.0000,71.4228,3144400
1998-07-07,115.9844,116.1250,115.2813,115.7813,71.2882,4920700
1998-07-08,115.8750,116.9375,115.7500,116.6250,71.8077,6875000
1998-07-09,116.2813,116.7188,115.6250,115.8438,71.3266,6942500
1998-07-10,116.0313,116.9375,115.0625,116.4688,71.7115,7849700
1998-07-13,116.5625,116.8438,116.0625,116.5000,71.7307,6555100
1998-07-14,116.9375,118.1563,116.9375,117.8125,72.5388,6983600
1998-07-15,118.0625,118.2813,117.5313,117.5938,72.4041,4977500
1998-07-16,117.6875,118.5938,117.0625,118.4063,72.9044,6315600
1998-07-17,118.6250,119.0000,118.3125,118.5625,73.0006,3539500
1998-07-20,118.7500,119.2344,117.9375,118.5625,73.0006,2338400
1998-07-21,119.0000,119.0000,116.2813,116.5000,71.7307,5518600
1998-07-22,116.3438,116.9844,115.5313,116.5000,71.7307,10417300
1998-07-23,116.3125,116.5938,113.9063,114.1875,70.3068,15110900
1998-07-24,114.9688,115.0938,112.8750,114.0938,70.2491,11540500
1998-07-27,113.6250,115.0000,112.8438,114.9063,70.7494,9600000
1998-07-28,114.4375,114.6563,111.8750,112.9688,69.5565,13693000
1998-07-29,113.7188,114.1250,112.2500,112.5313,69.2871,7462400
1998-07-30,113.6250,114.5938,113.4063,114.2188,70.3261,6821600
1998-07-31,114.3438,114.5000,111.3125,111.7813,68.8253,7680500
1998-08-03,111.7813,112.4219,111.0313,111.3125,68.5367,10486500
1998-08-04,112.2188,112.2188,107.0000,107.0000,65.8814,15091600
1998-08-05,107.9375,108.8750,105.5938,108.4688,66.7858,21718400
1998-08-06,108.1250,109.5000,107.5625,108.9375,67.0744,13084400
1998-08-07,109.6875,110.5938,108.4688,109.1250,67.1898,12083800
1998-08-10,108.7500,109.6563,108.1875,108.5000,66.8050,6273000
1998-08-11,106.7813,107.4375,105.5000,106.8750,65.8044,14287100
1998-08-12,107.7500,108.8750,107.5000,108.6875,66.9204,11158400
1998-08-13,108.8125,109.6563,107.3750,107.3750,66.1123,9073900
1998-08-14,108.3438,108.7188,105.7813,106.1250,65.3427,8628500
1998-08-17,106.0000,108.9375,105.5000,108.3750,66.7280,11290000
1998-08-18,109.0000,110.5938,108.7813,110.3750,67.9594,7603900
1998-08-19,111.0938,111.0938,109.6250,110.0938,67.7863,6258600
1998-08-20,109.6875,110.4063,109.1563,109.4375,67.3822,7402800
1998-08-21,108.1875,108.7188,105.5000,108.5625,66.8435,16685400
1998-08-24,109.2500,109.9375,108.3125,109.2500,67.2668,7201700
1998-08-25,110.3750,111.2500,108.6406,109.5000,67.4207,9688300
1998-08-26,108.2813,109.6250,107.7500,108.8750,67.0359,9339700
1998-08-27,107.0000,107.5625,103.4688,103.7500,63.8804,24887800
1998-08-28,104.9688,105.7188,102.1563,103.3750,63.6495,23735900
1998-08-31,103.7500,104.0156,95.0000,96.0000,59.1086,22563100
1998-09-01,96.0625,100.5625,93.6250,100.0625,61.6099,24748500
1998-09-02,99.8125,101.7500,98.7813,99.3438,61.1673,13843200
1998-09-03,97.6250,99.3750,96.7500,98.5625,60.6864,17311300
1998-09-04,99.4375,99.8125,95.7500,97.7500,60.1861,17783800
1998-09-08,100.8750,103.0000,99.8125,103.0000,63.4186,14746500
1998-09-09,102.7500,103.1250,100.4375,100.5000,61.8793,12109700
1998-09-10,98.4375,99.3438,96.8125,98.5000,60.6478,19889300
1998-09-11,98.1875,101.6875,97.0000,101.6875,62.6105,20379800
1998-09-14,102.8750,104.4531,102.0938,103.4375,63.6880,10686800
1998-09-15,102.8750,104.3125,102.2813,104.0625,64.0728,8337900
1998-09-16,104.7500,105.2500,103.1563,105.0000,64.6500,11024900
1998-09-17,102.2500,103.0313,101.7813,102.0000,62.8028,12945200
1998-09-18,102.3750,102.4063,101.0938,102.0938,63.0826,7019200
1998-09-21,99.6250,103.4063,98.9375,102.0313,63.0440,8834600
1998-09-22,103.5000,103.6563,102.1563,102.8750,63.5653,7270100
1998-09-23,103.8750,107.0000,103.7813,107.0000,66.1141,13688500
1998-09-24,106.3125,106.8125,103.2500,104.3750,64.4921,11129500
1998-09-25,103.1250,105.4219,102.6250,104.2500,64.4149,10247400
1998-09-28,105.3125,106.3125,104.2500,105.1875,64.9942,8847800
1998-09-29,105.3750,105.9375,103.3750,104.9375,64.8397,10618100
1998-09-30,103.5000,104.3125,101.3750,101.7500,62.8702,7908400
1998-10-01,100.0313,101.5469,98.0938,98.8125,61.0551,13335600
1998-10-02,98.8750,100.8750,97.2188,100.7188,62.2330,14351800
1998-10-05,99.5938,99.9688,96.3438,98.6875,60.9779,12807200
1998-10-06,100.7500,101.2813,97.5313,98.5938,60.9200,12621000
1998-10-07,98.6250,100.0313,95.7500,97.1250,60.0125,14348500
1998-10-08,94.5625,96.7500,92.2188,96.5938,59.6842,20625000
1998-10-09,97.0000,98.7813,94.0625,98.5313,60.8814,12708500
1998-10-12,100.6250,101.4375,99.6875,99.9688,61.7696,9508500
1998-10-13,99.5625,100.4063,98.7500,99.6250,61.5572,6256800
1998-10-14,98.9375,101.8125,98.8438,100.5625,62.1364,8176900
1998-10-15,100.1250,107.2500,99.9375,105.9688,65.4769,20541100
1998-10-16,106.1250,106.7500,105.0000,106.0000,65.4962,16573900
1998-10-19,105.6875,106.8125,105.5000,106.3750,65.7279,7915900
1998-10-20,107.5625,108.7969,106.0938,107.0000,66.1141,14611600
1998-10-21,106.8750,107.6250,105.8750,106.6250,65.8824,9178400
1998-10-22,106.7813,108.4688,106.1563,108.2188,66.8672,8277500
1998-10-23,107.9688,108.0000,106.7813,106.8438,66.0175,6237200
1998-10-26,107.7188,108.4688,106.7813,107.6250,66.5003,5838600
1998-10-27,108.4375,108.9688,106.2813,107.0000,66.1141,10089700
1998-10-28,106.5625,107.5313,106.0313,106.8125,65.9983,5650600
1998-10-29,107.0938,109.4375,106.6250,109.4063,67.6009,9625600
1998-10-30,110.1250,110.9063,109.5000,110.0000,67.9678,9872800
1998-11-02,110.8125,111.8750,110.1875,111.8750,69.1263,6501400
1998-11-03,111.5938,111.8125,110.7500,111.0625,68.6243,6866000
1998-11-04,112.4688,113.0938,111.0938,112.2500,69.3580,8233600
1998-11-05,111.5313,113.9375,111.1250,113.7813,70.3042,6841500
1998-11-06,113.4688,114.5625,113.3125,114.1250,70.5166,5224800
1998-11-09,113.9375,114.2500,112.5000,113.3125,70.0146,6188700
1998-11-10,113.0000,113.9375,112.2500,113.0000,69.8214,14015200
1998-11-11,113.8125,114.0000,111.8906,112.2500,69.3580,10922400
1998-11-12,112.3125,113.1250,111.6875,112.1250,69.2808,5457400
1998-11-13,112.2188,113.2188,112.1250,113.2188,69.9566,5524600
1998-11-16,114.2188,114.3594,112.8906,114.0625,70.4779,6023700
1998-11-17,113.6563,115.6250,113.0000,114.0625,70.4779,9058900
1998-11-18,114.3125,115.0000,113.5000,114.7500,70.9028,4567700
1998-11-19,115.2813,115.9063,114.6250,115.7500,71.5207,5249300
1998-11-20,116.3594,116.7500,115.8438,116.6250,72.0613,5562000
1998-11-23,117.4688,119.6250,117.1563,119.3750,73.7605,7151300
1998-11-24,119.0000,119.6563,118.4531,118.6250,73.2971,5323700
1998-11-25,118.9375,119.1875,118.2188,118.6250,73.2971,4393500
1998-11-27,119.4688,119.7188,119.0156,119.5000,73.8377,4557900
1998-11-30,119.0156,119.3750,116.1250,116.1250,71.7524,8705400
1998-12-01,116.1250,118.0313,115.2188,117.6250,72.6792,8950600
1998-12-02,117.2188,117.9063,116.0000,117.2813,72.4668,7495500
1998-12-03,117.2500,118.3125,115.0938,115.3438,71.2696,12145300
1998-12-04,116.6250,118.5000,116.5000,118.3750,73.1426,10339500
1998-12-07,118.0625,119.4688,118.0000,118.9375,73.4902,4290000
1998-12-08,118.5313,119.7500,117.5000,118.4063,73.1619,10102600
1998-12-09,118.6875,118.9688,117.8750,118.6250,73.2971,5327900
1998-12-10,118.8438,118.8438,116.7188,116.8906,72.2254,5966600
1998-12-11,116.4375,117.3438,115.5625,117.1250,72.3702,8198200
1998-12-14,116.1563,116.4063,113.7500,113.7500,70.2849,9521400
1998-12-15,114.6875,116.7500,114.5313,116.6875,72.0999,9631500
1998-12-16,117.1250,117.1250,115.7500,116.5313,72.0033,7260000
1998-12-17,117.2188,118.5938,117.0313,118.3906,73.1522,6914700
1998-12-18,118.3125,119.1250,117.8750,118.5000,73.4631,4802400
1998-12-21,119.2500,121.3438,119.0000,120.1563,74.4898,8580700
1998-12-22,120.4063,121.2188,119.1875,120.6875,74.8192,5461100
1998-12-23,121.1875,123.2188,120.8125,123.2188,76.3884,7791000
1998-12-24,123.1563,123.2500,122.5000,122.6875,76.0591,1507100
1998-12-28,123.2500,123.3125,122.0000,122.3750,75.8653,4203600
1998-12-29,122.7188,124.4844,122.1250,124.3125,77.0665,3935800
1998-12-30,123.9375,124.7500,123.0313,123.3125,76.4465,6810700
1998-12-31,123.3125,123.9375,122.4688,123.3125,76.4465,6790500
1999-01-04,123.3750,125.2188,121.7188,123.0313,76.2722,9450400
1999-01-05,122.9375,124.8750,122.9375,124.4375,77.1440,8031000
1999-01-06,125.8125,127.7500,125.7500,127.4375,79.0038,7737700
1999-01-07,126.3750,127.2188,125.7813,126.8125,78.6163,5504900
1999-01-08,128.1875,128.5000,125.9688,127.7500,79.1975,6224400
1999-01-11,127.6875,127.6875,125.2188,126.5313,78.4420,7578300
1999-01-12,126.2188,126.2188,123.7500,124.2500,77.0278,7768800
1999-01-13,120.4063,125.1250,120.3750,123.3750,76.4853,10810600
1999-01-14,123.6250,123.9063,120.9063,121.2188,75.1485,11400700
1999-01-15,122.3750,124.7813,122.0625,124.3750,77.1053,7817700
1999-01-19,125.2969,125.6250,123.5000,125.1875,77.6090,6535100
1999-01-20,126.0938,127.9375,125.0313,126.1875,78.2289,6534400
1999-01-21,125.5781,125.8438,122.5938,122.8438,76.1560,6937500
1999-01-22,122.1250,123.8438,121.7813,122.5625,75.9816,7522300
1999-01-25,123.2813,124.0000,121.9063,123.8125,76.7565,5700300
1999-01-26,124.1250,126.0625,123.6250,126.0625,78.1514,6047000
1999-01-27,126.3750,126.6250,124.1563,124.5938,77.2408,7399400
1999-01-28,125.2500,126.9688,125.1875,126.6875,78.5389,5961700
1999-01-29,127.3438,128.2969,125.4063,127.6563,79.1394,6456800
1999-02-01,128.6875,128.6875,126.9063,126.9063,78.6745,9426800
1999-02-02,127.0781,127.2188,124.7656,126.1250,78.1901,9194500
1999-02-03,125.6875,127.9375,125.6563,127.4063,78.9844,10290700
1999-02-04,127.3750,127.5000,124.7813,125.5000,77.8027,7761100
1999-02-05,125.6563,125.6563,123.2188,124.0625,76.9115,7516100
1999-02-08,125.0938,125.0938,123.3438,124.3125,77.0665,8528400
1999-02-09,124.3750,124.5000,121.5156,121.5313,75.3423,8985700
1999-02-10,122.1250,123.0000,121.3281,122.3125,75.8266,6936700
1999-02-11,123.0625,126.0938,122.5000,125.1250,77.5701,9181800
1999-02-12,124.8125,125.5000,122.6250,123.6250,76.6402,10676600
1999-02-16,124.7500,125.6250,122.8750,122.8750,76.1753,6915500
1999-02-17,123.1875,125.3594,122.2500,122.7500,76.0979,7858100
1999-02-18,123.1875,124.3750,122.2188,123.7188,76.6984,9048900
1999-02-19,124.0000,125.7500,123.3750,124.2500,77.0278,5312200
1999-02-22,124.4375,127.7188,124.2813,127.5625,79.0813,10695800
1999-02-23,127.5938,128.5000,126.5938,127.5000,79.0425,7770700
1999-02-24,127.8438,128.8438,125.0000,125.2500,77.6477,7271000
1999-02-25,124.5313,125.2813,122.6875,124.0625,76.9115,11633000
1999-02-26,124.7500,124.8438,122.8125,123.5625,76.6015,9621300
1999-03-01,123.6563,124.3125,122.3750,123.9063,76.8146,7607200
1999-03-02,124.5000,125.3125,122.3125,122.8125,76.1366,9651500
1999-03-03,123.0938,123.5625,121.7813,123.4688,76.5434,7881400
1999-03-04,124.0625,125.4844,123.2656,125.0313,77.5121,8256400
1999-03-05,127.5000,128.1250,126.5625,127.5469,79.0716,10703100
1999-03-08,128.2813,128.7969,127.2500,128.3750,79.5850,4802200
1999-03-09,128.1250,129.9375,127.7500,128.0625,79.3912,7893400
1999-03-10,128.4688,129.2500,127.7813,129.1875,80.0887,3950000
1999-03-11,129.6875,131.1875,128.8750,130.6250,80.9799,6583700
1999-03-12,131.0000,131.0313,129.2188,129.3750,80.2049,5286500
1999-03-15,129.9375,131.2500,129.5000,131.2188,81.3480,5394400
1999-03-16,131.1250,131.6563,130.4688,130.7188,81.0380,4547500
1999-03-17,130.6875,130.9375,129.6250,130.1563,80.6893,4524100
1999-03-18,129.7813,132.3750,129.7500,132.2500,81.9873,3506300
1999-03-19,132.3125,132.6250,129.6875,129.6875,80.5937,5526700
1999-03-22,130.0625,130.5938,129.4219,129.9375,80.7490,4603800
1999-03-23,129.3125,129.5313,125.7031,126.1875,78.4186,9713800
1999-03-24,126.8438,127.1719,125.6250,126.9063,78.8653,6280900
1999-03-25,128.0625,129.5000,127.7500,129.5000,80.4772,6639600
1999-03-26,128.6250,129.1250,127.7188,128.5625,79.8945,6159700
1999-03-29,129.1563,131.4375,129.1563,131.1563,81.5064,5863900
1999-03-30,129.9375,131.2188,129.5625,130.4688,81.0792,5401400
1999-03-31,131.1563,131.6094,128.3125,128.3750,79.7780,7413600
1999-04-01,129.6875,129.6875,128.1250,129.3438,80.3801,7683600
1999-04-05,130.9375,132.5938,130.2500,132.4063,82.2832,5791100
1999-04-06,132.1875,132.9844,131.1563,132.0938,82.0890,5381300
1999-04-07,132.6875,133.3750,131.3750,133.1563,82.7493,6248600
1999-04-08,133.1875,134.9375,132.2813,134.8438,83.7980,5909100
1999-04-09,134.4375,135.5000,133.5938,134.8750,83.8174,4365800
1999-04-12,133.4688,136.4063,133.2188,136.3125,84.7107,8213200
1999-04-13,136.2500,136.4688,134.5000,135.4375,84.1670,10071400
1999-04-14,136.0625,136.0625,132.6875,133.1563,82.7493,11551700
1999-04-15,133.4375,133.5625,131.0000,132.6563,82.4386,11150000
1999-04-16,132.9063,132.9063,131.1875,131.5313,81.7394,6476200
1999-04-19,132.6875,134.5313,128.3750,129.5000,80.4772,12487200
1999-04-20,129.8125,131.1875,129.0000,131.1250,81.4870,9049600
1999-04-21,131.0625,135.6250,130.4063,134.8750,83.8174,5772200
1999-04-22,135.1250,136.3750,134.3906,136.1563,84.6136,6897400
1999-04-23,135.8750,136.7500,135.0000,135.8125,84.4001,4593100
1999-04-26,136.5000,136.8125,135.4688,136.5938,84.8855,3606500
1999-04-27,137.1250,137.5000,135.8438,137.2500,85.2934,5147200
1999-04-28,136.4375,137.2500,135.0000,135.3750,84.1281,5544300
1999-04-29,135.5625,136.0625,133.8125,134.3438,83.4873,9824300
1999-04-30,135.0938,135.6250,131.5000,133.2500,82.8076,10991900
1999-05-03,133.4375,135.8438,133.0938,135.6875,84.3223,10709700
1999-05-04,135.1250,135.8125,133.1250,133.7500,83.1183,10509300
1999-05-05,133.9375,135.0625,131.8438,134.8125,83.7786,10032300
1999-05-06,134.4375,135.1250,132.3750,133.9844,83.2640,13507200
1999-05-07,134.5000,135.1250,133.4375,135.0000,83.8951,8680700
1999-05-10,134.8438,135.7188,133.5313,134.3281,83.4776,5580100
1999-05-11,135.3125,136.8750,134.7188,135.6875,84.3223,7000600
1999-05-12,135.7500,137.2188,131.5000,136.7500,84.9826,13865800
1999-05-13,137.2500,138.0000,136.8125,137.3438,85.3516,4485700
1999-05-14,134.5625,135.8750,133.5000,133.7813,83.1377,8370100
1999-05-17,133.6250,134.4844,132.3750,134.1875,83.3902,6268100
1999-05-18,134.5313,134.9844,132.6250,133.9375,83.2348,8218600
1999-05-19,134.4688,135.0000,133.2500,134.9063,83.8369,5052400
1999-05-20,135.1250,135.5938,134.0625,134.0938,83.3319,4670400
1999-05-21,134.1250,134.6875,132.5938,133.3438,82.8659,6418200
1999-05-24,133.8438,133.8438,130.3906,131.1250,81.4870,7952000
1999-05-25,131.3750,132.3438,128.4375,129.0000,80.1665,15406400
1999-05-26,129.3125,131.0000,128.0938,130.4375,81.0597,12575900
1999-05-27,129.8438,130.2813,128.0000,128.5625,79.8945,14515400
1999-05-28,129.0000,130.7500,128.5938,130.2031,80.9141,8748000
1999-06-01,130.1250,130.1563,128.3750,129.7500,80.6325,6705300
1999-06-02,129.7500,130.1875,128.0156,129.8750,80.7102,6981900
1999-06-03,130.6875,130.8750,129.7813,130.5938,81.1569,6076600
1999-06-04,131.4688,133.3594,130.9375,133.2188,82.7881,9787200
1999-06-07,133.4375,134.1875,132.9063,133.5625,83.0018,5299100
1999-06-08,133.3750,133.7969,131.5938,132.2500,82.1861,4895700
1999-06-09,132.4063,133.0938,131.8125,132.1250,82.1084,7409700
1999-06-10,131.4375,131.4688,129.5938,130.9063,81.3510,7040700
1999-06-11,131.2188,132.2188,129.0938,129.8125,80.6714,12824800
1999-06-14,130.6875,130.7500,129.5469,129.9375,80.7490,6823500
1999-06-15,130.4688,131.6563,130.0781,130.8125,81.2928,5700900
1999-06-16,132.3750,133.8750,132.3750,133.3125,82.8464,7865800
1999-06-17,132.8750,135.5625,132.6250,134.5625,83.6232,8162800
1999-06-18,134.0625,134.6875,133.3750,134.3125,83.7198,2875100
1999-06-21,134.4688,135.2500,133.6563,134.6250,83.9146,4646400
1999-06-22,134.0000,135.1875,133.5000,133.6875,83.3303,5862400
1999-06-23,133.0000,133.6250,132.1250,133.0313,82.9212,9629200
1999-06-24,132.8750,132.9375,130.6563,132.0313,82.2979,9176900
1999-06-25,132.5938,133.0156,131.2500,131.7031,82.0934,4087000
1999-06-28,132.6875,133.6250,132.5000,133.3125,83.0965,5028900
1999-06-29,133.0000,135.1875,132.7813,134.5625,83.8756,6956200
1999-06-30,134.6250,137.5000,133.8438,137.0000,85.3950,16856100
1999-07-01,137.0000,138.5000,136.0625,138.0313,86.0378,9939500
1999-07-02,138.1250,139.5000,137.9063,139.4063,86.8949,3772800
1999-07-06,139.2500,140.7500,138.5938,139.3750,86.8754,11221100
1999-07-07,139.0625,139.7188,138.5156,139.5625,86.9923,3230700
1999-07-08,139.0625,140.6250,138.7500,139.6719,87.0605,7101500
1999-07-09,140.0000,140.5938,139.5625,140.5000,87.5767,2976800
1999-07-12,140.9375,140.9375,139.5000,139.8750,87.1870,4436300
1999-07-13,139.3750,139.9219,138.6563,139.3750,86.8754,6477600
1999-07-14,140.0000,140.2188,138.7500,140.1563,87.3624,4382500
1999-07-15,140.7813,141.3750,140.3125,141.0469,87.9175,3348600
1999-07-16,141.2500,142.1563,140.7500,141.8125,88.3947,2281500
1999-07-19,142.1875,142.2500,140.5625,140.8750,87.8104,4287000
1999-07-20,140.1250,140.4063,137.5313,137.9844,86.0086,7060100
1999-07-21,138.0938,138.9063,137.3125,137.8281,85.9112,4793700
1999-07-22,137.4375,138.0000,135.4688,136.0156,84.7814,7804100
1999-07-23,136.6563,137.0000,135.1250,135.7500,84.6159,4603000
1999-07-26,134.8750,136.1250,134.6250,134.7500,83.9925,4333400
1999-07-27,136.0000,137.2031,135.3750,135.8750,84.6938,5908500
1999-07-28,136.2500,137.3125,135.5938,136.3125,84.9665,3955500
1999-07-29,134.9375,135.2500,133.3125,134.4063,83.7783,7760600
1999-07-30,134.8125,135.3438,132.5625,132.7500,82.7459,5994300
1999-08-02,132.7500,134.7500,132.5000,133.0625,82.9407,6065500
1999-08-03,133.7188,133.8438,131.3750,132.4375,82.5511,5445400
1999-08-04,132.7188,133.8750,130.4375,130.6250,81.4214,6497900
1999-08-05,130.8750,131.9375,128.8438,131.8125,82.1616,10322000
1999-08-06,131.2188,132.0000,129.5000,130.3750,81.2655,7537700
1999-08-09,130.5938,131.7969,129.7500,130.0938,81.0902,5565900
1999-08-10,129.8750,130.1563,127.0000,128.6563,80.1942,9793300
1999-08-11,129.6875,130.5313,128.6250,130.2188,81.1681,8003400
1999-08-12,130.6875,131.8125,129.9063,130.1406,81.1194,7036800
1999-08-13,131.6250,133.2500,131.1250,133.1563,82.9991,5857700
1999-08-16,133.1250,133.9688,132.2500,133.7500,83.3692,3927000
1999-08-17,134.4375,134.8438,133.1250,134.6250,83.9146,4808000
1999-08-18,134.2031,134.3750,133.2500,133.6563,83.3108,4355500
1999-08-19,132.3750,133.2344,131.6875,132.5625,82.6290,6448100
1999-08-20,133.0625,134.1250,132.6875,133.9063,83.4666,3663700
1999-08-23,134.8125,136.5469,134.6563,136.4688,85.0639,5637800
1999-08-24,136.0625,137.9688,135.3750,136.9688,85.3756,9279500
1999-08-25,137.1875,138.7813,136.1563,138.3750,86.2521,6005300
1999-08-26,138.2813,138.4219,136.5000,136.7188,85.2197,4322300
1999-08-27,136.8750,137.0625,135.0625,135.0625,84.1873,6247400
1999-08-30,135.3438,135.5000,132.0000,132.5625,82.6290,4652000
1999-08-31,132.9375,133.7500,130.8750,132.0625,82.3174,11453700
1999-09-01,132.9375,133.7344,132.3125,133.6875,83.3303,6863900
1999-09-02,132.1250,132.6719,130.6563,132.1094,82.3466,10896300
1999-09-03,134.8750,136.5000,134.6875,135.9688,84.7522,9160800
1999-09-07,136.0625,136.6250,135.2188,135.4688,84.4406,4560800
1999-09-08,134.8438,136.0625,134.0313,134.8125,84.0315,6159600
1999-09-09,134.7500,135.2500,133.6875,134.7500,83.9925,6177800
1999-09-10,136.2500,136.3594,134.9375,135.8750,84.6938,2934500
1999-09-13,135.1250,135.4688,134.5000,134.9531,84.1191,2320500
1999-09-14,134.0625,134.5625,133.3750,134.0625,83.5640,3736000
1999-09-15,135.4375,135.4375,131.8750,131.9375,82.2394,6984500
1999-09-16,132.5000,132.8125,130.3125,132.4531,82.5609,15377600
1999-09-17,132.6250,133.9375,132.1563,133.7500,83.6040,8542300
1999-09-20,133.9375,134.0000,133.0938,133.5625,83.4868,2803900
1999-09-21,132.2500,132.4688,130.1563,130.7500,81.7288,9335200
1999-09-22,131.2500,131.8438,129.7500,130.6094,81.6409,13009100
1999-09-23,131.8125,131.8125,127.6250,127.8750,79.9317,12204100
1999-09-24,127.7500,128.3750,126.3125,127.7500,79.8536,13792900
1999-09-27,128.7500,129.7500,128.2813,128.5938,80.3810,6970300
1999-09-28,127.9375,128.8125,125.5625,128.3438,80.2247,11063400
1999-09-29,128.4375,129.1250,126.7500,126.8125,79.2676,7580300
1999-09-30,127.4375,129.4375,126.9688,128.7500,80.4786,7498900
1999-10-01,127.9375,128.5625,126.6250,128.4688,80.3028,11127100
1999-10-04,129.1875,130.8750,128.7500,130.7500,81.7288,6341600
1999-10-05,130.7188,131.9688,128.6875,130.6250,81.6506,11976000
1999-10-06,130.7500,132.8125,130.6875,132.6250,82.9008,10308200
1999-10-07,132.8594,133.0000,131.5000,131.8750,82.4320,6535600
1999-10-08,131.7500,133.8750,131.2344,133.8750,83.6821,9674300
1999-10-11,133.5938,134.1250,133.3125,133.6563,83.5454,4282000
1999-10-12,133.1250,133.3125,131.1875,131.5938,82.2562,8686100
1999-10-13,130.6875,131.3125,128.1875,128.1875,80.1270,10469300
1999-10-14,128.4844,129.1875,126.7500,128.1563,80.1075,10562200
1999-10-15,126.0000,126.7500,124.5000,124.8750,78.0565,14238700
1999-10-18,124.9375,125.9375,123.4375,125.7813,78.6229,9758800
1999-10-19,127.1875,128.2500,125.9375,127.0000,79.3848,14392900
1999-10-20,127.7500,129.4688,127.1250,128.2500,80.1661,9759400
1999-10-21,127.2188,129.0000,126.6250,129.0000,80.6350,9105400
1999-10-22,129.7500,131.2188,129.5625,130.0938,81.3186,8309600
1999-10-25,129.3125,130.4688,128.7500,129.4375,80.9084,8114300
1999-10-26,130.1875,130.6875,127.8125,127.8125,79.8926,6256300
1999-10-27,128.3750,130.3125,128.2500,130.1250,81.3381,5433300
1999-10-28,132.4375,134.8594,132.1875,134.5625,84.1119,10509700
1999-10-29,135.8438,137.6875,135.7188,137.0000,85.6355,10988600
1999-11-01,136.5000,137.0000,135.5625,135.5625,84.7370,4006500
1999-11-02,135.9688,137.2500,134.5938,134.5938,84.1315,6516900
1999-11-03,136.0000,136.3750,135.1250,135.5000,84.6979,7222300
1999-11-04,136.7500,137.3594,135.7656,136.5313,85.3425,7907500
1999-11-05,138.6250,139.1094,136.7813,137.8750,86.1824,7431500
1999-11-08,137.0000,138.3750,136.7500,138.0000,86.2606,4649200
1999-11-09,138.5000,138.6875,136.2813,136.7031,85.4499,4533700
1999-11-10,136.2500,138.3906,136.0781,137.7188,86.0848,6405600
1999-11-11,138.1875,138.5000,137.4688,138.5000,86.5731,4794100
1999-11-12,139.2500,139.9844,137.1250,139.7500,87.3545,11802900
1999-11-15,139.8438,140.2500,139.4063,140.0781,87.5596,2187500
1999-11-16,140.5625,143.0000,140.0938,141.2500,88.2921,7544800
1999-11-17,142.2500,142.9375,141.3125,141.6250,88.5265,9459000
1999-11-18,142.4375,143.0000,141.6250,142.6250,89.1516,4491000
1999-11-19,142.4063,142.9688,142.0000,142.5000,89.0734,4832100
1999-11-22,142.4375,143.0000,141.5000,142.4688,89.0539,4155400
1999-11-23,142.8438,142.8438,140.3750,141.2188,88.2726,5918000
1999-11-24,140.7500,142.4375,140.0000,141.9688,88.7414,4459700
1999-11-26,142.4688,142.8750,141.2500,141.4375,88.4093,1693900
1999-11-29,140.8750,141.9219,140.4375,140.9375,88.0968,7348600
1999-11-30,140.7500,142.3125,139.0000,139.2813,87.0615,7682000
1999-12-01,139.3125,140.5000,139.0000,140.4063,87.7647,6980200
1999-12-02,140.6250,141.3750,140.3750,141.2500,88.2921,6698300
1999-12-03,143.0313,145.3438,143.0313,143.8438,89.9134,10045400
1999-12-06,143.5313,143.7188,142.2500,142.7813,89.2492,3138900
1999-12-07,143.2813,143.3125,141.3750,141.6250,88.5265,10714200
1999-12-08,141.3438,142.0625,140.5000,140.7188,87.9600,4611400
1999-12-09,141.8125,142.2188,139.3750,141.4063,88.3898,6474700
1999-12-10,142.2813,142.8125,140.8750,141.8750,88.6827,5127300
1999-12-13,141.4375,142.7188,141.2813,142.1250,88.8390,4210800
1999-12-14,141.6250,142.4844,140.6250,140.7500,87.9795,5739000
1999-12-15,140.3750,142.2031,140.0313,141.5000,88.4484,6879100
1999-12-16,142.1875,142.6563,141.1563,142.1250,88.8390,5854900
1999-12-17,143.0000,143.3125,142.0625,142.6875,89.4096,4775400
1999-12-20,142.5625,143.1875,141.0938,141.6563,88.7634,4608700
1999-12-21,141.5938,144.0625,141.3438,143.8125,90.1145,7981300
1999-12-22,143.6250,144.1875,142.9688,144.1875,90.3495,5377500
1999-12-23,145.0156,146.4844,145.0000,146.4844,91.7887,5721700
1999-12-27,146.5000,146.7813,145.0625,146.2813,91.6614,2691000
1999-12-28,145.8750,146.5000,145.4844,146.1875,91.6027,4084500
1999-12-29,146.3125,146.8125,145.3125,146.8125,91.9943,3001000
1999-12-30,147.1250,147.5625,146.1875,146.6406,91.8866,3641300
1999-12-31,146.8438,147.5000,146.2500,146.8750,92.0334,3172700
2000-01-03,148.2500,148.2500,143.8750,145.4375,91.1328,8164300
2000-01-04,143.5313,144.0625,139.6406,139.7500,87.5689,8089800
2000-01-05,139.9375,141.5313,137.2500,140.0000,87.7255,12177900
2000-01-06,139.6250,141.5000,137.7500,137.7500,86.3157,6227200
2000-01-07,140.3125,145.7500,140.0625,145.7500,91.3286,8066500
2000-01-10,146.2500,146.9063,145.0313,146.2500,91.6419,5741700
2000-01-11,145.8125,146.0938,143.5000,144.5000,90.5453,7503700
2000-01-12,144.5938,144.5938,142.8750,143.0625,89.6445,6907700
2000-01-13,144.4688,145.7500,143.2813,145.0000,90.8586,5158300
2000-01-14,146.5313,147.4688,145.9688,146.9688,92.0923,7437300
2000-01-18,145.3438,146.6250,145.1875,145.8125,91.3677,6488500
2000-01-19,145.3125,147.0000,145.0000,147.0000,92.1118,6157900
2000-01-20,146.9688,146.9688,143.8125,144.7500,90.7020,5800100
2000-01-21,145.5000,145.5000,144.0625,144.4375,90.5061,6244800
2000-01-24,145.6563,145.8438,139.4063,140.3438,87.9410,7896900
2000-01-25,140.5156,141.9375,139.0000,141.9375,88.9396,9942500
2000-01-26,141.0000,141.5469,140.0938,140.8125,88.2347,5158100
2000-01-27,141.8438,142.2188,138.1250,140.2500,87.8822,10922700
2000-01-28,139.4375,140.0625,135.5313,135.8750,85.1408,11916200
2000-01-31,135.8125,139.6719,135.0000,139.5625,87.4514,10768700
2000-02-01,139.7500,141.6875,138.5313,140.9375,88.3130,8419900
2000-02-02,141.2813,142.2500,140.3750,141.0625,88.3914,6205900
2000-02-03,140.8750,143.2500,140.0000,143.1875,89.7229,7997500
2000-02-04,143.1875,144.0000,142.1250,142.5938,89.3508,4925400
2000-02-07,142.5625,142.7813,141.4375,142.3750,89.2138,5845800
2000-02-08,143.9688,144.5625,143.6250,144.3125,90.4278,4936400
2000-02-09,144.4688,144.4688,141.2656,141.2813,88.5285,8511500
2000-02-10,141.6250,142.5625,140.8750,141.5625,88.7047,6690600
2000-02-11,141.8438,141.9375,138.0313,138.6875,86.9031,9849800
2000-02-14,139.7813,139.7813,138.3125,139.5000,87.4122,8528800
2000-02-15,139.2500,141.2188,137.7969,141.0781,88.4011,11078300
2000-02-16,140.3750,140.9375,138.7969,139.0000,87.0990,8845400
2000-02-17,140.4375,140.4375,138.2188,138.2813,86.6486,7584200
2000-02-18,138.8750,138.8750,134.6250,135.3125,84.7883,9409200
2000-02-22,135.1875,136.3438,133.5313,134.9688,84.5729,16415400
2000-02-23,135.6250,137.4688,134.5000,136.5625,85.5716,12119000
2000-02-24,136.6875,137.0313,133.0938,133.8125,83.8484,17375000
2000-02-25,135.1875,136.7188,133.1250,133.3281,83.5449,10559900
2000-02-28,133.3750,136.6875,132.7188,136.1250,85.2974,13397800
2000-02-29,136.0625,137.4375,135.7500,137.4375,86.1198,8242500
2000-03-01,137.6250,139.0000,137.2188,138.4375,86.7465,6868000
2000-03-02,138.6875,139.1250,137.3438,138.5313,86.8053,7600200
2000-03-03,140.4375,141.7188,139.7188,141.1250,88.4305,12770300
2000-03-06,140.8125,141.3438,138.7500,139.7500,87.5689,11967100
2000-03-07,140.0000,140.1563,135.2188,137.0469,85.8751,20062000
2000-03-08,136.4688,137.8438,135.0313,136.8750,85.7674,11808500
2000-03-09,137.2500,140.8750,136.1250,140.8750,88.2738,5500900
2000-03-10,140.1875,142.0000,139.5313,140.1250,87.8039,7924600
2000-03-13,136.6875,140.4688,135.6875,138.5938,86.8444,10540500
2000-03-14,139.2813,140.0938,136.1563,136.6250,85.6107,8263900
2000-03-15,136.8750,140.4375,136.0625,139.8125,87.6080,10300800
2000-03-16,141.6250,146.8438,140.8750,146.3438,91.7006,25601400
2000-03-17,145.8125,148.0000,145.4375,146.9375,92.3067,10272900
2000-03-20,146.8750,147.3438,144.7813,146.1875,91.8355,12502300
2000-03-21,145.5313,149.7500,144.5000,149.1875,93.7201,13612600
2000-03-22,149.5625,150.8438,148.6875,150.0938,94.2894,8260000
2000-03-23,149.1563,153.4688,149.1563,152.6563,95.8992,11654500
2000-03-24,152.8750,155.7500,151.7188,153.5625,96.4685,11462900
2000-03-27,153.3750,153.7813,151.8125,151.9375,95.4477,8798600
2000-03-28,151.2500,152.9844,150.5938,151.0625,94.8980,6334400
2000-03-29,151.5625,152.4844,149.6563,151.2188,94.9962,6747500
2000-03-30,150.1563,151.9219,147.1250,148.6875,93.4060,9491900
2000-03-31,149.6250,152.3125,148.4375,150.3750,94.4662,9249100
2000-04-03,150.1250,151.2500,148.6875,151.2500,95.0158,8508200
2000-04-04,151.7500,153.0000,141.3906,150.1250,94.3091,19585500
2000-04-05,147.8750,150.8125,147.6250,149.1875,93.7201,8387200
2000-04-06,150.2500,151.6875,149.0000,150.4844,94.5348,6378500
2000-04-07,151.5625,152.1250,150.5000,151.4375,95.1336,6023600
2000-04-10,151.7500,153.1094,150.3125,150.8438,94.7606,9624200
2000-04-11,150.0000,151.6250,148.3750,150.4063,94.4857,9006400
2000-04-12,150.3750,151.1563,146.1563,146.2813,91.8944,10779200
2000-04-13,147.4688,148.1563,143.7813,144.2500,90.6184,12225800
2000-04-14,142.6250,142.8125,133.5000,136.0000,85.4357,29604000
2000-04-17,135.1875,140.7500,134.6875,140.7500,88.4197,23918200
2000-04-18,140.5625,144.4688,139.7813,144.4688,90.7558,11069200
2000-04-19,144.5000,145.1250,142.5313,143.1250,89.9117,6553700
2000-04-20,143.5625,143.9375,142.3750,143.8125,90.3435,8537600
2000-04-24,141.5000,143.3125,140.5000,142.2500,89.3620,12893100
2000-04-25,144.6250,148.1563,144.4375,148.1563,93.0723,14102000
2000-04-26,147.9688,148.7500,146.0000,146.4844,92.0220,7711100
2000-04-27,143.0000,147.3438,143.0000,146.0000,91.7177,15595300
2000-04-28,147.0000,147.8594,145.0625,145.0938,91.1484,8743400
2000-05-01,146.5625,148.4844,145.8438,147.0625,92.3852,7328300
2000-05-02,145.5000,147.1250,144.1250,144.1250,90.5398,9411900
2000-05-03,144.0000,144.0000,139.7813,140.7500,88.4197,12630700
2000-05-04,142.0000,142.3594,140.7500,141.8125,89.0871,5963600
2000-05-05,141.0625,144.0000,140.9375,143.5313,90.1668,7862400
2000-05-08,142.7500,143.3750,141.8438,142.4531,89.4896,5064100
2000-05-09,143.0625,143.4063,140.2656,141.3125,88.7730,5620300
2000-05-10,140.5000,140.9688,137.7500,138.1250,86.7707,10293900
2000-05-11,140.1250,141.5000,139.1250,141.2813,88.7534,7091100
2000-05-12,141.8125,143.4688,141.6250,142.8125,89.7153,5960800
2000-05-15,142.7500,145.6094,142.0000,145.2813,91.2662,4441300
2000-05-16,146.5625,147.7188,145.3125,146.6875,92.1496,8192200
2000-05-17,145.6875,146.1875,144.4688,145.1563,91.1877,5907200
2000-05-18,145.6250,146.3125,143.3750,143.3750,90.0687,4325600
2000-05-19,142.5625,143.2344,140.4063,141.1250,88.6552,6518400
2000-05-22,141.2500,141.4688,137.0000,140.0625,87.9878,10839400
2000-05-23,140.4375,140.8125,137.5625,138.0000,86.6921,7979200
2000-05-24,138.0000,140.6875,136.5000,140.2500,88.1056,11081500
2000-05-25,140.6875,141.8125,137.7188,137.8438,86.5940,8278900
2000-05-26,138.8125,139.6875,137.3281,138.0000,86.6921,4814000
2000-05-30,140.0000,142.9375,139.4688,142.5000,89.5190,5362700
2000-05-31,142.5625,144.0000,142.0938,142.8125,89.7153,6056500
2000-06-01,143.6875,145.4375,143.0000,145.3125,91.2859,8961600
2000-06-02,148.9375,149.0938,147.4844,147.8438,92.8760,8962200
2000-06-05,147.4688,148.2188,146.8750,147.1250,92.4245,6998100
2000-06-06,146.6250,147.7813,145.9063,146.4688,92.0122,4858900
2000-06-07,146.6250,148.0000,146.0000,147.4844,92.6502,4919500
2000-06-08,147.5000,147.7500,146.0625,146.9063,92.2871,5723100
2000-06-09,147.5000,147.9688,145.6250,146.5938,92.0907,3085300
2000-06-12,146.9688,146.9688,144.8750,144.8750,91.0110,3678900
2000-06-13,144.8125,147.7500,144.6250,147.5938,92.7189,6558700
2000-06-14,148.2500,148.8750,147.1875,147.8438,92.8760,6420500
2000-06-15,148.1250,148.7500,146.8438,148.1563,93.0723,5881200
2000-06-16,148.3125,148.3125,145.8750,146.5938,92.3075,5567900
2000-06-19,146.4688,149.1563,146.2500,148.4688,93.4882,5106900
2000-06-20,148.1875,148.8750,147.0000,147.9375,93.1537,6480000
2000-06-21,146.9375,148.4375,146.8906,147.8750,93.1143,3115000
2000-06-22,147.5625,147.6875,145.0000,145.6250,91.6975,7490500
2000-06-23,145.8125,146.1250,143.8750,144.3750,90.9104,4863300
2000-06-26,145.3750,146.2500,144.8750,146.2344,92.0813,5201300
2000-06-27,145.9844,146.7188,145.0156,145.1563,91.4024,4159500
2000-06-28,145.6250,146.9844,145.3125,145.5625,91.6582,5347700
2000-06-29,144.7500,145.7500,143.5156,144.1875,90.7924,6345700
2000-06-30,143.9375,145.5938,143.8906,145.2813,91.4811,7420200
2000-07-03,145.4375,147.4375,145.1875,147.2813,92.7404,1436600
2000-07-05,146.3750,146.6563,144.3750,144.6250,91.0678,2748200
2000-07-06,144.9375,146.4688,144.2188,145.7500,91.7762,5963200
2000-07-07,146.6875,148.7813,146.2500,148.0938,93.2521,3034800
2000-07-10,147.8750,148.9063,147.5313,147.8438,93.0947,2816100
2000-07-11,147.4688,149.1250,147.1563,148.1563,93.2914,5431600
2000-07-12,149.2813,150.1250,148.6875,149.1250,93.9014,5883000
2000-07-13,149.9844,150.3750,149.1875,149.7813,94.3147,5356000
2000-07-14,150.4375,151.2500,149.6719,151.2500,95.2395,5341900
2000-07-17,150.9844,151.9844,150.6875,151.0000,95.0821,4208300
2000-07-18,150.6250,150.6250,149.3438,149.7656,94.3048,4262100
2000-07-19,149.4688,149.9063,148.2500,148.5625,93.5472,8506800
2000-07-20,149.0000,150.6250,148.8125,150.6250,94.8460,4538900
2000-07-21,149.7500,149.7500,147.6875,147.6875,92.9963,5656900
2000-07-24,148.1250,148.8594,146.5625,146.8438,92.4650,5628500
2000-07-25,147.7500,147.8438,146.7813,147.3125,92.7601,4757100
2000-07-26,146.9688,147.1563,145.6406,145.8750,91.8550,12062500
2000-07-27,145.9375,146.6250,144.6875,145.3750,91.5401,7652600
2000-07-28,145.7188,145.9063,141.5156,142.0938,89.4740,6229500
2000-07-31,142.9375,144.1250,142.0625,143.0000,90.0446,5265500
2000-08-01,143.6250,144.7188,143.1250,143.8750,90.5956,3946600
2000-08-02,143.8750,145.4063,143.6250,144.5938,91.0482,7439800
2000-08-03,142.8750,145.8125,142.6250,145.5938,91.6778,4607100
2000-08-04,146.3125,146.7188,145.4063,146.3750,92.1698,3686600
2000-08-07,146.7188,148.4375,146.3750,148.1250,93.2717,4159800
2000-08-08,147.5000,148.8125,147.5000,148.6875,93.6259,3658700
2000-08-09,149.1406,149.2188,147.3750,147.4375,92.8388,5383800
2000-08-10,147.5313,147.8594,146.2813,146.7188,92.3862,4193400
2000-08-11,146.6250,148.0000,145.5625,147.4063,92.8192,5089400
2000-08-14,147.7813,149.5625,147.0625,149.2813,93.9998,2966700
2000-08-15,149.3438,149.8125,148.5625,149.1563,93.9211,5564600
2000-08-16,149.3125,149.9375,147.8438,148.6250,93.5865,5191600
2000-08-17,148.6875,150.4375,148.3438,150.1875,94.5705,5652200
2000-08-18,150.3750,150.3750,149.2188,149.6875,94.2556,4626400
2000-08-21,150.0313,150.7188,149.4063,150.5000,94.7673,2380600
2000-08-22,150.5625,151.3125,150.0938,150.2500,94.6099,3075300
2000-08-23,149.8125,151.2813,149.2813,150.8438,94.9837,5483200
2000-08-24,151.1563,151.5000,150.5000,151.3125,95.2788,4529000
2000-08-25,151.1563,151.6250,150.9375,151.2500,95.2395,2822200
2000-08-28,151.2500,152.9063,151.2500,151.7656,95.5642,5518700
2000-08-29,151.4375,151.8750,150.9063,151.7969,95.5839,3561900
2000-08-30,151.3125,151.5000,150.3438,150.3438,94.6688,3964800
2000-08-31,151.0625,153.0938,150.9063,152.3438,95.9282,4863100
2000-09-01,153.2500,153.5938,152.0000,152.5000,96.0266,3191200
2000-09-05,151.8750,152.2031,150.8125,151.2813,95.2592,3470800
2000-09-06,151.1875,151.9531,149.5313,149.5625,94.1769,4322200
2000-09-07,150.2500,151.0781,149.8281,150.8438,94.9837,4265500
2000-09-08,150.2813,150.5000,149.3281,149.8125,94.3344,3518200
2000-09-11,149.7500,151.1875,148.6875,149.5938,94.1966,3937500
2000-09-12,149.7500,150.2500,148.4375,148.5000,93.5079,4769100
2000-09-13,148.0000,149.3438,147.6563,148.8906,93.7538,7691600
2000-09-14,149.8750,149.9375,148.1563,149.6406,94.2261,3397100
2000-09-15,148.1875,148.2500,146.0000,146.0000,92.1647,4085700
2000-09-18,146.3750,146.9688,144.2031,144.6563,91.3164,5109300
2000-09-19,145.1250,146.3125,144.7031,145.9688,92.1449,6588200
2000-09-20,145.6875,146.0313,143.1563,144.8906,91.4643,6508100
2000-09-21,144.4688,145.5625,142.6250,142.6875,90.0736,5972300
2000-09-22,142.6250,145.3125,142.4219,145.2813,91.7110,7791300
2000-09-25,145.9375,146.0625,143.7188,144.2500,91.0599,9726300
2000-09-26,144.3750,145.0000,142.4063,142.4063,89.8960,5302400
2000-09-27,143.5625,143.9688,142.1250,143.1563,90.3695,7186200
2000-09-28,143.1875,146.3281,142.8906,145.0000,91.5334,7036400
2000-09-29,145.4688,145.9688,143.6250,143.6250,90.6653,9333600
2000-10-02,144.2813,144.9063,143.1406,143.8438,90.8035,5517800
2000-10-03,144.5313,145.7500,142.2813,142.5000,89.9552,9347200
2000-10-04,142.8750,144.2500,141.7500,143.6875,90.7048,6148900
2000-10-05,143.4063,144.8438,143.3125,144.1875,91.0205,4566900
2000-10-06,143.8750,144.6406,139.7500,141.0625,89.0478,10014900
2000-10-09,141.3125,141.3125,139.3750,140.0000,88.3771,4508000
2000-10-10,140.0938,141.2500,137.6875,137.6875,86.9172,6104700
2000-10-11,137.6250,138.6250,135.1250,136.5313,86.1874,10346000
2000-10-12,137.2813,137.5938,132.7813,133.1250,84.0371,12336900
2000-10-13,132.9375,137.6563,132.8750,137.5625,86.8383,11778800
2000-10-16,137.4063,138.2344,136.6875,138.1875,87.2329,5659000
2000-10-17,138.4375,138.5625,134.4063,134.7500,85.0630,7831700
2000-10-18,132.6250,136.1250,130.1563,134.2500,84.7473,10897300
2000-10-19,136.8438,139.4531,136.4375,139.3125,87.9431,8767300
2000-10-20,138.3750,141.1875,138.3750,139.9063,88.3179,7373500
2000-10-23,139.9375,141.0313,138.9375,140.5313,88.7124,5290000
2000-10-24,140.9688,141.9375,139.0000,139.5938,88.1206,5750700
2000-10-25,138.7500,139.5625,136.1250,136.3125,86.0493,9137600
2000-10-26,137.1250,137.6563,134.0313,136.6875,86.2860,9345800
2000-10-27,137.8750,139.2813,136.6250,139.2813,87.9233,9762900
2000-10-30,138.4375,141.0938,138.1563,140.5313,88.7124,10154100
2000-10-31,141.0156,143.6875,140.0625,142.9531,90.2412,7752400
2000-11-01,142.2500,143.2500,141.2188,142.4688,89.9355,6753600
2000-11-02,143.1563,143.9063,142.5156,142.7031,90.0835,11395100
2000-11-03,143.4688,143.7500,142.3750,142.7813,90.1328,5187100
2000-11-06,143.1563,144.2969,143.0313,143.7813,90.7640,4042500
2000-11-07,143.1406,144.0000,142.5625,143.7500,90.7442,5231300
2000-11-08,144.0625,144.0625,140.5625,140.5625,88.7321,6123300
2000-11-09,140.0000,141.2188,137.2500,140.0313,88.3967,10635300
2000-11-10,139.0000,139.4688,136.5313,136.6250,86.2465,8569500
2000-11-13,135.6250,136.9844,133.0156,135.5625,85.5758,17285300
2000-11-14,137.4688,139.6250,137.0000,139.1250,87.8247,7668900
2000-11-15,139.0625,140.1094,137.7500,139.5625,88.1009,8837700
2000-11-16,138.5781,139.8750,137.3125,137.3750,86.7200,6684100
2000-11-17,137.3125,139.0000,135.7500,136.6406,86.2564,6551100
2000-11-20,135.7500,136.3750,134.3125,134.6875,85.0235,5458500
2000-11-21,134.8750,136.1875,133.5156,135.3750,85.4575,7684300
2000-11-22,134.3438,134.8750,132.1250,132.1406,83.4157,5736900
2000-11-24,133.6250,134.9688,133.6250,134.8438,85.1221,3411600
2000-11-27,136.4688,136.6875,135.3125,136.0313,85.8717,5992000
2000-11-28,135.1250,136.5938,133.6406,133.6875,84.3922,5336100
2000-11-29,134.3750,135.9063,133.2656,133.4375,84.2344,6914100
2000-11-30,132.5000,133.5000,129.7500,132.2813,83.5045,11201600
2000-12-01,133.1875,134.0625,131.0000,132.2188,83.4650,7587200
2000-12-04,131.8750,133.8750,131.5000,133.3438,84.1752,6996600
2000-12-05,134.8750,138.2500,134.4063,137.7188,86.9370,8883400
2000-12-06,137.7813,138.3438,135.0313,135.5156,85.5462,12888000
2000-12-07,134.8750,135.8750,133.6563,133.6563,84.3725,6529100
2000-12-08,137.0625,139.4688,133.8750,133.9688,84.5697,10276300
2000-12-11,137.3750,139.5625,136.7188,138.6250,87.5091,6405600
2000-12-12,138.1875,138.8125,137.3750,138.0313,87.1342,5022900
2000-12-13,139.2500,139.4063,136.0313,136.1406,85.9408,6070500
2000-12-14,135.8750,136.5000,134.0313,134.4063,84.8459,7678400
2000-12-15,133.1250,133.1250,130.5625,130.9688,82.9295,9065300
2000-12-18,132.0625,133.4688,131.7656,132.7188,84.0376,7235400
2000-12-19,132.4688,134.9688,130.0156,130.0156,82.3260,9616600
2000-12-20,128.6250,128.9375,126.0938,126.2500,79.9416,9994300
2000-12-21,126.0000,128.8594,125.5313,127.1250,80.4957,14331500
2000-12-22,129.0000,131.1094,128.8438,130.9375,82.9097,10182900
2000-12-26,130.8438,132.3438,130.2813,132.3438,83.8002,4665300
2000-12-27,131.7500,133.7344,131.2500,133.3125,84.4136,4854100
2000-12-28,132.8125,133.8750,132.5938,133.7188,84.6708,8358700
2000-12-29,134.0625,134.2813,131.1875,131.1875,83.0681,8774600
2001-01-02,132.0000,132.1563,127.5625,128.8125,81.5642,8737500
2001-01-03,128.3125,136.0000,127.6563,135.0000,85.4821,19431600
2001-01-04,134.9375,135.4688,133.0000,133.5469,84.5620,9219000
2001-01-05,133.4688,133.6250,129.1875,129.1875,81.8017,12911400
2001-01-08,129.8750,130.1875,127.6875,130.1875,82.4349,6625300
2001-01-09,131.0469,131.5000,129.4219,129.8438,82.2172,5702400
2001-01-10,129.0000,132.1250,128.8125,132.1250,83.6617,8746100
2001-01-11,131.0938,133.4844,131.0938,132.2500,83.7409,7245100
2001-01-12,132.6875,133.7188,131.2813,132.0000,83.5826,7244000
2001-01-16,132.0000,133.1875,131.5156,132.8438,84.1168,8542200
2001-01-17,134.8438,135.0469,132.6406,133.4531,84.5026,7851400
2001-01-18,133.4375,135.7031,132.9375,134.7813,85.3437,8107000
2001-01-19,136.1875,136.1875,133.8750,134.0156,84.8588,7782500
2001-01-22,134.2500,135.7813,133.5625,134.9063,85.4228,7050900
2001-01-23,134.4688,136.6563,134.1563,135.9688,86.0956,8463100
2001-01-24,136.2500,137.3125,135.8438,136.3750,86.3528,6199900
2001-01-25,136.2500,137.2500,135.6563,136.0313,86.1351,10818300
2001-01-26,135.1563,136.1250,134.4531,135.8750,86.0361,7136800
2001-01-29,135.5000,136.9000,135.3700,136.6000,86.4952,6705900
2001-01-30,136.3000,137.9200,135.7900,137.8000,87.2551,7069100
2001-01-31,137.4000,138.7000,136.6000,137.0200,86.7612,9706900
2001-02-01,137.1000,137.9500,136.2500,137.9300,87.3374,8239100
2001-02-02,137.4000,137.9900,134.7500,134.8000,85.3555,8276600
2001-02-05,134.8000,135.9400,134.7500,135.7900,85.9823,4352900
2001-02-06,135.3000,136.7000,135.2200,135.3900,85.7291,7106700
2001-02-07,134.7200,135.4000,133.6800,134.6900,85.2858,5748700
2001-02-08,134.8000,135.4000,133.1000,133.1200,84.2917,5943300
2001-02-09,133.3500,133.3500,131.2600,131.8400,83.4812,9913000
2001-02-12,131.7000,133.5000,131.7000,133.3500,84.4373,5804400
2001-02-13,133.7000,134.1700,132.0000,132.2600,83.7472,6587600
2001-02-14,132.6500,132.6500,130.6600,132.0600,83.6205,8400100
2001-02-15,132.8400,133.5200,131.9900,133.3400,84.4310,5929800
2001-02-16,131.0000,131.2900,129.3000,130.4000,82.5694,6434900
2001-02-20,131.0400,131.1400,128.1000,128.3900,81.2967,5760000
2001-02-21,127.9000,128.8400,125.5000,125.6200,79.5427,10910800
2001-02-22,126.3500,126.5400,123.0200,125.8100,79.6630,21281600
2001-02-23,125.0800,125.5400,121.8000,124.9600,79.1248,20173000
2001-02-26,125.8000,127.6200,124.5000,127.6200,80.8091,11503700
2001-02-27,126.8000,127.8400,125.5100,126.4400,80.0619,11415000
2001-02-28,126.7500,126.8400,123.2700,123.9500,78.4852,14825800
2001-03-01,124.0500,124.6000,121.7500,124.6000,78.8968,14672000
2001-03-02,122.5000,125.6500,122.3000,123.6100,78.2700,12564300
2001-03-05,124.1500,124.7800,123.8100,124.7400,78.9855,5293200
2001-03-06,126.3500,127.7500,125.4900,126.0800,79.8339,6917000
2001-03-07,126.9000,127.0400,125.7600,126.9800,80.4038,6371700
2001-03-08,126.6000,127.2400,126.1400,127.1200,80.4925,6055000
2001-03-09,126.1000,126.1000,123.1100,123.3600,78.1117,10020300
2001-03-12,122.3400,122.5000,117.7500,118.0800,74.7684,13972900
2001-03-13,119.4000,120.4400,117.5300,120.0200,75.9968,12888000
2001-03-14,117.0500,119.2900,115.7500,117.6500,74.4961,19883400
2001-03-15,118.4500,118.8600,117.3600,117.6800,74.5151,10370300
2001-03-16,117.1300,117.4000,114.8100,115.0100,73.0205,58514600
2001-03-19,115.7600,117.6900,114.8200,117.3500,74.5062,10067800
2001-03-20,117.9000,118.4600,114.1100,114.2000,72.5063,15083900
2001-03-21,114.1800,115.2600,111.9000,112.2600,71.2745,19004600
2001-03-22,112.0200,112.6000,108.0400,111.1200,70.5508,28624800
2001-03-23,113.2500,114.6600,111.5000,114.4800,72.6840,12861700
2001-03-26,115.7000,116.2700,114.7700,115.9400,73.6110,9943800
2001-03-27,115.6200,118.6500,115.2800,118.3100,75.1157,12880700
2001-03-28,116.9000,116.9500,114.9000,115.0400,73.0396,10953300
2001-03-29,114.7000,116.5000,112.1400,115.4800,73.3190,12060300
2001-03-30,115.5500,116.6900,114.5000,116.6900,74.0872,9183600
2001-04-02,116.3000,117.3800,113.8000,114.2000,72.5063,10561000
2001-04-03,113.9800,114.1500,110.0600,110.3900,70.0872,12836000
2001-04-04,110.5700,112.1000,109.3000,110.8500,70.3793,14884300
2001-04-05,113.3000,115.4900,112.5000,115.0500,73.0459,21522800
2001-04-06,113.9900,114.4000,112.0600,113.3000,71.9348,14937800
2001-04-09,114.0000,114.9900,112.7800,114.5600,72.7348,9034300
2001-04-10,115.4500,117.7500,115.1700,116.6500,74.0618,17873600
2001-04-11,118.7800,118.9900,116.1400,116.7300,74.1125,12722300
2001-04-12,116.3000,118.9400,115.9600,118.8500,75.4586,9233200
2001-04-16,118.2900,118.8900,116.9100,117.6000,74.6649,7350000
2001-04-17,117.3100,119.6600,117.0200,119.2600,75.7189,10924700
2001-04-18,121.0600,126.0000,120.6900,124.0000,78.7283,32481600
2001-04-19,124.2500,125.8400,123.5800,125.6500,79.7759,13809900
2001-04-20,124.9000,125.4000,123.6600,124.5000,79.0458,7626700
2001-04-23,123.6500,123.8900,121.9100,122.2400,77.6109,8451800
2001-04-24,122.5200,123.6500,121.1000,121.5800,77.1918,10044700
2001-04-25,121.4200,123.6700,120.9500,123.1700,78.2013,8249000
2001-04-26,123.7300,125.2200,123.5000,123.7200,78.5505,10590400
2001-04-27,124.9200,125.8400,124.2000,125.7800,79.8584,7938700
2001-04-30,126.4500,127.2700,124.6700,126.6600,80.4172,10766900
2001-05-01,125.0700,127.1500,124.6000,127.0500,80.6648,10578000
2001-05-02,127.4100,127.6900,126.0000,126.8200,80.5188,9572900
2001-05-03,126.1300,126.1500,124.2200,125.2100,79.4966,9926200
2001-05-04,123.6500,127.3500,123.4400,127.3400,80.8489,12145300
2001-05-07,126.8600,127.3800,126.2300,126.2400,80.1505,7185200
2001-05-08,126.8600,127.1000,125.5600,126.1800,80.1124,6952600
2001-05-09,125.2500,126.5500,125.0600,125.6500,79.7759,9507400
2001-05-10,127.2600,127.5000,125.7700,126.0200,80.0108,6872400
2001-05-11,126.0000,126.4900,124.4000,125.1500,79.4585,7734400
2001-05-14,124.9000,125.4400,124.4600,125.4000,79.6172,7914000
2001-05-15,125.5500,126.5000,124.8500,125.9800,79.9854,9782200
2001-05-16,124.8400,129.2000,124.6200,128.9500,81.8711,14909000
2001-05-17,129.0000,130.0800,128.5600,129.1500,81.9981,11824600
2001-05-18,129.0900,129.7400,128.1000,129.7400,82.3727,6683100
2001-05-21,129.8400,131.8400,129.1500,131.6500,83.5854,11531500
2001-05-22,131.8300,132.0900,131.0700,131.4800,83.4774,8342700
2001-05-23,131.0500,131.0500,129.2500,129.2500,82.0616,12330800
2001-05-24,129.4700,130.0000,128.5500,129.6300,82.3028,7902800
2001-05-25,129.6500,129.7000,127.9000,128.1000,81.3314,7425000
2001-05-29,128.2200,128.3500,126.9000,127.0800,80.6838,9003900
2001-05-30,126.5900,127.0900,125.0000,125.3000,79.5537,10041800
2001-05-31,125.4300,126.7600,125.2600,125.9500,79.9664,9874200
2001-06-01,126.2000,127.1000,125.1200,126.7300,80.4616,8848300
2001-06-04,126.8000,127.4300,126.0800,127.3400,80.8489,5623500
2001-06-05,127.4900,129.2300,127.2700,128.8000,81.7759,9115400
2001-06-06,128.8300,128.8300,127.3600,127.7300,81.0965,12064900
2001-06-07,127.0500,128.3500,127.0000,128.1900,81.3886,7355300
2001-06-08,127.7000,127.8700,126.1400,127.0000,80.6330,8170600
2001-06-11,126.7100,126.9900,125.4100,126.1000,80.0616,7012200
2001-06-12,124.8600,126.7400,124.0400,125.8800,79.9220,9364400
2001-06-13,126.1700,126.5800,124.6500,124.8000,79.2363,7629400
2001-06-14,124.1800,124.3000,121.7500,122.0000,77.4585,12603000
2001-06-15,120.9100,122.4000,120.4000,121.8500,77.5833,16821100
2001-06-18,121.6500,122.4400,120.9100,121.2600,77.2076,11368300
2001-06-19,122.3800,122.8900,120.8900,121.7900,77.5451,7732300
2001-06-20,121.1900,122.8600,121.1000,122.4300,77.9526,8787200
2001-06-21,122.2200,124.3100,122.1500,123.8200,78.8376,12259100
2001-06-22,123.4900,123.5900,122.1600,122.8500,78.2200,12212000
2001-06-25,123.2800,123.4400,121.5000,121.7200,77.5005,8406800
2001-06-26,120.9000,122.3900,120.5700,121.5500,77.3923,8005800
2001-06-27,121.6000,122.2400,120.9100,121.4800,77.3477,10105100
2001-06-28,122.0000,123.9400,121.9300,122.1500,77.7743,10269300
2001-06-29,122.8000,124.0100,122.2600,122.6000,78.0608,9824200
2001-07-02,122.8000,124.3200,122.6200,124.1300,79.0350,8522200
2001-07-03,123.9800,124.1000,123.0500,124.1000,79.0159,3303100
2001-07-05,123.0700,123.6500,121.6600,121.6800,77.4751,5517900
2001-07-06,121.3100,121.4900,119.0500,119.0500,75.8005,11665900
2001-07-09,119.4900,120.5400,119.2000,119.7000,76.2144,8339300
2001-07-10,120.2900,120.6400,118.2100,118.2600,75.2975,8630700
2001-07-11,118.1000,118.8900,117.0900,118.3800,75.3739,15328600
2001-07-12,119.5000,121.4700,119.3100,121.1900,77.1631,12002800
2001-07-13,120.8400,122.3200,120.6200,122.2400,77.8316,10433800
2001-07-16,121.7700,122.2800,120.2900,120.7100,76.8574,6915300
2001-07-17,120.2000,121.9500,119.8300,121.8400,77.5769,7469800
2001-07-18,120.5600,121.6400,120.0600,121.0100,77.0485,7709300
2001-07-19,122.1800,122.9800,120.7600,122.0700,77.7234,10082900
2001-07-20,121.1500,121.9400,120.9200,121.3400,77.2586,6705800
2001-07-23,121.8000,121.8800,118.9500,118.9500,75.7368,8065200
2001-07-24,119.0000,119.2000,116.7500,117.8000,75.0046,12269000
2001-07-25,117.9200,119.4800,117.4600,119.1000,75.8323,12088500
2001-07-26,119.0600,120.8500,118.5600,120.3500,76.6282,12898200
2001-07-27,120.8300,121.3500,119.9100,120.8100,76.9211,8478800
2001-07-30,121.1900,121.3500,120.3000,120.8500,76.9466,8547700
2001-07-31,121.0000,122.6800,120.8000,121.3500,77.2649,11918100
2001-08-01,121.9700,122.7000,121.5500,122.1100,77.7489,11940800
2001-08-02,123.2300,123.2500,121.8900,122.6100,78.0672,11070100
2001-08-03,122.3600,122.3600,120.9000,121.9400,77.6406,10816300
2001-08-06,121.3500,121.5100,120.1000,120.3000,76.5964,8550100
2001-08-07,120.2700,121.2000,119.9100,120.7700,76.8957,8865100
2001-08-08,120.1200,121.1600,118.4300,118.5300,75.4694,15183800
2001-08-09,118.7000,118.9700,117.8600,118.8800,75.6923,14118500
2001-08-10,118.8000,119.8400,117.3400,119.2900,75.9533,11173300
2001-08-13,119.6000,119.8500,118.8100,119.3200,75.9724,7431600
2001-08-14,120.1400,120.3500,118.8000,119.2700,75.9406,13178100
2001-08-15,119.2300,119.6100,118.0800,118.2400,75.2848,8520600
2001-08-16,117.8000,118.7500,117.0000,118.6500,75.5458,10734700
2001-08-17,117.6500,117.8700,116.0100,116.7500,74.3361,11604600
2001-08-20,116.8000,117.9000,116.5500,117.8300,75.0237,10417400
2001-08-21,117.8000,118.5400,115.8000,115.8200,73.7439,14480800
2001-08-22,116.7500,117.4300,115.7800,117.0200,74.5080,11752300
2001-08-23,116.9600,117.5200,116.4900,116.6000,74.2406,8744100
2001-08-24,117.2100,119.1300,116.7400,119.0200,75.7814,11687700
2001-08-27,118.9700,119.2000,118.2600,118.3100,75.3293,7425100
2001-08-28,118.2800,118.4900,116.5800,116.5800,74.2278,12046600
2001-08-29,117.1300,117.1800,115.1700,115.5400,73.5657,16180000
2001-08-30,114.8500,115.7400,112.0400,113.3200,72.1521,17692600
2001-08-31,113.4000,114.7700,113.1300,114.1500,72.6806,15985400
2001-09-04,113.8500,116.1700,113.3700,113.4200,72.2158,24473400
2001-09-05,113.7000,114.1900,111.9500,113.7000,72.3941,21477100
2001-09-06,112.6500,113.3000,110.7700,110.7700,70.5285,21653000
2001-09-07,110.0200,111.2500,108.6300,108.7200,69.2233,33133900
2001-09-10,107.7000,110.3500,107.7000,110.0500,70.0701,23408700
2001-09-17,101.0000,106.4000,100.0000,104.3000,66.4090,32388700
2001-09-18,104.3300,105.3000,103.3600,104.0500,66.2499,22029200
2001-09-19,104.1000,104.5000,98.5600,101.9500,64.9127,42771800
2001-09-20,100.4000,101.8100,98.5600,98.7100,62.8498,36210900
2001-09-21,94.2800,98.9900,93.8000,97.2800,62.1717,49782100
2001-09-24,99.7200,101.1600,99.0600,100.7000,64.3574,25549600
2001-09-25,100.7500,102.0000,99.9000,101.7500,65.0285,25466200
2001-09-26,102.3500,102.4000,100.4300,101.3900,64.7984,18587500
2001-09-27,101.2500,102.2900,100.0000,102.2700,65.3608,20536800
2001-09-28,102.9800,109.6200,102.5000,104.4400,66.7477,21687200
2001-10-01,103.9000,104.3200,102.8300,104.2700,66.6390,20457400
2001-10-02,104.0000,105.5800,103.6500,105.5800,67.4762,19833100
2001-10-03,104.6000,107.8800,104.3500,107.3500,68.6074,32045800
2001-10-04,108.2900,108.9700,106.7500,107.4400,68.6650,32674100
2001-10-05,107.2500,107.6200,105.5200,107.2300,68.5308,29796100
2001-10-08,106.2700,107.3000,105.8700,106.5300,68.0834,12970300
2001-10-09,106.6100,106.7500,105.6000,105.9600,67.7191,15976300
2001-10-10,105.8000,108.5500,105.5200,108.3200,69.2274,19987400
2001-10-11,108.9500,110.3000,108.9500,110.0000,70.3011,23006300
2001-10-12,109.1500,109.8900,107.3000,109.5000,69.9815,31360500
2001-10-15,108.6300,109.4500,108.0600,109.3000,69.8537,16873000
2001-10-16,109.8000,110.6100,108.9500,109.9900,70.2947,15877100
2001-10-17,111.0700,111.1500,107.6500,107.6500,68.7992,28542300
2001-10-18,107.8200,108.1600,106.7500,107.4200,68.6522,16510000
2001-10-19,107.0000,107.9100,106.0100,107.3500,68.6074,21912500
2001-10-22,107.3000,109.5700,107.2100,109.4700,69.9623,17540600
2001-10-23,109.9600,110.2800,108.3800,108.9100,69.6044,22062500
2001-10-24,108.9800,109.4500,108.2200,108.6200,69.4191,16065200
2001-10-25,107.4500,110.6000,106.7400,110.5700,70.6654,27467900
2001-10-26,109.9500,111.7900,109.6700,110.3200,70.5056,18623300
2001-10-29,110.1600,110.5500,107.4500,107.4500,68.6714,18727500
2001-10-30,107.3500,107.7000,105.5600,106.1600,67.8469,26178600
2001-10-31,106.9000,107.8600,105.8000,105.8000,67.6169,28124200
2001-11-01,106.6000,109.0100,105.7000,108.5100,69.3488,29806800
2001-11-02,108.4400,109.3800,107.8700,109.2500,69.8217,17575900
2001-11-05,110.1200,111.0900,109.9500,110.6800,70.7357,15929500
2001-11-06,110.3500,112.4800,109.8500,112.4000,71.8349,23245800
2001-11-07,111.7700,113.1200,111.6400,112.2500,71.7391,19716000
2001-11-08,112.8700,114.0800,111.9000,112.6000,71.9627,22563500
2001-11-09,112.2500,112.9600,111.4400,112.7200,72.0394,15895800
2001-11-12,111.0000,112.6500,110.0000,112.0300,71.5985,26068800
2001-11-13,113.4400,114.5500,113.1800,114.5500,73.2090,15296200
2001-11-14,115.1700,115.4000,113.7100,114.6600,73.2793,17571300
2001-11-15,114.3700,115.1800,113.9300,114.8700,73.4135,19470200
2001-11-16,115.0800,115.1000,113.4000,114.3600,73.0876,18134900
2001-11-19,114.9200,115.8500,114.4500,115.7700,73.9887,13625400
2001-11-20,115.3700,115.8000,114.6400,114.8000,73.3687,16209700
2001-11-21,114.5000,114.6700,113.5100,114.0400,72.8830,11470200
2001-11-23,114.0400,115.7500,114.0000,115.6800,73.9311,6717100
2001-11-26,115.7500,116.3400,115.0700,115.9300,74.0910,13726000
2001-11-27,115.6200,116.9000,114.0900,115.4300,73.7714,19261400
2001-11-28,114.7400,115.1700,113.2500,113.3400,72.4357,20195500
2001-11-29,113.6600,114.9200,113.0000,114.8700,73.4135,16354700
2001-11-30,114.4000,114.9100,114.0200,114.0500,72.8894,13680300
2001-12-03,113.6500,114.0800,113.0100,113.3700,72.4548,15220400
2001-12-04,113.9200,115.3000,113.3500,115.2900,73.6819,17239900
2001-12-05,115.6100,118.0000,115.5600,117.4000,75.0304,25204000
2001-12-06,117.3400,117.9400,116.9300,117.3400,74.9921,17972900
2001-12-07,116.9000,117.0900,115.7000,116.5600,74.4936,18857800
2001-12-10,115.8500,116.3900,114.3500,114.3800,73.1004,13862700
2001-12-11,114.9000,115.7200,113.9000,114.1500,72.9534,20833300
2001-12-12,114.5500,114.7800,113.1100,114.2800,73.0365,16171500
2001-12-13,113.4500,113.7000,112.0400,112.0600,71.6176,19026700
2001-12-14,112.3300,113.4900,112.0000,113.1300,72.3015,16721900
2001-12-17,112.9900,114.3600,112.9000,114.3000,73.0492,13925900
2001-12-18,114.6300,115.1500,114.3400,114.9800,73.4838,13663700
2001-12-19,114.0900,115.9200,114.0000,115.7900,74.0015,20143400
2001-12-20,115.5000,115.8000,114.5500,114.6500,73.2729,14867900
2001-12-21,115.0300,115.0700,114.2000,114.9500,73.7173,14037700
2001-12-24,114.8300,115.0400,114.6100,114.7300,73.5762,5728800
2001-12-26,114.6500,116.2100,114.6500,115.3600,73.9802,10304800
2001-12-27,115.3000,116.0800,115.2500,116.0600,74.4292,9407300
2001-12-28,116.2900,116.7500,115.9200,116.0000,74.3907,10593800
2001-12-31,116.1500,116.3900,114.2300,114.3000,73.3005,14619500
2002-01-02,115.1100,115.7500,113.8100,115.5300,74.0892,18651900
2002-01-03,115.6500,116.9500,115.5400,116.8400,74.9294,15743000
2002-01-04,117.1700,117.9800,116.5500,117.6200,75.4296,20140700
2002-01-07,117.7000,117.9900,116.5600,116.7900,74.8973,13106500
2002-01-08,116.7900,117.0600,115.9700,116.5200,74.7241,12683700
2002-01-09,116.6800,117.7800,115.3400,115.5700,74.1149,16610300
2002-01-10,115.6900,116.3500,115.3000,116.0800,74.4420,12823400
2002-01-11,116.2100,116.2800,114.7000,114.9400,73.7109,13708400
2002-01-14,114.6500,114.8400,113.9600,114.2200,73.2492,12301100
2002-01-15,114.5500,115.3900,113.9000,115.1500,73.8456,20219900
2002-01-16,114.3000,114.4000,112.6900,112.8200,72.3513,17067000
2002-01-17,113.7600,114.2400,113.4000,113.6700,72.8965,17283400
2002-01-18,113.0000,113.8500,112.6700,113.1500,72.5630,17028000
2002-01-22,113.7500,113.9300,112.0200,112.3700,72.0628,11689300
2002-01-23,112.6300,113.5500,112.0200,113.2300,72.6143,12438900
2002-01-24,113.6400,114.2500,113.3200,113.5800,72.8387,12142800
2002-01-25,113.1200,114.1800,113.0400,113.5500,72.8195,12810700
2002-01-28,113.9000,114.1900,112.9200,113.8600,73.0183,10589200
2002-01-29,113.8500,114.1300,110.0500,110.2800,70.7225,27720800
2002-01-30,110.3900,113.3900,108.4000,111.8700,71.7421,34711800
2002-01-31,112.1500,113.3000,111.6200,113.1800,72.5822,19909200
2002-02-01,113.0900,113.3000,112.1700,112.6500,72.2423,15838500
2002-02-04,112.2300,112.2300,109.4400,109.8500,70.4467,24243400
2002-02-05,109.4000,110.4900,108.5300,109.1700,70.0106,33614000
2002-02-06,109.6500,109.7400,108.0600,108.7000,69.7092,29486000
2002-02-07,108.7200,109.8600,108.0000,108.0200,69.2731,23445400
2002-02-08,108.6300,110.7500,108.3000,110.0900,70.6006,19277800
2002-02-11,110.0500,111.6400,109.8200,111.4400,71.4664,18792400
2002-02-12,110.9600,111.7100,110.0300,111.0900,71.2419,13942500
2002-02-13,111.4800,112.5400,111.3500,112.2700,71.9986,16781100
2002-02-14,112.5100,112.9700,111.5900,112.0600,71.8640,20453800
2002-02-15,112.1500,112.2400,110.7100,110.8900,71.1136,18366800
2002-02-19,110.1500,110.2900,108.6100,108.7600,69.7477,15988100
2002-02-20,109.0500,110.5900,107.8200,110.5900,70.9213,29242800
2002-02-21,109.9300,110.6300,108.2600,108.3000,69.4527,26288600
2002-02-22,108.3500,109.9400,107.8700,109.6400,70.3120,26572900
2002-02-25,109.7400,111.8100,109.7000,111.4500,71.4728,17458700
2002-02-26,111.6000,112.0400,110.5700,111.2200,71.3253,22346500
2002-02-27,111.9600,112.8600,110.6500,111.6500,71.6010,28597900
2002-02-28,111.8300,112.7500,111.0300,111.1500,71.2804,23755400
2002-03-01,111.7200,113.8500,111.5100,113.7400,72.9413,26273600
2002-03-04,113.9000,115.9900,113.6500,115.7500,74.2304,27184600
2002-03-05,115.3300,116.4000,114.9700,115.3800,73.9930,22718900
2002-03-06,115.1000,117.1500,115.0700,116.7500,74.8717,20143200
2002-03-07,117.3600,117.5000,115.5700,116.5000,74.7113,19330800
2002-03-08,117.3800,117.9000,116.4800,116.9900,75.0256,19930100
2002-03-11,116.8900,117.9000,116.4300,117.2400,75.1859,15621800
2002-03-12,116.1000,117.2500,115.9400,117.1700,75.1410,17153600
2002-03-13,116.6300,116.7500,115.6400,116.0400,74.4163,17175300
2002-03-14,116.0400,116.4300,115.6300,115.8800,74.3137,11168100
2002-03-15,115.9700,116.9500,115.9000,116.6500,75.0218,21220100
2002-03-18,117.1000,117.5600,116.1000,116.6700,75.0347,17548900
2002-03-19,117.3000,117.7400,116.8200,117.4500,75.5363,17912000
2002-03-20,116.5000,116.5800,115.1900,115.2400,74.1150,17114500
2002-03-21,115.3000,115.9000,114.1200,115.2900,74.1471,25846800
2002-03-22,115.5000,115.9400,114.7000,115.0400,73.9864,15235400
2002-03-25,115.0900,115.3600,113.3000,113.6100,73.0667,17499600
2002-03-26,113.5200,115.0200,113.4700,114.2700,73.4911,19947600
2002-03-27,114.0300,115.0100,113.7600,114.5700,73.6841,19020300
2002-03-28,114.9700,115.7700,114.5000,114.5200,73.6519,17532900
2002-04-01,114.2300,115.1000,113.5000,114.5700,73.6841,17711000
2002-04-02,113.9800,114.9500,113.7700,113.9400,73.2789,15669500
2002-04-03,114.0100,114.2100,112.1600,113.1400,72.7644,25658500
2002-04-04,112.6000,113.4000,112.2300,112.6700,72.4621,23549000
2002-04-05,113.1900,113.6300,112.1800,112.6900,72.4750,19404900
2002-04-08,111.3200,113.0300,111.2300,112.9300,72.6293,16470100
2002-04-09,113.1800,113.1800,111.9300,112.1400,72.1213,15122700
2002-04-10,112.1000,113.5400,112.0900,113.4100,72.9381,17199300
2002-04-11,112.8900,113.0500,110.5000,110.5900,71.1244,25453700
2002-04-12,111.0200,111.6500,110.0400,111.4200,71.6582,14950600
2002-04-15,111.6200,111.8600,110.2000,110.5700,71.1116,17394900
2002-04-16,111.7000,113.3200,111.6700,113.2000,72.8030,15040900
2002-04-17,113.3900,113.6700,112.6000,112.9600,72.6487,12920100
2002-04-18,112.9000,113.4600,111.1500,112.4700,72.3335,25204800
2002-04-19,113.2000,113.2400,112.5600,112.8800,72.5972,10499200
2002-04-22,112.3800,112.4300,110.8400,111.0000,71.3881,13922900
2002-04-23,111.0900,111.4800,110.1700,110.5200,71.0794,16967000
2002-04-24,110.5600,111.8100,109.4000,109.4100,70.3655,18902700
2002-04-25,109.2100,109.7400,108.7200,109.4700,70.4041,25451500
2002-04-26,109.7900,110.0100,107.2900,107.3900,69.0664,19769800
2002-04-29,107.9300,108.2600,106.6300,106.8600,68.7255,17724400
2002-04-30,107.0200,108.6400,106.6400,107.8600,69.3686,19473500
2002-05-01,107.9700,109.2500,106.8000,109.1800,70.2176,24575600
2002-05-02,109.1000,109.9100,107.7800,108.7600,69.9475,15666800
2002-05-03,108.6000,108.7600,107.2000,107.5800,69.1886,18185500
2002-05-06,107.6400,107.9900,105.3100,105.4700,67.8315,23630400
2002-05-07,106.1000,106.3200,104.9000,105.1000,67.5936,21910000
2002-05-08,107.0500,109.3600,106.7900,109.0100,70.1083,27917400
2002-05-09,108.6500,109.1000,107.5800,107.7500,69.2979,18085600
2002-05-10,107.9700,108.0500,105.6000,105.7200,67.9923,18958900
2002-05-13,106.2200,107.9500,105.7900,107.8700,69.3750,14677700
2002-05-14,109.6200,110.3700,109.0000,110.2200,70.8864,34201200
2002-05-15,109.5000,110.9100,109.2900,109.7900,70.6099,29535300
2002-05-16,109.7000,110.4800,109.3300,110.3600,70.9765,28092000
2002-05-17,110.6600,111.2500,110.1000,110.9000,71.3238,27823700
2002-05-20,110.6400,110.6900,109.4900,109.7000,70.5520,13833800
2002-05-21,110.1100,110.4800,108.3200,108.7000,69.9089,16877200
2002-05-22,108.2200,109.1200,108.0000,108.9400,70.0632,15844200
2002-05-23,109.2600,110.3600,108.4800,110.1000,70.8093,13879800
2002-05-24,109.9800,110.2000,108.6100,108.6900,69.9024,11877000
2002-05-28,109.0500,109.1300,107.4500,108.1000,69.5230,24236900
2002-05-29,107.6200,108.0200,107.1300,107.3000,69.0085,14773300
2002-05-30,106.5500,107.5100,105.9000,107.0000,68.8156,18217900
2002-05-31,107.4000,108.5600,106.8500,107.2200,68.9571,19826300
2002-06-03,107.0900,107.6000,104.1300,104.3700,67.1241,26056300
2002-06-04,104.1500,105.2000,103.5500,104.6300,67.2913,25856200
2002-06-05,104.9500,105.6700,104.3500,105.6100,67.9216,19695900
2002-06-06,105.5400,105.6000,103.1500,103.4600,66.5389,22998500
2002-06-07,101.7800,103.9200,101.7200,103.3400,66.4616,24011600
2002-06-10,103.2400,104.4600,103.0200,103.7400,66.7189,18759900
2002-06-11,104.1300,104.5400,101.7300,101.9600,65.5742,19990700
2002-06-12,101.7100,102.8100,100.7800,102.5800,65.9729,31266000
2002-06-13,102.1300,103.0000,101.3400,101.5500,65.3105,21043900
2002-06-14,100.3100,101.5600,98.5000,101.4000,65.2139,39267500
2002-06-17,101.9200,104.3400,101.8500,104.1200,66.9633,17647200
2002-06-18,103.7400,105.0300,103.6300,104.9700,67.5100,21628500
2002-06-19,103.5000,104.4300,102.2400,102.5200,65.9343,21540700
2002-06-20,102.2600,103.0500,100.9600,101.2100,65.0918,25691000
2002-06-21,100.4700,100.9300,98.6800,99.2800,64.0740,31190700
2002-06-24,98.6100,100.6900,97.2500,99.8000,64.4097,37169700
2002-06-25,100.3000,100.8900,97.5400,97.5600,62.9639,33355000
2002-06-26,95.2000,98.1500,95.1900,97.7200,63.0672,37913600
2002-06-27,98.5000,99.4900,96.5700,99.4300,64.1708,31616400
2002-06-28,99.2400,100.5000,98.8800,98.9600,63.8675,28184200
2002-07-01,99.1800,99.8000,96.8900,97.0300,62.6219,20270200
2002-07-02,96.8600,97.2000,94.7700,94.9700,61.2924,34213900
2002-07-03,94.6200,95.8400,93.7200,95.5100,61.6409,30565800
2002-07-05,96.7800,99.5300,96.6600,99.3100,64.0934,19013500
2002-07-08,98.9800,99.7000,97.5600,98.0700,63.2931,19118600
2002-07-09,97.7300,98.3400,95.0100,95.6000,61.6990,28620400
2002-07-10,96.0000,96.0700,92.0400,92.1200,59.4531,50522500
2002-07-11,91.7600,93.3500,90.3200,92.8700,59.9371,59476500
2002-07-12,93.3300,93.8900,91.5200,91.8500,59.2788,39018600
2002-07-15,91.6400,92.4000,87.8900,92.3400,59.5950,77317200
2002-07-16,91.1200,92.3800,89.8700,90.5600,58.4462,53282400
2002-07-17,92.4600,93.3000,89.7500,90.7400,58.5624,48880600
2002-07-18,90.7000,91.1000,87.7500,87.8000,56.6650,32656700
2002-07-19,86.7600,87.5500,84.3000,84.7100,54.6707,77572600
2002-07-22,84.1000,85.9100,81.4500,82.2000,53.0508,78134000
2002-07-23,82.5500,83.2400,79.7500,79.9500,51.5987,74484100
2002-07-24,78.1300,85.1200,77.6800,84.7200,54.6772,107022800
2002-07-25,84.2700,85.8500,81.6000,84.0000,54.2125,87176600
2002-07-26,84.6500,85.9300,83.8000,85.6000,55.2451,41206800
2002-07-29,87.5000,90.3400,87.3000,89.7700,57.9364,53492900
2002-07-30,89.3200,91.4000,88.7200,90.9400,58.6915,47532200
2002-07-31,90.4900,91.5500,89.2500,91.1600,58.8335,44669900
2002-08-01,90.8800,91.3500,88.3300,88.7800,57.2975,66571900
2002-08-02,88.5000,88.9100,85.6200,86.7900,56.0131,51772900
2002-08-05,86.4900,86.9300,83.5500,83.7700,54.0641,47191300
2002-08-06,85.2300,87.9000,85.1100,86.5900,55.8840,64730000
2002-08-07,87.8700,88.5000,85.7700,88.1000,56.8586,43289400
2002-08-08,88.4200,91.1000,87.8000,90.9500,58.6979,48339800
2002-08-09,90.1000,91.9400,89.3500,91.2900,58.9174,41879200
2002-08-12,89.9900,91.2700,89.5500,90.6200,58.4850,25841700
2002-08-13,90.1500,91.6600,88.6500,88.9700,57.4201,49690500
2002-08-14,89.0200,92.6300,88.0200,92.2200,59.5176,57423600
2002-08-15,92.8400,93.9900,92.2000,93.5000,60.3437,45551500
2002-08-16,92.8200,94.0800,92.0000,93.2200,60.1630,36517300
2002-08-19,93.4600,95.7500,93.1000,95.4000,61.5699,33669900
2002-08-20,94.8200,95.4000,93.6200,94.3900,60.9181,30508300
2002-08-21,95.0600,95.7800,93.5700,95.7500,61.7958,39628900
2002-08-22,95.4900,97.1500,95.0700,96.6800,62.3960,38399800
2002-08-23,96.0100,96.1500,94.1500,94.6000,61.0536,33716400
2002-08-26,94.9100,95.6400,93.5000,95.2600,61.4796,33830100
2002-08-27,95.7000,96.2500,93.5000,94.1600,60.7696,35335700
2002-08-28,93.2800,93.4900,91.8000,92.1000,59.4402,38970600
2002-08-29,91.2700,93.0500,90.8100,92.1400,59.4660,42965700
2002-08-30,91.6800,93.3900,91.4000,91.7800,59.2336,30366700
2002-09-03,90.7300,91.0000,88.1500,88.2800,56.9748,76586400
2002-09-04,88.6100,90.2500,88.0600,89.5400,57.7879,51099500
2002-09-05,88.4900,89.4300,87.5000,88.7800,57.2975,67250900
2002-09-06,89.7500,90.5700,89.3400,90.0000,58.0848,38622200
2002-09-09,89.1000,91.3500,88.8000,90.6600,58.5108,33998400
2002-09-10,91.1400,91.7800,90.5600,91.7000,59.1820,41416600
2002-09-11,92.4700,93.3300,91.1000,91.1300,58.8141,27711200
2002-09-12,90.7500,90.8400,88.9900,89.4500,57.7299,43601700
2002-09-13,88.6900,89.9000,88.2500,89.6700,57.8718,41131000
2002-09-16,89.3100,89.8900,88.4600,89.8900,58.0138,28167600
2002-09-17,90.8900,91.1900,87.7500,87.8300,56.6843,47609700
2002-09-18,87.0100,88.5000,86.2800,86.9500,56.1164,54719400
2002-09-19,85.9900,86.8000,84.7000,84.7000,54.6643,48510500
2002-09-20,84.9200,85.2000,84.0500,84.3500,54.6824,46325600
2002-09-23,83.6500,84.0600,82.6900,83.6600,54.2351,46893800
2002-09-24,82.4400,83.6500,81.8500,82.3100,53.3599,69507000
2002-09-25,83.3700,84.7700,82.0400,84.3500,54.6824,59294400
2002-09-26,85.0200,85.9700,84.4500,85.7300,55.5770,53638000
2002-09-27,85.0000,85.6300,82.7500,82.7500,53.6452,64648300
2002-09-30,82.0000,82.8000,80.9000,81.7900,53.0228,73096400
2002-10-01,82.4300,85.7700,81.4700,85.7200,55.5706,67198100
2002-10-02,84.6900,85.5300,82.6000,83.1500,53.9045,56749100
2002-10-03,83.1400,84.6000,81.9500,82.3100,53.3599,55547000
2002-10-04,82.8000,82.9200,79.5800,80.8000,52.3810,68483700
2002-10-07,80.0600,81.2000,78.5500,79.1300,51.2984,53188000
2002-10-08,79.8100,81.3100,78.2000,80.3700,52.1023,79531000
2002-10-09,79.0900,79.7000,77.7800,78.1000,50.6307,79956400
2002-10-10,77.9400,81.0700,77.0700,80.6300,52.2708,76749000
2002-10-11,82.1000,84.7300,81.8200,84.1600,54.5593,82308300
2002-10-14,83.2000,84.8500,83.0400,84.6300,54.8639,40631900
2002-10-15,86.9900,88.7200,86.8500,88.7000,57.5024,82320300
2002-10-16,87.4100,87.8000,85.9200,86.5500,56.1087,62977800
2002-10-17,88.8700,89.3000,87.8500,88.2700,57.2237,68534100
2002-10-18,87.6500,89.1100,86.9300,88.6400,57.4636,47448700
2002-10-21,88.1200,90.5000,87.5700,90.1700,58.4554,45859100
2002-10-22,89.0500,90.0100,88.5200,89.5200,58.0340,40966800
2002-10-23,88.7700,90.2700,87.6800,90.2000,58.4749,54905800
2002-10-24,90.7500,90.9000,88.1000,88.3600,57.2820,54987400
2002-10-25,88.2100,90.3900,87.9400,90.2000,58.4749,43672100
2002-10-28,91.1500,91.2900,88.8500,89.6100,58.0924,39416100
2002-10-29,89.0800,89.4900,87.0000,88.5700,57.4182,59508200
2002-10-30,88.6800,89.9600,88.2300,89.4300,57.9757,41688600
2002-10-31,89.6600,90.3000,88.1900,88.5200,57.3857,41620600
2002-11-01,88.3500,90.8200,88.0500,90.2700,58.5203,51878900
2002-11-04,91.8000,92.9400,90.9000,91.1300,59.0778,49080600
2002-11-05,90.8400,92.0700,90.8400,91.8500,59.5445,37270800
2002-11-06,92.4800,93.0700,90.7900,93.0400,60.3160,65013100
2002-11-07,92.0200,92.2200,90.2200,90.7600,58.8379,51572000
2002-11-08,90.5300,91.5700,89.5200,89.6500,58.1183,37905400
2002-11-11,89.5100,89.5600,87.8000,88.2600,57.2172,33505100
2002-11-12,88.6600,89.9300,88.3700,88.9600,57.6710,37724500
2002-11-13,88.3200,89.7400,87.4500,89.0500,57.7293,63891500
2002-11-14,90.0700,91.0000,89.7500,90.7300,58.8184,31896800
2002-11-15,90.0000,91.5500,89.9500,91.4000,59.2528,39152100
2002-11-18,92.1500,92.1500,90.3500,90.4800,58.6564,28934800
2002-11-19,90.0200,91.1000,89.7600,90.3600,58.5786,32806600
2002-11-20,89.9800,92.4200,89.9500,92.3700,59.8816,36688400
2002-11-21,92.6000,94.1900,92.4300,94.0900,60.9967,55128200
2002-11-22,93.4800,94.2700,93.2700,93.4200,60.5623,32513800
2002-11-25,93.4300,94.2600,92.7700,93.4800,60.6012,33846400
2002-11-26,93.0700,93.4500,91.6200,91.7000,59.4472,42284700
2002-11-27,92.5200,94.6500,92.4300,94.2800,61.1198,37764000
2002-11-29,94.8000,94.9500,93.7700,93.9800,60.9254,19385700
2002-12-02,95.4700,96.0500,93.2200,94.1300,61.0226,49911900
2002-12-03,93.2500,93.4000,92.3500,92.8700,60.2057,34407700
2002-12-04,91.7700,93.1400,91.4300,92.4500,59.9335,64040800
2002-12-05,92.7300,92.8000,91.1000,91.4300,59.2723,36724900
2002-12-06,90.1200,92.1700,89.9800,92.0300,59.6612,49824100
2002-12-09,91.0700,91.4600,89.4800,89.5000,58.0211,36789600
2002-12-10,90.0200,91.1000,89.7600,90.7000,58.7990,33319900
2002-12-11,90.4200,91.6200,90.1600,90.7800,58.8509,39201000
2002-12-12,91.2000,91.4900,90.2000,90.7700,58.8444,34465600
2002-12-13,89.9100,90.4800,89.2700,89.3400,57.9173,36862200
2002-12-16,89.8200,91.7900,89.6600,91.6500,59.4149,37098400
2002-12-17,91.3700,91.7400,90.7400,90.8500,58.8962,32353900
2002-12-18,90.3200,90.4000,89.3300,89.8000,58.2155,35612600
2002-12-19,89.3500,90.7000,88.6000,89.1600,57.8006,39264200
2002-12-20,89.2000,90.0200,89.1000,89.9900,58.6254,31176900
2002-12-23,89.5900,90.4700,89.3100,90.0200,58.6450,22599300
2002-12-24,89.5900,89.8600,89.2500,89.3500,58.2085,10937000
2002-12-26,89.7000,90.6100,88.8400,89.3900,58.2345,17485600
2002-12-27,88.9600,89.2900,87.3800,87.3800,56.9251,22205700
2002-12-30,87.7900,88.4700,87.2200,88.1100,57.4006,29968000
2002-12-31,87.9900,88.4300,87.1100,88.2300,57.4788,34036600
2003-01-02,88.8500,91.3000,88.5400,91.0700,59.3290,44516300
2003-01-03,90.9100,91.3800,90.5000,91.3500,59.5114,32222600
2003-01-06,91.2400,93.4900,91.1700,92.9600,60.5603,40984500
2003-01-07,92.9000,93.3700,92.2000,92.7300,60.4104,38640400
2003-01-08,92.2000,92.4000,91.0500,91.3900,59.5375,38702200
2003-01-09,91.8200,93.1800,91.4100,92.8100,60.4625,34804900
2003-01-10,91.9500,93.6400,91.8000,93.0600,60.6254,37768900
2003-01-13,93.5400,93.8600,92.4400,93.0300,60.6058,31649900
2003-01-14,92.6900,93.8300,92.4100,93.3300,60.8013,30733000
2003-01-15,93.5400,93.5700,91.9100,92.4000,60.1954,33511800
2003-01-16,92.5000,92.9300,91.4500,92.0200,59.9479,44812100
2003-01-17,90.9900,92.3000,90.1500,90.6600,59.0619,35618300
2003-01-21,90.8700,90.9200,88.9500,89.2500,58.1433,36826200
2003-01-22,88.7700,89.8000,88.0000,88.1700,57.4397,42286500
2003-01-23,88.7500,89.3800,87.9500,88.7100,57.7915,55919800
2003-01-24,88.5900,88.6800,86.1700,86.3800,56.2736,68633900
2003-01-27,85.7300,86.8000,84.5000,85.2000,55.5049,57884400
2003-01-28,85.6300,86.4000,85.1300,85.8300,55.9153,46929100
2003-01-29,85.4200,87.1800,84.7700,86.4800,56.3388,53712200
2003-01-30,86.7900,86.8800,84.4000,84.4300,55.0033,49845900
2003-01-31,84.1500,86.2100,84.1500,86.0600,56.0651,55317000
2003-02-03,86.1400,86.8100,85.9200,86.2300,56.1759,39696000
2003-02-04,85.3100,85.7500,84.3000,85.3800,55.6222,43633400
2003-02-05,85.7500,86.5400,84.4800,84.8500,55.2769,55270600
2003-02-06,84.3700,84.8900,83.6500,84.4500,55.0163,53638000
2003-02-07,84.9100,84.9900,82.9700,83.4200,54.3453,43165000
2003-02-10,83.4600,84.1300,82.6500,84.0100,54.7296,45455900
2003-02-11,84.3700,84.8800,82.8300,83.4300,54.3518,46861000
2003-02-12,83.1600,83.6200,82.0900,82.1000,53.4853,35873600
2003-02-13,82.1500,82.6600,81.0000,82.3500,53.6482,57934100
2003-02-14,82.3700,84.2000,81.8200,84.1500,54.8208,59580900
2003-02-18,84.5300,85.8000,84.3900,85.6300,55.7850,39492700
2003-02-19,85.3200,85.4700,84.2800,85.1800,55.4919,31432000
2003-02-20,85.2100,85.4200,84.0500,84.3300,54.9381,29280100
2003-02-21,84.3800,85.7400,83.4600,85.1800,55.4919,60955800
2003-02-24,84.9300,85.0000,83.5900,83.8000,54.5928,30628600
2003-02-25,82.9500,84.4900,82.2200,84.4700,55.0293,56770600
2003-02-26,84.0200,84.5300,83.0800,83.2400,54.2280,37787200
2003-02-27,83.7000,84.7500,83.1600,84.3400,54.9446,51126000
2003-02-28,84.4700,85.2300,84.1600,84.9000,55.3094,43666800
2003-03-03,85.2600,85.7800,83.7200,84.0900,54.7818,42923100
2003-03-04,83.9500,84.0100,82.6500,82.7500,53.9088,31440500
2003-03-05,82.6100,83.5400,82.3600,83.4500,54.3648,43974700
2003-03-06,82.8700,83.5200,82.4700,82.7500,53.9088,41217700
2003-03-07,81.6100,83.9900,81.4300,83.3200,54.2801,63538000
2003-03-10,82.6000,82.8600,81.1000,81.3200,52.9772,41014100
2003-03-11,81.4800,82.0000,80.4800,80.5200,52.4560,48102700
2003-03-12,80.3800,81.1000,79.3800,81.0600,52.8078,62459800
2003-03-13,82.1800,83.9100,81.5300,83.8600,54.6319,72117800
2003-03-14,84.2000,84.7700,83.3500,84.1300,54.8078,63951800
2003-03-17,83.4600,86.9500,83.2200,86.7800,56.5342,88217500
2003-03-18,87.1500,87.3500,86.2800,87.2900,56.8664,50792300
2003-03-19,87.2800,88.1600,86.6800,87.9600,57.3029,49630800
2003-03-20,87.3300,88.5900,86.3500,88.1500,57.4267,67321600
2003-03-21,88.8000,89.8800,87.9300,89.6700,58.6525,71165300
2003-03-24,88.0200,88.1400,86.3500,86.6900,56.7033,65398900
2003-03-25,86.7400,88.2600,86.4400,87.5200,57.2462,61040100
2003-03-26,87.5600,87.8500,86.8000,87.0800,56.9584,45740800
2003-03-27,86.4000,87.6600,85.9900,87.1500,57.0042,53120200
2003-03-28,86.4700,87.2800,86.2500,86.7100,56.7164,32583000
2003-03-31,85.3500,86.5900,84.4000,84.7400,55.4278,61119500
2003-04-01,85.2500,86.3900,84.9100,86.0400,56.2781,53574000
2003-04-02,87.5400,88.7700,87.5000,88.1200,57.6386,50431200
2003-04-03,88.8700,88.9900,87.6500,87.7000,57.3639,48755500
2003-04-04,88.4300,88.5900,87.6200,88.2200,57.7041,36250100
2003-04-07,90.3400,90.8500,87.9700,88.0500,57.5928,69776200
2003-04-08,88.3000,88.6500,87.7100,88.1900,57.6844,39712700
2003-04-09,88.3600,89.1000,86.7700,87.0300,56.9257,55647300
2003-04-10,87.0900,87.6300,85.7100,87.5100,57.2396,41812400
2003-04-11,88.1600,88.7000,86.8600,87.1500,57.0042,47730100
2003-04-14,87.4700,89.0000,87.0000,88.9500,58.1815,36711700
2003-04-15,88.8400,89.7800,88.4200,89.7800,58.7244,49709800
2003-04-16,89.9100,90.0600,88.0300,88.2500,57.7237,51788000
2003-04-17,88.3000,89.7200,88.1900,89.5600,58.5805,37403100
2003-04-21,89.8600,90.1600,89.0600,89.6500,58.6394,32052700
2003-04-22,89.1000,91.5600,88.8900,91.3400,59.7448,59763600
2003-04-23,91.6200,92.3500,91.2400,92.1800,60.2942,44227100
2003-04-24,91.5300,92.0800,90.9600,91.3600,59.7579,49692400
2003-04-25,91.3000,91.4700,90.0200,90.2300,59.0188,43917200
2003-04-28,90.4400,92.1900,90.3000,91.7900,60.0392,46432900
2003-04-29,92.1400,92.8000,91.4000,92.1100,60.2485,52017100
2003-04-30,91.9100,92.5700,91.4100,91.9100,60.1176,48709100
2003-05-01,91.9200,92.7300,90.5000,91.9000,60.1111,50240400
2003-05-02,91.5600,93.4700,91.4900,93.2100,60.9680,50201500
2003-05-05,93.4700,93.7800,92.5000,93.0300,60.8502,35437800
2003-05-06,93.0400,94.3800,93.0000,93.9100,61.4259,44401000
2003-05-07,93.4200,94.1400,92.9700,93.3900,61.0857,41413100
2003-05-08,92.5200,93.3300,92.2800,92.4500,60.4709,40570700
2003-05-09,92.8300,93.8000,92.6100,93.7300,61.3081,33608100
2003-05-12,93.5000,95.1200,93.2800,94.8800,62.0603,35662300
2003-05-13,94.5300,95.1800,94.2600,94.7100,61.9491,39253600
2003-05-14,95.0900,95.2400,93.9100,94.5100,61.8183,32195100
2003-05-15,94.8900,95.3300,94.2500,95.1100,62.2107,43879200
2003-05-16,94.8900,95.4500,94.2600,94.8700,62.0538,38905000
2003-05-19,94.1500,94.4200,92.3300,92.6500,60.6017,41606000
2003-05-20,92.8200,93.0300,91.5900,92.4600,60.4774,55404600
2003-05-21,92.1100,92.8800,91.9100,92.6500,60.6017,49333800
2003-05-22,92.9500,94.0500,92.6800,93.5700,61.2034,38421800
2003-05-23,93.5300,93.9800,93.1400,93.7600,61.3277,26155900
2003-05-27,93.3000,95.8400,93.0700,95.4000,62.4004,43719200
2003-05-28,95.8500,96.4700,95.4300,95.6700,62.5770,37727100
2003-05-29,95.8800,96.8200,95.0800,95.4200,62.4135,50844200
2003-05-30,95.9000,97.0900,95.5600,96.9500,63.4143,52529500
2003-06-02,97.5300,98.4500,96.6700,97.3500,63.6759,50305500
2003-06-03,97.1500,97.8400,96.8500,97.7500,63.9376,38254500
2003-06-04,97.6600,99.3500,97.5700,99.1600,64.8598,49360700
2003-06-05,98.5800,99.6500,98.2700,99.6500,65.1803,46262400
2003-06-06,100.4000,101.4000,99.1300,99.2600,64.9252,60356800
2003-06-09,98.7700,99.1000,97.7700,98.2500,64.2646,37808500
2003-06-10,98.4600,99.2600,98.1900,99.2500,64.9187,29965900
2003-06-11,99.1600,100.3900,98.7100,100.3000,65.6055,37610200
2003-06-12,100.7500,100.9000,99.6200,100.6100,65.8082,36442000
2003-06-13,100.6100,100.7500,98.9500,99.5600,65.1214,48628300
2003-06-16,99.9600,101.7000,99.8000,101.6600,66.4950,36326300
2003-06-17,102.0700,102.1800,101.2300,101.6600,66.4950,36801800
2003-06-18,101.2900,102.1400,101.0000,101.5700,66.4362,35521000
2003-06-19,101.6400,101.7300,99.8400,100.0200,65.4223,43551700
2003-06-20,100.3900,100.5000,99.4200,99.4400,65.2779,41545000
2003-06-23,99.4500,99.6600,97.9200,98.4200,64.6083,34237500
2003-06-24,98.2200,99.0900,98.0200,98.5200,64.6740,36213600
2003-06-25,98.5300,99.4400,97.5300,97.5300,64.0241,47743400
2003-06-26,97.7800,98.9800,96.9600,98.8000,64.8578,33477300
2003-06-27,98.7500,99.1900,97.5800,97.6600,64.1095,54208800
2003-06-30,98.2200,98.6700,97.4700,97.6300,64.0898,33349000
2003-07-01,97.2500,98.8500,96.4300,98.5300,64.6805,51322800
2003-07-02,98.7700,99.7900,98.5700,99.7700,65.4946,34662100
2003-07-03,99.0700,99.8500,97.9000,98.7400,64.8184,30792800
2003-07-07,99.6500,100.9000,99.6500,100.7000,66.1051,31391100
2003-07-08,100.5000,101.2900,100.1700,101.1500,66.4004,30952500
2003-07-09,100.9200,101.4000,100.0300,100.5800,66.0262,36528500
2003-07-10,99.8400,100.0400,98.6300,99.3000,65.1860,49777700
2003-07-11,99.3900,100.4500,99.3900,100.2400,65.8031,39976300
2003-07-14,101.2000,101.9000,100.4500,100.7300,66.1247,42114900
2003-07-15,101.3800,101.4600,99.9500,100.5100,65.9803,42573600
2003-07-16,100.8100,100.8700,99.2300,99.9200,65.5931,39894200
2003-07-17,99.1500,99.8800,98.1600,98.5000,64.6609,52253500
2003-07-18,99.0200,99.8000,98.4600,99.5100,65.3239,35698100
2003-07-21,99.4500,99.4900,97.8500,98.2800,64.5164,34786000
2003-07-22,98.6900,99.4100,97.9200,99.1700,65.1007,49968300
2003-07-23,99.2100,99.4500,98.2800,99.2400,65.1466,37275400
2003-07-24,99.9900,100.3400,98.3700,98.4900,64.6543,40896200
2003-07-25,98.6600,100.2900,98.0400,100.2300,65.7965,43241100
2003-07-28,100.3700,100.9800,99.6700,99.8600,65.5537,34382800
2003-07-29,100.1400,100.2600,98.6800,99.4000,65.2516,53472100
2003-07-30,99.6000,99.7500,98.9300,99.1600,65.0941,28363300
2003-07-31,99.9800,100.9100,99.1700,99.3900,65.2451,54937200
2003-08-01,99.1900,99.5300,98.2400,98.5100,64.6674,49321000
2003-08-04,98.3100,99.0000,97.0000,98.5100,64.6674,55214100
2003-08-05,98.4100,98.7600,96.3400,96.4200,63.2954,61415600
2003-08-06,96.6900,98.0600,96.4200,96.9800,63.6630,50096900
2003-08-07,97.1700,98.0700,96.7600,98.0000,64.3326,43427400
2003-08-08,98.3200,98.5500,97.7600,98.2800,64.5164,27357300
2003-08-11,98.2600,99.0400,97.8400,98.6500,64.7593,34631400
2003-08-12,98.7100,99.5900,98.4200,99.5500,65.3501,43285600
2003-08-13,99.8200,99.8500,98.5300,99.0400,65.0153,36152000
2003-08-14,99.1000,99.7500,98.4500,99.3100,65.1926,35525100
2003-08-15,99.3600,99.7900,99.1200,99.6200,65.3961,12567000
2003-08-18,99.9300,100.6000,99.7400,100.4800,65.9606,22873800
2003-08-19,100.6900,100.9400,100.0000,100.8600,66.2101,37437700
2003-08-20,100.2900,100.8900,100.1600,100.4500,65.9410,21295300
2003-08-21,101.0500,101.5200,100.4000,100.7700,66.1510,46494200
2003-08-22,101.7500,101.8200,99.7300,99.7700,65.4946,52040300
2003-08-25,99.7100,100.8300,99.2800,99.9300,65.5996,23473000
2003-08-26,99.5000,100.3900,98.8300,100.1100,65.7178,45065800
2003-08-27,100.0500,100.3600,99.5700,100.1400,65.7374,18919500
2003-08-28,100.4000,101.0000,99.6600,100.7600,66.1444,27402400
2003-08-29,100.6100,101.4800,100.4800,101.4400,66.5909,28706600
2003-09-02,101.6400,102.8800,101.0500,102.8000,67.4836,49419100
2003-09-03,103.0300,103.7000,102.7800,103.3600,67.8512,44912400
2003-09-04,103.1000,103.5500,102.7600,103.4100,67.8840,28381000
2003-09-05,102.9400,103.5500,102.4000,102.8300,67.5033,31637300
2003-09-08,103.0400,103.8800,102.9300,103.6800,68.0613,32632800
2003-09-09,103.3700,103.4600,102.6800,103.0000,67.6149,35053200
2003-09-10,102.5300,102.8000,101.5500,101.9600,66.9322,45904900
2003-09-11,102.1000,102.7600,101.8400,102.2600,67.1291,38396300
2003-09-12,101.9100,102.6400,101.3500,102.4500,67.2539,42524800
2003-09-15,102.5200,102.6300,101.9500,102.0900,67.0175,21312800
2003-09-16,102.2300,103.6400,102.1700,103.5800,67.9957,37892600
2003-09-17,103.4800,103.7900,103.0500,103.3800,67.8643,31885800
2003-09-18,103.4000,104.7000,103.1700,104.6000,68.6652,30243600
2003-09-19,104.2700,104.6000,103.4000,103.6700,68.3160,34331600
2003-09-22,102.8500,102.9600,102.0300,102.5500,67.5779,36677400
2003-09-23,102.5900,103.2900,102.3600,102.9400,67.8349,32489200
2003-09-24,103.1200,103.2200,101.0700,101.1100,66.6290,41694700
2003-09-25,101.4100,101.8800,100.2000,100.2800,66.0821,52673100
2003-09-26,100.4400,100.6600,99.8500,99.9500,65.8646,42914700
2003-09-29,100.3000,100.9900,99.7900,100.9300,66.5104,36771600
2003-09-30,100.4800,100.7600,99.2500,99.9500,65.8646,70764500
2003-10-01,100.2400,102.1800,100.2000,102.0800,67.2682,65797600
2003-10-02,101.9300,102.5600,101.6300,102.4500,67.5120,44591500
2003-10-03,103.6700,104.2800,103.0800,103.3900,68.1315,48806900
2003-10-06,103.4800,103.9900,103.2000,103.8600,68.4412,20226500
2003-10-07,103.2600,104.3100,102.9100,104.2600,68.7048,42602900
2003-10-08,104.3300,104.3900,103.4100,104.0000,68.5334,30920800
2003-10-09,104.8800,105.2200,103.8300,104.2800,68.7180,40066500
2003-10-10,104.2700,104.6000,103.9100,104.5700,68.9090,22682800
2003-10-13,104.7100,105.2900,104.5100,104.9000,69.1265,23825600
2003-10-14,104.8000,105.4300,104.3600,105.2700,69.3703,38484400
2003-10-15,105.8600,105.8900,104.6400,104.9900,69.1858,39021700
2003-10-16,104.6800,105.7300,104.6500,105.4100,69.4626,32772200
2003-10-17,105.4700,105.6300,103.9800,104.2600,68.7048,32790300
2003-10-20,104.4500,105.0400,103.9400,105.0400,69.2188,27657000
2003-10-21,104.8200,105.2800,104.3200,104.8600,69.1002,26729100
2003-10-22,104.0300,104.1900,103.1900,103.5400,68.2303,33914500
2003-10-23,102.8900,103.9500,102.8400,103.3500,68.1051,45830500
2003-10-24,102.8300,103.5800,102.1800,103.5800,68.2566,51723600
2003-10-27,103.7400,104.1800,103.2700,103.6300,68.2896,32460200
2003-10-28,103.9800,105.1500,103.8200,105.0400,69.2188,34956200
2003-10-29,104.7700,105.4300,103.8700,105.1800,69.3110,30955400
2003-10-30,105.7900,105.9700,104.8000,105.4000,69.4560,39123100
2003-10-31,105.4000,105.7400,105.2200,105.3000,69.3901,25761600
2003-11-03,105.7500,106.6100,105.7100,105.9900,69.8448,37589300
2003-11-04,105.9900,106.2700,105.5800,105.7600,69.6932,31421600
2003-11-05,105.4900,105.9700,104.9000,105.8400,69.7459,33558800
2003-11-06,105.6000,106.4400,105.1000,106.4000,70.1150,28392300
2003-11-07,106.6400,106.7200,105.5700,105.6100,69.5944,31723200
2003-11-10,105.7400,105.8400,105.0100,105.1800,69.3110,25530800
2003-11-11,105.0900,105.3300,104.8000,105.1500,69.2912,26558600
2003-11-12,105.2300,106.4700,105.1600,106.3300,70.0689,28000000
2003-11-13,106.0100,106.5400,105.7800,106.3600,70.0886,29714800
2003-11-14,106.4000,106.9500,105.2900,105.4600,69.4955,49158500
2003-11-17,104.9100,105.1400,104.0400,104.9300,69.1463,44382100
2003-11-18,105.2400,105.4500,103.7000,103.8400,68.4280,41155000
2003-11-19,104.0300,105.0100,103.9200,104.7200,69.0079,29827000
2003-11-20,104.0000,105.2400,103.7500,103.7800,68.3885,53578700
2003-11-21,104.2400,104.3300,103.6200,104.2100,68.6718,30016000
2003-11-24,104.6900,105.7800,104.6800,105.5900,69.5812,28906400
2003-11-25,105.7300,106.4200,105.4500,105.9900,69.8448,37580000
2003-11-26,106.4200,106.4500,105.3900,106.3700,70.0952,33053600
2003-11-28,106.2800,106.6600,106.2000,106.4500,70.1479,10507500
2003-12-01,106.8500,107.6800,106.8000,107.6000,70.9057,38699000
2003-12-02,107.3800,107.7700,107.0700,107.3300,70.7279,35352000
2003-12-03,107.6500,108.0800,107.0700,107.1600,70.6158,39078600
2003-12-04,107.1700,107.7200,106.9400,107.6000,70.9057,36089500
2003-12-05,107.1200,107.8000,106.6200,106.8500,70.4115,28824400
2003-12-08,106.7400,107.6400,106.6800,107.5700,70.8860,32482900
2003-12-09,107.9000,107.9300,106.5400,106.7400,70.3391,43596100
2003-12-10,106.7700,106.9800,105.9600,106.7300,70.3325,36915400
2003-12-11,106.6800,108.1000,106.6700,107.9300,71.1232,45304000
2003-12-12,107.9700,108.2000,107.3900,108.1400,71.2616,34142200
2003-12-15,109.1700,109.2300,107.4800,107.6000,70.9057,38693400
2003-12-16,107.6800,108.5000,107.5200,108.1600,71.2747,32894200
2003-12-17,108.0600,108.5000,107.8000,108.5000,71.4988,23198800
2003-12-18,108.5500,109.7300,108.3900,109.7200,72.3028,29353100
2003-12-19,109.3000,109.3700,108.5800,108.9000,72.1015,41465100
2003-12-22,108.7900,109.6600,108.7800,109.6600,72.6047,27611300
2003-12-23,109.4800,109.9500,109.3800,109.7300,72.6510,24741200
2003-12-24,109.5200,109.8800,109.4300,109.6200,72.5782,8055800
2003-12-26,109.7100,110.0800,109.6300,109.7000,72.6312,8308400
2003-12-29,110.1000,111.2700,109.7800,111.1600,73.5978,22483700
2003-12-30,111.0900,111.2700,110.8500,111.1800,73.6110,19559500
2003-12-31,111.2200,111.5200,110.8400,111.2800,73.6772,31501800
2004-01-02,111.7400,112.1900,110.7300,111.2300,73.6442,38072300
2004-01-05,111.6900,112.5200,111.5900,112.4400,74.4453,27959800
2004-01-06,112.1600,112.7300,112.0000,112.5500,74.5182,20472800
2004-01-07,112.3900,113.0600,111.8900,112.9300,74.7697,30170400
2004-01-08,113.2500,113.4100,112.7700,113.3800,75.0677,36438400
2004-01-09,112.8300,113.5000,112.2700,112.3900,74.4122,54084300
2004-01-12,112.5500,113.2500,112.3600,113.2200,74.9617,31564100
2004-01-13,113.0900,113.2300,111.7600,112.5600,74.5248,54239700
2004-01-14,112.7600,113.6600,112.6700,113.5000,75.1471,30112800
2004-01-15,113.5700,114.0600,112.5800,113.7800,75.3325,38408700
2004-01-16,114.0400,114.3100,113.6300,114.2300,75.6304,31922700
2004-01-20,114.5300,114.6500,113.8200,114.2000,75.6106,29863000
2004-01-21,114.1300,115.3000,113.7200,115.1000,76.2065,30725000
2004-01-22,115.1400,115.3800,114.5800,114.8000,76.0078,29888500
2004-01-23,115.0000,115.3700,113.9500,114.4300,75.7629,44245300
2004-01-26,114.3900,115.9300,114.3800,115.8700,76.7162,30460600
2004-01-27,115.7500,116.5000,114.6500,114.6800,75.9284,35322800
2004-01-28,114.9800,115.2800,112.9400,113.3700,75.0610,52621300
2004-01-29,113.5600,113.8500,112.5600,113.4800,75.1339,60117100
2004-01-30,113.5200,113.7200,113.0900,113.4800,75.1339,30984400
2004-02-02,113.7000,114.6800,113.1200,113.9700,75.4583,38832400
2004-02-03,113.7400,114.1400,113.4400,113.7800,75.3325,25093500
2004-02-04,113.1900,113.7300,112.7900,112.8500,74.7167,39332600
2004-02-05,113.1700,113.5400,112.7800,113.1800,74.9352,37226800
2004-02-06,113.4200,114.7000,113.2000,114.4500,75.7761,37216000
2004-02-09,114.6700,114.8700,114.2900,114.4800,75.7959,24851300
2004-02-10,114.2800,115.1400,114.2600,114.8500,76.0409,27908100
2004-02-11,114.8500,116.3900,114.1700,116.0700,76.8487,42965700
2004-02-12,115.9700,116.2700,115.5800,115.6500,76.5706,27814700
2004-02-13,115.8200,116.2000,114.7500,115.1300,76.2263,44739900
2004-02-17,115.8500,116.4300,115.7700,116.1700,76.9149,23984300
2004-02-18,116.2000,116.6000,115.3500,115.6600,76.5772,28618000
2004-02-19,116.3300,116.3900,115.0600,115.2300,76.2925,51146200
2004-02-20,115.4800,115.5600,114.3200,114.8800,76.0608,46728800
2004-02-23,115.2200,115.2600,114.1700,114.5900,75.8688,36357000
2004-02-24,114.2700,114.9900,113.0300,114.3900,75.7364,43953000
2004-02-25,114.4600,115.0600,114.3200,114.8700,76.0542,31213600
2004-02-26,114.6100,115.2900,114.3400,114.9400,76.1005,29683000
2004-02-27,115.1900,115.7400,114.6300,115.0200,76.1535,39312000
2004-03-01,115.4300,116.3400,115.2500,116.1600,76.9083,33130800
2004-03-02,115.9400,116.9700,115.2300,115.4800,76.4580,38556400
2004-03-03,115.2500,115.8700,114.9200,115.6900,76.5971,31346200
2004-03-04,115.7200,116.1000,115.5200,115.9900,76.7957,21060000
2004-03-05,115.4200,116.9500,115.2800,116.3800,77.0539,55905600
2004-03-08,116.3400,116.6200,114.9100,114.9600,76.1138,39281600
2004-03-09,115.1000,115.2100,114.2400,114.5000,75.8092,39746100
2004-03-10,114.7200,114.7700,112.5600,112.5800,74.5380,67671800
2004-03-11,112.4000,113.2700,111.1000,111.1200,73.5713,89134800
2004-03-12,111.7300,112.7100,111.5800,112.5800,74.5380,54012200
2004-03-15,112.2700,112.3500,110.9000,111.2000,73.6243,57677200
2004-03-16,111.7800,112.0600,110.8400,111.7900,74.0150,59832600
2004-03-17,112.1800,113.2600,112.1000,113.0400,74.8426,41607300
2004-03-18,112.7000,113.2700,111.9300,113.0700,74.8624,60014300
2004-03-19,112.4100,112.5700,111.0400,111.0600,73.7894,48636200
2004-03-22,110.5400,110.5700,109.1000,109.6500,72.8526,62752100
2004-03-23,110.2500,110.4000,109.3600,109.4600,72.7263,54080200
2004-03-24,109.5800,110.1400,108.8500,109.5500,72.7861,51584300
2004-03-25,110.0800,111.3000,109.7900,111.0000,73.7495,49873600
2004-03-26,110.9600,111.7900,110.8000,111.0300,73.7694,37409500
2004-03-29,111.6300,112.7400,111.5800,112.5900,74.8059,44113600
2004-03-30,112.3000,113.0700,112.2200,112.9700,75.0584,39059900
2004-03-31,112.9900,113.4000,112.3800,113.1000,75.1448,48517600
2004-04-01,113.0700,113.8700,113.0500,113.7800,75.5966,45103800
2004-04-02,114.8100,114.8400,113.9000,114.6400,76.1680,50987700
2004-04-05,114.4600,115.3800,114.4400,115.2700,76.5865,30251800
2004-04-06,114.8300,115.1800,114.6200,114.9000,76.3407,28420900
2004-04-07,114.9500,114.9800,114.1100,114.6300,76.1613,45890500
2004-04-08,115.4100,115.4100,113.7400,114.3700,75.9886,46929700
2004-04-12,114.5800,115.0800,114.5700,114.8200,76.2876,23085200
2004-04-13,115.2600,115.3000,113.0200,113.2100,75.2178,56210300
2004-04-14,112.6100,113.6400,112.5500,113.3900,75.3375,62322300
2004-04-15,113.4500,113.7800,112.3600,112.9600,75.0518,61602500
2004-04-16,113.3800,114.0500,112.9800,113.8300,75.6298,47059200
2004-04-19,113.5500,113.9900,113.2700,113.8300,75.6298,28277600
2004-04-20,114.0800,114.3200,111.7800,111.9200,74.3608,53299400
2004-04-21,112.2000,112.9500,111.8700,112.6700,74.8591,50177300
2004-04-22,112.4800,114.6700,112.4400,114.2500,75.9088,62071500
2004-04-23,114.4200,114.5700,113.7900,114.3600,75.9819,29395700
2004-04-26,114.5000,114.9400,113.6000,114.2000,75.8757,35515200
2004-04-27,114.2300,115.1200,113.9600,114.3000,75.9421,43485500
2004-04-28,113.8900,114.0100,112.5000,112.8200,74.9587,50165800
2004-04-29,112.7200,113.3200,111.1600,111.8300,74.3010,69687600
2004-04-30,112.1700,112.3800,110.9000,110.9600,73.7229,48681400
2004-05-03,111.3700,112.2900,111.3500,112.1500,74.5136,33758000
2004-05-04,112.2500,113.2600,111.6600,112.0600,74.4538,51185100
2004-05-05,112.4100,112.9600,112.1600,112.7800,74.9322,34405000
2004-05-06,112.0200,112.5900,111.0000,111.8100,74.2877,54997000
2004-05-07,111.2200,112.2300,109.9600,109.9600,73.0586,60950000
2004-05-10,109.4400,109.7500,108.3600,108.8300,72.3078,75279400
2004-05-11,109.4600,110.0500,109.3300,109.7500,72.9190,48300600
2004-05-12,109.5700,110.5400,108.0600,110.4500,73.3841,90830500
2004-05-13,109.7600,110.8100,109.6300,109.9900,73.0785,57393700
2004-05-14,109.9500,110.7400,109.2700,110.0400,73.1117,54123100
2004-05-17,108.8900,109.5000,108.4100,109.1000,72.4871,55020400
2004-05-18,109.4900,109.9400,109.3300,109.6500,72.8526,30193100
2004-05-19,110.5000,111.1800,109.1500,109.2700,72.6001,54804100
2004-05-20,109.4500,109.8700,109.0400,109.6200,72.8326,38082900
2004-05-21,109.9700,110.5500,109.4700,109.8100,72.9589,47480400
2004-05-24,110.5300,110.7600,109.6800,110.2700,73.2645,40961500
2004-05-25,109.9000,111.9800,109.6000,111.8500,74.3142,48668000
2004-05-26,111.6600,112.2900,111.5100,112.2400,74.5734,35977000
2004-05-27,112.5400,113.0300,112.0600,112.8700,74.9920,45306900
2004-05-28,112.7300,112.8800,112.3600,112.8600,74.9854,23367200
2004-06-01,112.4600,112.8600,111.8700,112.7100,74.8857,41044700
2004-06-02,113.0300,113.4800,112.4600,113.1300,75.1647,39774200
2004-06-03,112.8100,113.1900,112.0700,112.0900,74.4737,38688300
2004-06-04,112.9800,113.5800,112.7100,112.9800,75.0650,32739500
2004-06-07,113.4300,114.8100,113.4200,114.7000,76.2078,31643800
2004-06-08,114.3700,114.9200,114.1700,114.8600,76.3142,32846500
2004-06-09,114.5100,114.7000,113.7200,113.7900,75.6032,36737600
2004-06-10,114.0400,114.3500,113.9300,114.3500,75.9753,21711000
2004-06-14,113.8200,113.8500,112.8700,113.2200,75.2245,34633000
2004-06-15,113.9000,114.4500,113.5100,114.0200,75.7560,37445000
2004-06-16,114.0000,114.2000,113.7000,114.0000,75.7428,26633400
2004-06-17,113.8500,114.0700,113.3300,113.8300,75.6298,28402400
2004-06-18,113.2700,114.2200,113.1800,113.6300,75.7725,31799800
2004-06-21,113.7500,114.1400,113.1300,113.2000,75.4857,25284000
2004-06-22,113.1300,113.8800,112.6700,113.7700,75.8659,37334000
2004-06-23,113.6100,114.8400,113.4200,114.7500,76.5194,35580000
2004-06-24,114.5600,114.9300,114.2600,114.3900,76.2793,35272100
2004-06-25,114.4100,114.9400,113.6800,113.8400,75.9125,32837900
2004-06-28,114.5200,114.6100,113.4100,113.4500,75.6525,40824500
2004-06-29,113.5300,114.1700,113.4200,113.9200,75.9659,28418100
2004-06-30,114.0700,114.7900,113.6500,114.5300,76.3727,52230600
2004-07-01,114.2500,114.4000,112.5800,112.9400,75.3124,57734700
2004-07-02,113.1600,113.2900,112.6000,112.8800,75.2724,34615100
2004-07-06,112.3700,112.4500,111.6300,111.8900,74.6122,38698200
2004-07-07,111.8100,112.5700,111.7500,112.2200,74.8323,29839800
2004-07-08,111.8100,112.3200,111.2000,111.4400,74.3121,45291100
2004-07-09,111.7200,111.9400,111.3800,111.7300,74.5055,27412900
2004-07-12,111.5200,112.0400,111.0000,111.7800,74.5389,35691300
2004-07-13,111.9200,112.0200,111.6000,111.8600,74.5922,26752000
2004-07-14,111.2600,112.3900,111.1200,111.5200,74.3655,54089400
2004-07-15,111.7400,111.9100,110.7000,110.8000,73.8854,38403500
2004-07-16,111.5700,111.6700,110.4400,110.7100,73.8254,40871200
2004-07-19,110.7500,110.9600,109.9900,110.2400,73.5119,39592800
2004-07-20,110.5300,111.9000,110.2500,111.6400,74.4455,46679800
2004-07-21,111.8200,112.0600,109.4500,109.5800,73.0718,56241100
2004-07-22,109.3600,110.3900,108.7700,109.8800,73.2719,72477100
2004-07-23,109.6200,109.7100,108.6900,108.9600,72.6584,49610500
2004-07-26,109.1900,109.4300,108.2100,108.7500,72.5183,49679100
2004-07-27,109.0500,110.1100,108.9700,109.7700,73.1985,51295100
2004-07-28,109.5500,110.3700,108.5900,110.1000,73.4186,65862300
2004-07-29,110.5400,110.8700,110.0000,110.5700,73.7320,52200500
2004-07-30,110.3200,110.9000,110.1000,110.8400,73.9120,41581700
2004-08-02,110.1900,111.3600,110.0500,111.0700,74.0654,38263100
2004-08-03,110.9300,111.0600,110.1600,110.2100,73.4919,40948800
2004-08-04,109.8900,110.7500,109.6400,110.2000,73.4853,40763200
2004-08-05,110.2900,110.3800,108.2700,108.4000,72.2850,50772000
2004-08-06,107.6300,107.9600,106.6200,106.8500,71.2513,74729000
2004-08-09,107.0200,107.4800,106.8700,107.0000,71.3514,37476300
2004-08-10,107.3100,108.4100,107.2600,108.3800,72.2716,55870600
2004-08-11,107.6800,108.3300,107.1000,108.1600,72.1249,52933200
2004-08-12,107.6800,107.9500,106.6300,106.9800,71.3380,50015900
2004-08-13,107.1000,107.3500,106.5900,107.1900,71.4781,41634700
2004-08-16,107.1400,108.6400,107.1000,108.3000,72.2183,45731900
2004-08-17,108.7500,109.2800,108.5300,108.9100,72.6250,40701600
2004-08-18,108.5200,110.1700,108.4900,110.0300,73.3719,43165400
2004-08-19,109.8100,110.0200,109.1800,109.7100,73.1585,39881600
2004-08-20,109.6100,110.6300,109.5100,110.4800,73.6720,44870900
2004-08-23,110.5500,110.7700,110.0500,110.2000,73.4853,33745100
2004-08-24,110.6400,110.7300,109.8500,110.3500,73.5853,30453100
2004-08-25,110.3300,111.2700,109.9000,111.1000,74.0854,38551400
2004-08-26,110.9600,111.3100,110.8500,111.1000,74.0854,26629500
2004-08-27,111.2000,111.6300,111.0500,111.4500,74.3188,24902900
2004-08-30,111.2200,111.3400,110.4500,110.5300,73.7054,26726500
2004-08-31,110.6600,111.1600,110.1000,111.1100,74.0921,44125300
2004-09-01,110.9500,111.6400,110.4800,111.3200,74.2321,52778300
2004-09-02,111.2400,112.7000,111.2400,112.5800,75.0723,42736600
2004-09-03,112.3300,112.8200,112.0100,112.1200,74.7656,30480500
2004-09-07,112.5400,113.1300,112.3200,112.8600,75.2591,37338800
2004-09-08,112.6200,113.0600,112.3100,112.5800,75.0723,32963100
2004-09-09,112.5700,112.8800,112.0300,112.4800,75.0057,34314800
2004-09-10,112.5200,113.2700,112.0800,113.0600,75.3924,27900600
2004-09-13,113.3100,113.7400,113.0100,113.4300,75.6392,44398100
2004-09-14,113.3000,113.6900,113.1900,113.6600,75.7925,28048900
2004-09-15,113.3000,113.3600,112.6800,112.8000,75.2190,38295000
2004-09-16,112.8500,113.3700,112.8000,113.1400,75.4458,23911700
2004-09-17,112.9500,113.3600,112.6900,113.1500,75.7665,33683000
2004-09-20,112.6700,112.9900,112.2800,112.4700,75.3112,37149400
2004-09-21,112.7500,113.4700,112.5400,112.9600,75.6393,40920800
2004-09-22,112.5000,112.5200,111.4700,111.5500,74.6951,49042100
2004-09-23,111.6000,111.7000,110.9500,110.9500,74.2934,44068700
2004-09-24,111.1700,111.7300,111.1300,111.4600,74.6349,34981100
2004-09-27,111.1000,111.2000,110.5800,110.7500,74.1594,39355100
2004-09-28,110.9100,111.5100,110.4100,111.2800,74.5143,41662900
2004-09-29,111.2100,111.8500,111.0000,111.8400,74.8893,33325700
2004-09-30,111.5500,111.9800,111.2600,111.7600,74.8358,43536700
2004-10-01,112.2600,113.6500,112.2100,113.6500,76.1013,62824300
2004-10-04,114.1000,114.4400,113.8000,113.8400,76.2286,33082400
2004-10-05,113.8500,114.1600,113.5400,113.9000,76.2687,36910600
2004-10-06,113.7700,114.6800,113.6800,114.6800,76.7910,42297800
2004-10-07,114.3800,114.4000,113.3600,113.4500,75.9674,39388800
2004-10-08,113.1500,113.7700,112.3500,112.5100,75.3380,51872600
2004-10-11,112.7800,113.0200,112.6400,112.9700,75.6460,20229100
2004-10-12,112.2000,112.8300,111.9400,112.5300,75.3513,41754700
2004-10-13,113.0000,113.0700,111.3200,111.5400,74.6885,54212600
2004-10-14,111.6800,111.9300,110.5800,110.6400,74.0858,64082200
2004-10-15,111.0200,111.7400,110.5700,111.2600,74.5010,63482200
2004-10-18,110.8900,111.9000,110.7000,111.6800,74.7822,43535100
2004-10-19,112.0200,112.2300,110.5900,110.7400,74.1527,55851900
2004-10-20,110.3800,110.8200,109.7500,110.5200,74.0054,57118500
2004-10-21,110.7900,111.3200,110.2100,111.2400,74.4875,53218300
2004-10-22,111.1900,111.2500,109.8600,109.9900,73.6505,48752400
2004-10-25,109.7500,110.1200,109.3500,109.8600,73.5635,43990900
2004-10-26,110.1300,111.6000,109.8800,111.5400,74.6885,54337400
2004-10-27,111.3800,113.1000,111.1200,112.8800,75.5857,73896000
2004-10-28,112.7800,113.5600,112.4900,113.2200,75.8134,54413300
2004-10-29,113.1200,113.6400,112.9000,113.2000,75.8000,48820200
2004-11-01,113.5600,113.8400,113.2000,113.5100,76.0075,36720900
2004-11-02,113.6700,114.5700,113.2200,113.5500,76.0343,56210000
2004-11-03,115.0300,115.3600,114.2400,114.9800,76.9919,76960200
2004-11-04,114.7800,116.6700,114.6800,116.5500,78.0432,55350300
2004-11-05,117.0500,117.6400,116.4900,117.2800,78.5320,63287200
2004-11-08,116.9800,117.2300,116.7200,117.1100,78.4182,33863800
2004-11-09,117.0800,117.5000,116.7600,116.8800,78.2642,44658100
2004-11-10,117.0600,117.5500,116.7600,116.9700,78.3244,45265400
2004-11-11,117.1800,118.1200,117.1000,117.8600,78.9204,37863200
2004-11-12,117.9700,119.0000,117.6800,118.7900,79.5432,55583700
2004-11-15,118.5000,118.7700,118.2300,118.7300,79.7385,35297900
2004-11-16,118.3600,118.4100,117.7300,117.8800,79.1677,40028700
2004-11-17,118.3700,119.1400,118.0700,118.5800,79.6378,54494000
2004-11-18,118.5300,118.8000,118.2300,118.7400,79.7453,31854300
2004-11-19,118.7000,118.7200,117.1400,117.4200,78.8587,54276500
2004-11-22,117.1700,118.1200,117.0300,117.9800,79.2348,37560200
2004-11-23,117.9300,118.2600,117.3700,118.1600,79.3557,41968800
2004-11-24,118.2700,118.5900,118.0500,118.4400,79.5438,29724800
2004-11-26,118.5100,118.9800,118.3000,118.3500,79.4833,15487700
2004-11-29,118.7900,119.0100,117.4800,117.8100,79.1207,61460800
2004-11-30,118.0000,118.2400,117.6400,117.8900,79.1744,53685200
2004-12-01,118.1600,119.5000,118.1000,119.2300,80.0743,49898300
2004-12-02,119.1000,119.8700,119.0100,119.3300,80.1415,60163500
2004-12-03,119.3100,120.1400,119.0900,119.2500,80.0878,49067900
2004-12-06,119.2100,119.6400,118.8400,119.2100,80.0609,33030500
2004-12-07,119.4900,119.6200,118.0400,118.1000,79.3154,52047200
2004-12-08,118.2100,118.8200,118.0100,118.7900,79.7789,43895100
2004-12-09,118.1400,119.4600,117.7300,119.2100,80.0609,60922800
2004-12-10,118.9200,119.5600,118.8500,119.3300,80.1415,47828600
2004-12-13,119.7600,120.4000,119.3500,120.3700,80.8400,38541000
2004-12-14,120.1800,120.9600,120.1800,120.7900,81.1220,41500700
2004-12-15,120.7000,121.1100,120.3100,120.8800,81.1825,46699200
2004-12-16,120.7200,121.2400,120.0400,120.8100,81.1355,51641800
2004-12-17,119.4600,119.9700,119.1600,119.4400,80.5943,70761900
2004-12-20,119.7500,120.2900,119.1700,119.4700,80.6145,47187400
2004-12-21,119.6000,120.4800,119.4600,120.3900,81.2353,33094200
2004-12-22,120.3800,121.0800,120.3000,120.6800,81.4310,31500700
2004-12-23,120.8700,121.2800,120.6600,120.7700,81.4917,25646100
2004-12-27,121.2000,121.3600,120.3900,120.5200,81.3231,29944100
2004-12-28,120.6400,121.3300,120.6000,121.1800,81.7684,23422900
2004-12-29,121.0800,121.4000,120.9500,121.3600,81.8899,22650600
2004-12-30,121.4000,121.5700,121.0400,121.1300,81.7347,21076900
2004-12-31,121.3000,121.6600,120.8000,120.8700,81.5592,28648800
2005-01-03,121.5600,121.7600,119.9000,120.3000,81.1746,55748000
2005-01-04,120.4600,120.5400,118.4400,118.8300,80.1827,69167600
2005-01-05,118.7400,119.2500,118.0000,118.0100,79.6294,65667300
2005-01-06,118.4400,119.1500,118.2600,118.6100,80.0343,47814700
2005-01-07,118.9700,119.2300,118.1300,118.4400,79.9195,55847700
2005-01-10,118.3400,119.4600,118.3400,119.0000,80.2974,56563300
2005-01-11,118.6400,118.7400,117.9900,118.1800,79.7441,63099700
2005-01-12,118.4000,118.8400,117.5200,118.5700,80.0073,72720500
2005-01-13,118.6400,118.7300,117.5000,117.6200,79.3662,55537500
2005-01-14,117.9700,118.5300,117.7600,118.2400,79.7846,42032500
2005-01-18,118.0500,119.6200,117.9500,119.4700,80.6145,57391700
2005-01-19,119.4300,119.5200,118.2100,118.2200,79.7711,54378900
2005-01-20,117.8900,118.2000,117.2900,117.5000,79.2853,72049300
2005-01-21,117.7900,118.0000,116.6500,116.7800,78.7994,63160400
2005-01-24,117.0900,117.3400,116.3700,116.5500,78.6442,58441900
2005-01-25,116.9100,117.4700,116.7200,116.8800,78.8669,68245000
2005-01-26,117.3200,117.6000,117.0400,117.2300,79.1031,57195100
2005-01-27,117.1900,117.7500,116.9800,117.4300,79.2380,55878800
2005-01-28,117.4900,117.5500,116.6100,117.4300,79.2380,60738900
2005-01-31,117.9500,118.2500,117.7100,118.1600,79.7306,52532700
2005-02-01,118.2500,119.0800,118.1000,118.9100,80.2367,49841200
2005-02-02,119.0600,119.5900,118.9000,119.2700,80.4796,52468900
2005-02-03,119.0600,119.1600,118.5700,118.9600,80.2704,48837100
2005-02-04,119.0000,120.4300,118.9800,120.2300,81.1274,50024600
2005-02-07,120.2500,120.5200,119.9600,120.0700,81.0194,45412000
2005-02-08,120.1700,120.6500,120.0700,120.2100,81.1139,39263500
2005-02-09,120.4200,120.4900,119.2500,119.3100,80.5066,55279400
2005-02-10,119.6600,120.0200,119.2600,119.7400,80.7967,45858600
2005-02-11,119.7000,121.0400,119.4600,120.7700,81.4917,53133000
2005-02-14,120.6900,120.8600,120.4800,120.6800,81.4310,32432100
2005-02-15,120.8000,121.4300,120.6800,121.1300,81.7347,43852700
2005-02-16,120.9300,121.4600,120.6700,121.2100,81.7886,55523000
2005-02-17,121.2300,121.3300,120.2200,120.2300,81.1274,58124000
2005-02-18,120.2400,120.4800,119.9000,120.3900,81.2353,47723300
2005-02-22,119.9000,120.4700,118.5800,118.6000,80.0275,80697600
2005-02-23,118.9300,119.5700,118.6200,119.4500,80.6010,68292600
2005-02-24,119.2400,120.3200,118.9800,120.2400,81.1341,68563600
2005-02-25,120.2700,121.6700,120.1800,121.4300,81.9371,60899900
2005-02-28,121.1500,121.3000,120.0400,120.6300,81.3972,69381300
2005-03-01,120.8200,121.5200,120.7800,121.2300,81.8021,47294400
2005-03-02,120.7600,121.9300,120.6500,121.1700,81.7616,64226500
2005-03-03,121.6600,121.9000,120.7000,121.2200,81.7954,61230800
2005-03-04,122.0500,122.8300,121.7900,122.7300,82.8143,56168500
2005-03-07,122.6600,123.2500,122.4000,122.7900,82.8548,43442400
2005-03-08,122.6700,123.0000,122.1100,122.3300,82.5444,44362000
2005-03-09,121.9700,122.2900,120.9600,120.9700,81.6267,73263600
2005-03-10,121.2000,121.5000,120.4000,121.2400,81.8089,65149000
2005-03-11,121.3100,121.7200,120.1600,120.3900,81.2353,57976500
2005-03-14,120.6100,121.1600,120.2800,121.1400,81.7414,36336400
2005-03-15,121.4200,121.4600,120.0800,120.1400,81.0667,62438500
2005-03-16,119.7000,120.1600,118.9000,119.1200,80.3784,74874200
2005-03-17,119.3100,119.7400,118.9800,119.3600,80.5403,62584200
2005-03-18,119.1100,119.5300,118.1500,118.5400,80.3012,60232000
2005-03-21,118.7100,118.7800,117.7600,118.1000,80.0031,61244300
2005-03-22,118.3700,118.9300,116.9000,116.9000,79.1902,92472400
2005-03-23,116.9500,117.7200,116.7500,117.0000,79.2580,70817300
2005-03-24,117.4600,117.9900,117.0600,117.1400,79.3528,51932500
2005-03-28,117.4200,117.9400,117.3100,117.3100,79.4680,46765500
2005-03-29,117.1400,117.9000,116.2500,116.5300,78.9396,71160300
2005-03-30,116.7800,118.2000,116.7700,118.1800,80.0573,62002100
2005-03-31,118.1900,118.4600,117.8700,117.9600,79.9083,64575400
2005-04-01,118.6300,118.9900,116.9100,117.4300,79.5492,95255300
2005-04-04,117.3600,117.8600,116.7400,117.6300,79.6847,71581200
2005-04-05,117.7800,118.3800,117.6700,118.1900,80.0641,46853900
2005-04-06,118.4500,118.9500,118.1800,118.6000,80.3418,53268200
2005-04-07,118.4100,119.2600,118.3200,119.2400,80.7754,46734600
2005-04-08,119.1700,119.2100,118.0000,118.0000,79.9354,63772900
2005-04-11,118.2900,118.4200,117.8300,118.0900,79.9964,44945000
2005-04-12,117.8900,119.0600,117.0700,118.7000,80.4096,86144800
2005-04-13,118.5600,118.8000,117.1300,117.3000,79.4612,65949000
2005-04-14,117.4000,117.5000,115.7700,115.7700,78.4247,96119800
2005-04-15,115.7400,116.2000,114.1000,114.1500,77.3273,128677300
2005-04-18,114.1200,114.9600,113.9600,114.5000,77.5644,100035200
2005-04-19,115.1000,115.5300,114.8300,115.4100,78.1809,64930100
2005-04-20,115.3800,115.6300,113.5500,113.8000,77.0902,107735900
2005-04-21,114.7900,116.2100,114.3800,116.0100,78.5873,86952200
2005-04-22,115.7400,116.5000,114.2700,115.5700,78.2893,88845800
2005-04-25,115.8600,116.5000,115.7200,116.3300,78.8041,52284100
2005-04-26,115.9600,116.7700,115.1500,115.2000,78.0386,72626000
2005-04-27,114.8600,116.0700,114.4400,115.6500,78.3434,84131900
2005-04-28,115.2700,115.6800,114.2000,114.2000,77.3612,72481500
2005-04-29,115.0700,115.8700,113.9700,115.7500,78.4112,103993800
2005-05-02,116.0700,116.4100,115.5200,116.4000,78.8515,56026400
2005-05-03,116.0700,116.8500,115.6900,116.6000,78.9870,86000300
2005-05-04,116.6500,117.7500,116.2800,117.5000,79.5967,81055700
2005-05-05,117.6700,118.0000,116.7400,117.4600,79.5696,96906700
2005-05-06,117.9300,117.9900,117.0600,117.0900,79.3190,67415400
2005-05-09,117.2100,118.0800,117.0500,117.8200,79.8134,43750500
2005-05-10,117.3600,117.5000,116.3900,116.6000,78.9870,74613500
2005-05-11,116.9300,117.4000,115.8500,117.2400,79.4206,91647400
2005-05-12,117.3200,117.5900,115.9500,115.9500,78.5467,95086800
2005-05-13,116.3000,116.6200,114.8000,115.7200,78.3909,85267000
2005-05-16,115.7000,116.8400,115.6600,116.8000,79.1225,49207000
2005-05-17,116.4100,117.7000,116.1600,117.5800,79.6509,61071800
2005-05-18,118.0900,119.0800,118.0100,118.7900,80.4706,77944900
2005-05-19,119.0200,119.4100,118.7000,119.2900,80.8093,61768100
2005-05-20,119.3400,119.3900,118.7400,119.1200,80.6941,46345500
2005-05-23,119.2100,120.0400,119.1900,119.7800,81.1412,51047900
2005-05-24,119.4400,119.8300,119.2000,119.5000,80.9515,50654100
2005-05-25,119.3500,119.8700,118.8300,119.4100,80.8905,47608800
2005-05-26,119.7900,120.2100,119.6200,120.0500,81.3241,43256200
2005-05-27,120.0600,120.2500,119.8000,120.2500,81.4596,24596100
2005-05-31,120.0800,120.1700,119.4000,119.4800,80.9380,43377200
2005-06-01,119.5200,120.9200,119.4500,120.5000,81.6289,69611000
2005-06-02,120.2300,120.8400,120.1000,120.7600,81.8051,39704500
2005-06-03,120.5500,120.8900,119.7300,120.1500,81.3918,60999400
2005-06-06,119.9500,120.2000,119.5500,120.0400,81.3173,36046400
2005-06-07,120.3900,121.2500,120.0100,120.1300,81.3783,66501300
2005-06-08,120.4300,120.5900,119.6700,119.9100,81.2293,46881200
2005-06-09,119.7400,120.5800,119.4400,120.4800,81.6154,56653300
2005-06-10,120.5600,120.6500,119.6000,120.2000,81.4257,36465300
2005-06-13,119.9400,121.0800,119.8100,120.5800,81.6831,49383200
2005-06-14,120.4500,121.2000,120.3800,120.8600,81.8728,33857100
2005-06-15,121.1600,121.2400,120.2300,121.0900,82.0286,53195600
2005-06-16,121.0600,121.6400,120.9200,121.4000,82.2386,46564500
2005-06-17,121.5400,121.9000,121.2200,121.3600,82.5433,51529400
2005-06-20,121.0800,121.8400,120.9400,121.4000,82.5705,41019400
2005-06-21,121.5000,121.6500,121.0300,121.4700,82.6181,39879800
2005-06-22,121.6800,121.9400,121.0700,121.5700,82.6862,46310100
2005-06-23,121.3200,121.6000,119.8300,119.8600,81.5231,62185600
2005-06-24,119.8800,120.0100,118.8400,118.9800,80.9245,58572500
2005-06-27,118.9700,119.4100,118.7500,119.1500,81.0402,48183800
2005-06-28,119.4000,120.2400,119.3700,120.1500,81.7204,41174200
2005-06-29,120.3700,120.4000,119.7600,119.8300,81.5027,42316500
2005-06-30,120.2200,120.3200,118.9500,119.1800,81.0606,62288800
2005-07-01,119.4500,119.8000,119.2100,119.5300,81.2986,49737500
2005-07-05,119.2500,120.6500,119.1900,120.4900,81.9516,51549000
2005-07-06,120.3900,120.6500,119.4100,119.4800,81.2646,52363600
2005-07-07,118.2900,119.9500,118.2600,119.9500,81.5843,103268800
2005-07-08,119.9700,121.3200,119.7200,121.3200,82.5162,64491200
2005-07-11,121.3300,122.1000,121.3100,121.9400,82.9378,49688300
2005-07-12,121.9900,122.6300,121.6400,122.2600,83.1555,51871100
2005-07-13,122.2700,122.5200,121.9900,122.4300,83.2711,41182300
2005-07-14,122.9800,123.4400,122.4900,122.9100,83.5976,63638800
2005-07-15,122.7900,123.0400,122.3600,122.8400,83.5499,56075900
2005-07-18,122.5000,122.6300,122.0500,122.3500,83.2167,56598400
2005-07-19,122.7100,123.1100,122.4100,123.0200,83.6724,59165700
2005-07-20,122.5900,123.7300,122.3000,123.4400,83.9581,69477000
2005-07-21,123.5500,123.6100,122.4700,122.7200,83.4683,101110900
2005-07-22,122.8800,123.5600,122.6300,123.5400,84.0260,52607100
2005-07-25,123.4100,123.9500,122.8500,123.1900,83.7880,57301600
2005-07-26,123.2300,123.5300,122.9500,123.3400,83.8900,42758800
2005-07-27,123.5000,123.8900,123.0500,123.7900,84.1961,43181600
2005-07-28,123.9600,124.6400,123.6400,124.5700,84.7266,47880700
2005-07-29,124.4100,124.6300,123.5000,123.7400,84.1621,62358100
2005-08-01,123.8300,124.0400,123.4500,123.6500,84.1009,40418200
2005-08-02,123.8700,124.6000,123.7400,124.3900,84.6042,45147400
2005-08-03,124.2500,124.7400,124.1200,124.7200,84.8286,36837200
2005-08-04,124.2300,124.3100,123.5700,123.7200,84.1485,50855600
2005-08-05,123.4500,123.9800,122.6700,122.8800,83.5772,53595500
2005-08-08,123.1500,123.4100,122.3800,122.6500,83.4207,47616000
2005-08-09,123.0600,123.5900,122.8700,123.3900,83.9241,47170000
2005-08-10,123.8200,124.5000,122.8200,123.3300,83.8832,72863700
2005-08-11,123.2700,124.0300,123.0100,123.8200,84.2165,58570200
2005-08-12,123.5700,123.6900,122.7500,123.0600,83.6996,54776900
2005-08-15,123.2200,123.8700,122.8300,123.8200,84.2165,36208500
2005-08-16,123.4400,123.5200,122.0900,122.2100,83.1215,71942100
2005-08-17,122.1900,122.8700,122.0300,122.2000,83.1147,62275100
2005-08-18,122.0500,122.5600,121.8400,122.1900,83.1079,53388600
2005-08-19,122.6300,122.8200,122.2000,122.4700,83.2983,39842100
2005-08-22,122.5800,123.2300,121.8800,122.4700,83.2983,69912000
2005-08-23,122.5000,122.6100,121.1500,122.2400,83.1418,55168600
2005-08-24,121.9400,122.7300,121.0900,121.1500,82.4005,79104600
2005-08-25,121.3500,121.6700,121.2100,121.5900,82.6998,35631100
2005-08-26,121.4800,121.4900,120.6800,120.7600,82.1352,61956800
2005-08-29,120.4100,121.7800,120.3800,121.6900,82.7678,56179200
2005-08-30,121.2500,121.3000,120.3900,121.0500,82.3325,74160200
2005-08-31,121.1900,122.6600,120.7400,122.5800,83.3731,102945200
2005-09-01,122.5200,123.1500,121.1400,122.4900,83.3119,74578700
2005-09-02,122.8500,122.8800,122.0400,122.2700,83.1622,47653400
2005-09-06,122.6600,123.8000,122.6500,123.7000,84.1349,57251300
2005-09-07,123.6300,124.1300,123.4600,123.9100,84.2777,41749700
2005-09-08,123.6600,124.0000,123.3100,123.5000,83.9989,39068700
2005-09-09,123.8300,124.7400,123.8000,124.6000,84.7470,43093900
2005-09-12,124.4500,124.6700,124.2700,124.3500,84.5770,33017600
2005-09-13,124.1300,124.4200,123.5200,123.6600,84.1076,58427500
2005-09-14,123.7400,123.9200,123.0200,123.2100,83.8016,57694600
2005-09-15,123.5900,123.6500,122.9000,123.1500,83.7608,73156900
2005-09-16,123.3000,123.7400,122.8700,123.5000,84.3564,75424100
2005-09-19,123.4700,123.5500,122.6400,123.0900,84.0764,53355300
2005-09-20,123.2000,123.6100,121.8700,122.0500,83.3660,84480300
2005-09-21,121.7900,121.8700,120.7800,120.9100,82.5873,94469100
2005-09-22,120.9500,121.6600,120.4400,121.3400,82.8810,84597200
2005-09-23,121.2400,121.8900,120.9000,121.4400,82.9493,59368100
2005-09-26,122.0200,122.2400,121.0800,121.5800,83.0450,70415400
2005-09-27,121.5200,121.9900,121.0200,121.5500,83.0245,66150800
2005-09-28,121.9300,122.1200,121.2000,121.6700,83.1064,58620500
2005-09-29,121.5500,122.8600,121.0800,122.6600,83.7826,66607700
2005-09-30,122.6200,123.0400,121.7400,123.0400,84.0422,47824200
2005-10-03,122.9600,123.3400,122.4500,122.6000,83.7417,50994800
2005-10-04,122.7900,123.0300,121.1600,121.2200,82.7991,60776300
2005-10-05,121.2500,121.3100,119.5700,119.6300,81.7130,106052100
2005-10-06,119.7800,120.2600,118.1700,119.2000,81.4193,140941800
2005-10-07,119.7000,120.0500,119.1300,119.6100,81.6994,75661400
2005-10-10,119.6800,119.7100,118.3000,118.6000,81.0094,52677000
2005-10-11,118.9900,119.3900,118.3200,118.4300,80.8933,75629800
2005-10-12,118.3900,119.1300,117.4100,117.5000,80.2581,100510400
2005-10-13,117.4600,118.0800,116.8800,117.4300,80.2103,99052900
2005-10-14,118.1200,118.8100,117.5600,118.6700,81.0573,88651000
2005-10-17,118.8000,119.2700,118.4500,119.1100,81.3578,68109300
2005-10-18,118.9400,118.9600,117.8000,117.8200,80.4767,74996900
2005-10-19,117.5000,119.8000,117.1200,119.7800,81.8155,116563800
2005-10-20,119.4900,119.8100,117.3000,117.6700,80.3743,131966700
2005-10-21,118.2900,118.7800,117.5100,118.1300,80.6884,96579500
2005-10-24,118.4400,120.0900,118.4100,119.9600,81.9384,71308400
2005-10-25,119.7200,120.2400,118.9400,119.7200,81.7745,76594500
2005-10-26,119.5100,120.5400,119.1900,119.3700,81.5354,80855800
2005-10-27,119.2000,119.3700,117.9300,118.1000,80.6680,66623100
2005-10-28,118.4300,119.9500,118.1000,119.8000,81.8291,72322000
2005-10-31,120.2900,121.3000,120.1300,120.1300,82.0545,77698900
2005-11-01,120.5800,120.9000,120.2200,120.4900,82.3004,66365100
2005-11-02,120.1700,121.7500,120.1300,121.7500,83.1611,74012300
2005-11-03,122.1500,122.6600,121.7500,122.2700,83.5162,84897600
2005-11-04,122.4000,122.4600,121.5500,122.1100,83.4070,59156000
2005-11-07,122.3700,122.6200,121.8500,122.2300,83.4889,46765400
2005-11-08,121.9300,122.4200,121.7900,122.2300,83.4889,42152800
2005-11-09,122.0800,122.9500,121.8600,122.3900,83.5982,57666800
2005-11-10,122.3400,123.5200,121.7500,123.3400,84.2471,79048100
2005-11-11,123.3500,123.8400,122.4300,123.7600,84.5340,34867000
2005-11-14,123.7900,124.0200,123.3800,123.6900,84.4862,45092200
2005-11-15,123.5500,124.0900,122.8600,123.2400,84.1788,69592500
2005-11-16,123.3700,123.5500,122.9800,123.4900,84.3496,51133000
2005-11-17,123.6800,124.6500,123.1400,124.6400,85.1351,55717500
2005-11-18,125.0600,125.2800,124.3300,125.1300,85.4698,72437200
2005-11-21,125.1500,125.9100,124.9800,125.7600,85.9001,50021200
2005-11-22,125.5600,126.5200,125.4200,126.3000,86.2690,66438800
2005-11-23,126.2500,127.4100,126.2100,127.0300,86.7676,50854700
2005-11-25,126.9800,127.2200,126.8100,127.1300,86.8359,15270000
2005-11-28,127.2500,127.2700,126.0400,126.2300,86.2211,54498500
2005-11-29,126.6500,126.9800,126.0900,126.0900,86.1255,51738900
2005-11-30,126.1600,126.5200,125.2900,125.4100,85.6610,56007200
2005-12-01,126.0200,127.0300,125.9800,126.6900,86.5354,65468200
2005-12-02,126.7700,127.0800,126.5000,126.8500,86.6446,46699400
2005-12-05,126.7000,126.7300,126.1800,126.5800,86.4602,59273400
2005-12-06,127.0500,127.7400,126.6300,126.8200,86.6241,57935200
2005-12-07,126.7700,126.8700,125.6800,126.0800,86.1187,66816500
2005-12-08,126.2200,126.8200,125.4800,126.0000,86.0640,62608600
2005-12-09,126.1600,126.7800,125.8200,126.3300,86.2894,50744500
2005-12-12,126.7100,126.8600,125.9600,126.4500,86.3714,48389900
2005-12-13,126.4200,127.7000,126.2900,127.3100,86.9588,88630900
2005-12-14,127.1900,128.0900,127.1400,127.8100,87.3003,64375000
2005-12-15,127.8400,128.0000,127.1800,127.4400,87.0476,55900300
2005-12-16,127.2800,127.3600,126.3600,126.3600,86.7674,46238300
2005-12-19,126.7300,126.8700,125.6900,125.7100,86.3211,48733000
2005-12-20,125.8600,126.5900,125.4800,125.8300,86.4035,46603200
2005-12-21,126.2200,126.7600,125.8000,126.0300,86.5409,51806900
2005-12-22,126.3100,126.6900,126.0800,126.6900,86.9941,32247900
2005-12-23,126.7800,126.8600,126.4200,126.7600,87.0421,27977300
2005-12-27,126.9600,127.0500,125.3800,125.4700,86.1563,44499500
2005-12-28,125.7400,125.9900,125.5000,125.7500,86.3486,30764300
2005-12-29,125.7200,125.9600,125.0600,125.1900,85.9640,32788900
2005-12-30,124.8000,125.0600,124.3600,124.5100,85.4971,44645600
2006-01-03,125.1900,127.0000,124.3900,126.7000,87.0009,73256700
2006-01-04,126.8600,127.4900,126.7000,127.3000,87.4129,51899600
2006-01-05,127.1500,127.5900,126.8800,127.3800,87.4679,47307500
2006-01-06,128.0200,128.5800,127.3600,128.4400,88.1957,62885900
2006-01-09,128.4200,129.0600,128.3800,128.7700,88.4223,43527400
2006-01-10,128.3900,128.9800,128.2600,128.9000,88.5116,44960800
2006-01-11,129.0200,129.4400,128.7300,129.3100,88.7931,49598900
2006-01-12,129.0800,129.2800,128.4400,128.8000,88.4430,40509200
2006-01-13,128.5700,128.9000,128.2000,128.6800,88.3605,44856700
2006-01-17,128.2000,128.4200,127.8100,128.3300,88.1202,52066600
2006-01-18,127.5800,128.9000,127.1600,127.8200,87.7700,75067600
2006-01-19,128.1300,128.7700,127.8100,128.3100,88.1065,81530400
2006-01-20,128.2800,128.3100,125.9700,125.9700,86.4997,114957800
2006-01-23,126.2100,126.8200,126.1300,126.4200,86.8086,67017400
2006-01-24,126.6300,127.1500,126.4200,126.5500,86.8979,53008800
2006-01-25,127.0400,127.1800,125.8400,126.6600,86.9735,87747700
2006-01-26,127.2500,127.6700,126.7600,127.3600,87.4541,71294000
2006-01-27,127.6600,128.6600,127.4500,128.5400,88.2644,65771200
2006-01-30,128.4400,128.8100,128.3500,128.4400,88.1957,33709600
2006-01-31,128.3200,128.5400,127.4900,127.5000,87.5502,72937000
2006-02-01,127.8200,128.4300,127.7200,128.3900,88.1614,63561000
2006-02-02,128.1000,128.1400,126.8000,126.9000,87.1383,83626900
2006-02-03,126.5800,128.3900,126.1400,126.2700,86.7056,86040400
2006-02-06,126.4400,126.8000,126.1700,126.6000,86.9322,45511900
2006-02-07,126.3800,126.6600,125.4000,125.4800,86.1632,71208100
2006-02-08,125.8500,128.1000,125.6000,126.6200,86.9460,59422200
2006-02-09,126.9200,127.6000,126.3700,126.4100,86.8018,62023300
2006-02-10,126.4300,127.1300,125.4500,126.6400,86.9597,64508700
2006-02-13,126.6000,126.7900,125.9500,126.4100,86.8018,52308700
2006-02-14,126.4600,128.0300,126.2100,127.7500,87.7219,90964400
2006-02-15,127.6800,128.3200,127.2400,128.2000,88.0309,85471300
2006-02-16,128.3400,129.2100,128.1800,129.1600,88.6901,61017900
2006-02-17,129.0500,129.1600,128.5800,128.8100,88.4498,40342600
2006-02-21,129.1100,129.4000,128.2900,128.4900,88.2301,46456300
2006-02-22,128.7700,129.6500,128.6500,129.2700,88.7657,42326700
2006-02-23,129.2700,129.6400,128.2800,129.0800,88.6352,43423200
2006-02-24,129.1100,129.4800,128.7600,129.4100,88.8618,36777400
2006-02-27,129.4000,130.0400,129.2800,129.4600,88.8961,35858600
2006-02-28,129.2000,129.9100,128.1300,128.2300,88.0515,74394800
2006-03-01,128.6000,129.4900,128.5000,129.3700,88.8343,48641600
2006-03-02,128.9000,129.4200,128.6100,129.3600,88.8274,60642300
2006-03-03,128.6700,130.0700,128.6500,128.7600,88.4154,73402500
2006-03-06,129.1400,129.1800,127.8500,128.1700,88.0103,57478400
2006-03-07,127.8600,128.0600,127.4000,127.9700,87.8730,61780800
2006-03-08,127.7000,128.4400,127.1800,128.2400,88.0584,66692400
2006-03-09,128.2800,128.6800,127.3800,127.3800,87.4679,56313600
2006-03-10,127.7100,128.8400,127.4400,128.5900,88.2987,60490800
2006-03-13,128.8400,129.1600,128.5300,128.8300,88.4635,45479100
2006-03-14,128.7100,130.2300,128.6100,130.1800,89.3905,69877300
2006-03-15,130.1500,130.8600,129.8500,130.7600,89.7888,53398900
2006-03-16,131.0100,131.4700,130.8400,131.0300,89.9742,65526400
2006-03-17,130.6800,130.9000,130.3800,130.6200,90.0493,47286800
2006-03-20,130.6400,130.9000,130.2100,130.4100,89.9046,45538500
2006-03-21,130.3700,130.9900,129.4500,129.5900,89.3393,87102700
2006-03-22,129.5100,130.5100,129.4500,130.3800,89.8839,51605700
2006-03-23,130.2600,130.3900,129.6600,130.1100,89.6977,46704200
2006-03-24,129.9900,130.5700,129.7400,130.2100,89.7667,43209200
2006-03-27,130.0300,130.2800,129.7400,130.0200,89.6357,32523000
2006-03-28,129.9300,130.5300,129.0500,129.2200,89.0842,82079900
2006-03-29,129.4100,130.5000,129.2900,130.0300,89.6426,61505700
2006-03-30,130.1100,130.9800,129.5500,129.8000,89.4840,70571700
2006-03-31,130.0200,130.2400,129.3700,129.8300,89.5047,62925600
2006-04-03,130.0700,130.8700,129.4900,129.7300,89.4358,61624700
2006-04-04,129.7300,130.7300,129.3600,130.5600,90.0080,54809300
2006-04-05,130.6100,131.2800,130.3800,131.0100,90.3182,50607200
2006-04-06,130.8500,131.2100,130.1900,130.8700,90.2217,57906200
2006-04-07,131.0600,131.4000,129.3500,129.5400,89.3048,80180900
2006-04-10,129.7400,130.0800,129.2600,129.7400,89.4427,41496500
2006-04-11,129.8500,130.0600,128.2500,128.6400,88.6843,72799400
2006-04-12,128.7700,129.1300,128.6100,128.8800,88.8498,43033700
2006-04-13,128.5900,129.2500,128.3100,128.7100,88.7326,51051800
2006-04-17,128.8300,129.3100,128.0200,128.6600,88.6981,64167700
2006-04-18,128.9300,130.9400,128.9300,130.7000,90.1045,92531800
2006-04-19,130.7500,131.0700,130.2400,130.9500,90.2768,87269000
2006-04-20,131.0000,131.8600,130.6000,131.1300,90.4009,86005500
2006-04-21,131.6900,131.7900,130.6200,131.1500,90.4147,72342600
2006-04-24,130.8900,131.0700,130.3800,130.9100,90.2493,52546400
2006-04-25,131.0400,131.1200,129.9200,130.3700,89.8770,84359800
2006-04-26,130.5000,131.1400,130.3000,130.4000,89.8977,67262400
2006-04-27,129.9000,131.6300,129.5900,131.0300,90.3320,124478600
2006-04-28,130.7900,131.7500,130.7100,131.4700,90.6353,55854400
2006-05-01,131.4700,131.8000,130.3200,130.4000,89.8977,64990300
2006-05-02,131.0100,131.4600,130.7400,131.3800,90.5733,49063500
2006-05-03,131.1500,131.3200,130.4500,130.8900,90.2355,60821300
2006-05-04,131.0800,131.6200,130.9700,131.3600,90.5595,42921400
2006-05-05,132.0500,132.8000,131.8500,132.5200,91.3592,62588200
2006-05-08,132.5100,132.7700,132.3600,132.3600,91.2489,30016700
2006-05-09,132.4200,132.7700,132.3100,132.6200,91.4281,29864000
2006-05-10,132.4100,132.7500,131.8900,132.5500,91.3799,64378200
2006-05-11,132.5100,132.5500,130.5200,130.9500,90.2768,80626900
2006-05-12,130.3600,130.7200,129.1900,129.2400,89.0980,91726500
2006-05-15,128.7900,129.7400,128.6100,129.5000,89.2772,84029300
2006-05-16,129.7600,130.0000,129.0100,129.3100,89.1462,62137600
2006-05-17,128.6700,129.1000,126.7700,126.8500,87.4503,144789500
2006-05-18,127.3500,127.7500,126.1100,126.2100,87.0091,87906300
2006-05-19,126.8700,127.4900,125.8000,127.1000,87.6226,124309400
2006-05-22,126.2800,127.1700,125.5000,126.1300,86.9539,110852800
2006-05-23,127.1800,127.6300,125.1700,125.1700,86.2921,92006500
2006-05-24,125.6800,126.8900,124.7600,126.1700,86.9815,168405000
2006-05-25,126.9200,127.7300,126.4300,127.7300,88.0570,78977900
2006-05-26,128.0100,128.3800,127.5100,128.3800,88.5051,62989700
2006-05-30,127.9700,128.0000,126.0500,126.1000,86.9333,72419900
2006-05-31,126.6200,127.5100,126.2000,127.5100,87.9053,86926200
2006-06-01,127.3800,128.9400,127.2700,128.7300,88.7464,73721700
2006-06-02,129.2500,129.4300,128.3200,129.0000,88.9325,91702600
2006-06-05,128.8500,128.8600,126.7700,127.1200,87.6365,86105100
2006-06-06,127.2100,127.3800,125.7600,126.8100,87.4227,130498600
2006-06-07,126.9100,127.6500,125.7900,125.8600,86.7678,108599400
2006-06-08,125.5800,126.5000,123.8700,125.7500,86.6919,204957200
2006-06-09,126.3600,126.9600,125.2900,125.3500,86.4162,94972200
2006-06-12,125.8800,125.9300,123.8200,123.9900,85.4786,95815900
2006-06-13,123.7400,124.8400,122.5500,122.5500,84.4859,185688800
2006-06-14,122.8400,123.6300,122.3400,123.5000,85.1408,163566400
2006-06-15,123.9500,126.3600,123.8600,126.1200,86.9470,134057000
2006-06-16,125.2900,125.5600,124.4600,124.6500,86.3134,94253500
2006-06-19,125.4000,125.4800,123.5500,123.6700,85.6348,95804400
2006-06-20,124.0100,124.8100,123.7200,124.0900,85.9257,65494700
2006-06-21,124.0000,125.7000,123.9600,125.0100,86.5627,75008200
2006-06-22,124.9500,125.0600,124.0400,124.4600,86.1819,74566100
2006-06-23,124.3300,125.3000,124.0300,124.4400,86.1680,54107000
2006-06-26,124.5400,125.0600,124.2500,124.9900,86.5489,37899600
2006-06-27,125.0100,125.2900,123.7700,123.9100,85.8010,69780200
2006-06-28,124.1900,124.7700,123.6500,124.7500,86.3827,62368100
2006-06-29,125.2000,127.3500,125.1700,127.2700,88.1277,110634800
2006-06-30,127.5400,127.6600,126.9600,127.2800,88.1346,54227800
2006-07-03,127.4300,128.0100,127.3100,127.8000,88.4947,23914000
2006-07-05,127.2900,127.4500,126.5200,127.0700,87.9892,69653400
2006-07-06,127.2000,127.8500,127.0800,127.4400,88.2454,50100300
2006-07-07,127.1900,127.5600,126.2900,126.6100,87.6707,81626500
2006-07-10,126.9400,127.4300,126.4100,126.8500,87.8368,60964100
2006-07-11,126.6100,127.4100,125.9400,127.4100,88.2246,73640800
2006-07-12,127.1500,127.4000,125.7200,126.0500,87.2829,82561300
2006-07-13,125.4500,125.6800,124.0000,124.0000,85.8634,102405700
2006-07-14,124.1300,124.2600,122.8300,123.5200,85.5310,103242500
2006-07-17,123.5200,124.1000,123.1500,123.3400,85.4063,81159000
2006-07-18,123.7100,124.0500,122.3900,123.9700,85.8426,122771000
2006-07-19,124.1800,126.2600,123.7200,125.6900,87.0336,133565300
2006-07-20,126.1200,126.3000,124.6600,124.8300,86.4381,112259800
2006-07-21,125.1500,125.1900,123.8200,123.9500,85.8287,101560000
2006-07-24,124.4400,126.3200,124.4400,126.2100,87.3937,92884000
2006-07-25,125.9800,127.3000,125.7200,126.6600,87.7053,95480700
2006-07-26,126.5900,127.4500,126.1800,126.8300,87.8230,84525800
2006-07-27,127.3800,127.6900,126.2000,126.7100,87.7399,87257100
2006-07-28,127.0400,128.1400,126.8600,127.9800,88.6193,82137000
2006-07-31,127.6600,127.9600,127.4500,127.8500,88.5293,49593100
2006-08-01,127.3400,127.3800,126.6000,127.2200,88.0930,65225600
2006-08-02,127.5800,128.4600,127.5500,128.0800,88.6885,64770900
2006-08-03,127.3400,128.5500,127.1500,128.4200,88.9240,63693800
2006-08-04,129.0800,129.4300,127.4800,128.2000,88.7716,96294200
2006-08-07,127.9000,128.0800,127.4000,127.9000,88.5639,45377300
2006-08-08,128.0900,128.4600,126.9500,127.4100,88.2246,90901300
2006-08-09,128.1800,128.6000,126.6100,126.9800,87.9268,78910600
2006-08-10,126.5800,127.5000,126.2800,127.3700,88.1969,69322300
2006-08-11,127.1700,127.2000,126.3900,127.0100,87.9476,47482200
2006-08-14,127.6300,128.1600,126.9200,127.1100,88.0169,57839000
2006-08-15,128.2500,128.8700,127.9000,128.6300,89.0694,68143000
2006-08-16,129.3200,129.8900,129.0400,129.7000,89.8103,71737600
2006-08-17,129.5800,130.3700,129.4900,130.0300,90.0388,70992800
2006-08-18,130.1900,130.6900,129.5900,130.6900,90.4958,58288400
2006-08-21,130.1800,130.2800,129.8000,130.1300,90.1081,42133600
2006-08-22,129.9900,130.5200,129.6800,130.1200,90.1011,60839900
2006-08-23,130.1800,130.4400,129.1900,129.7600,89.8519,66592100
2006-08-24,129.9900,130.1000,129.4000,129.6500,89.7757,57983000
2006-08-25,129.6400,130.2500,129.5500,129.8100,89.8865,41756000
2006-08-28,129.6500,130.8200,129.6400,130.4300,90.3158,52681500
2006-08-29,130.4900,130.8300,129.8100,130.5800,90.4197,61817800
2006-08-30,130.8700,131.0400,130.5500,130.6600,90.4751,50052200
2006-08-31,130.8500,130.9900,130.5800,130.6400,90.4612,37510300
2006-09-01,131.1400,131.5800,130.8400,131.4200,91.0013,48794500
2006-09-05,131.5100,131.8500,131.2000,131.6700,91.1744,52348300
2006-09-06,131.1100,131.1600,130.3300,130.5100,90.3711,53795600
2006-09-07,130.0600,130.5700,129.3500,129.9100,89.9557,86269400
2006-09-08,130.0800,130.4600,129.8300,130.2800,90.2119,45096300
2006-09-11,129.8600,130.6900,129.4800,130.4100,90.3019,68496600
2006-09-12,130.5600,131.8400,130.3700,131.6900,91.1883,69875600
2006-09-13,131.6400,132.4500,131.5200,132.2200,91.5553,62898400
2006-09-14,131.9600,132.2400,131.7500,132.2300,91.5622,57805400
2006-09-15,132.3100,132.3900,131.6800,131.9600,91.7771,76703100
2006-09-18,131.7900,132.3900,131.6500,132.1400,91.9023,64154100
2006-09-19,132.1200,132.1300,131.0700,131.8100,91.6728,92089100
2006-09-20,132.2500,132.7700,132.0600,132.5100,92.1596,75204100
2006-09-21,132.6100,132.7500,131.4200,131.8700,91.7145,88932500
2006-09-22,131.6700,131.6800,131.0000,131.4700,91.4363,65966800
2006-09-25,131.7300,132.8500,131.0500,132.4800,92.1388,92299100
2006-09-26,132.5000,133.6000,132.4000,133.5800,92.9038,73962700
2006-09-27,133.4900,133.9700,133.2700,133.7400,93.0151,82432200
2006-09-28,133.7400,133.9900,133.2800,133.6900,92.9803,58597500
2006-09-29,133.8000,133.9400,133.4800,133.5800,92.9038,47966600
2006-10-02,133.5400,133.8300,132.9500,133.0800,92.5561,51687400
2006-10-03,132.8900,133.8700,132.6500,133.3600,92.7508,73108100
2006-10-04,133.2300,135.0000,133.0800,134.9200,93.8358,80890500
2006-10-05,134.9200,135.4100,134.7500,135.1800,94.0166,60505900
2006-10-06,134.9500,135.1000,134.4000,135.0100,93.8983,64983600
2006-10-09,134.8500,135.3000,134.6400,135.0900,93.9540,41176800
2006-10-10,135.1000,135.4500,134.8400,135.2700,94.0792,56403700
2006-10-11,134.8400,135.4300,134.3000,135.1100,93.9679,104071800
2006-10-12,135.4500,136.3900,135.4000,136.2800,94.7816,59158600
2006-10-13,136.1600,136.7100,136.0400,136.6300,95.0251,53944000
2006-10-16,136.5200,137.0500,136.4200,136.8400,95.1711,42273000
2006-10-17,136.4700,136.7000,135.6700,136.4100,94.8720,90500600
2006-10-18,137.0400,137.3700,136.1000,136.5900,94.9973,86848600
2006-10-19,136.3900,136.8800,136.2300,136.8100,95.1503,64063200
2006-10-20,136.8400,136.9500,136.3300,136.8400,95.1711,48094500
2006-10-23,136.5600,137.8000,136.3900,137.4700,95.6093,66219900
2006-10-24,137.2800,137.9300,137.2200,137.8800,95.8944,53234900
2006-10-25,137.7400,138.4100,137.5100,138.3500,96.2213,78105400
2006-10-26,138.6600,139.0000,137.9800,138.7800,96.5203,66843700
2006-10-27,138.6100,138.7500,137.6300,137.9100,95.9152,80238000
2006-10-30,137.6600,138.2000,137.4000,137.8100,95.8457,49717800
2006-10-31,138.0700,138.2600,137.2500,137.7900,95.8318,71274100
2006-11-01,138.2200,138.3100,136.7200,136.8600,95.1850,83005600
2006-11-02,136.5100,137.0100,136.3600,136.7800,95.1294,60693100
2006-11-03,137.2700,137.3900,135.6200,136.5400,94.9625,71346400
2006-11-06,136.9600,138.2800,136.9500,138.0800,96.0335,63303300
2006-11-07,138.2000,138.9800,138.0000,138.6100,96.4021,63318900
2006-11-08,138.0000,139.0500,136.8600,138.9100,96.6108,87517800
2006-11-09,139.0100,139.1400,137.9000,138.1800,96.1031,95916300
2006-11-10,138.1400,138.3400,137.7200,138.2400,96.1448,48991500
2006-11-13,138.1800,139.0400,138.0700,138.5800,96.3813,59398200
2006-11-14,138.9700,139.7400,138.1200,139.6200,97.1046,96704000
2006-11-15,139.5700,140.4500,139.5300,140.0200,97.3828,76509600
2006-11-16,140.4400,140.6800,139.4900,140.3800,97.6332,76728800
2006-11-17,139.9300,140.4300,139.7300,140.4200,97.6610,56353800
2006-11-20,140.3000,140.7400,139.9400,140.5000,97.7166,69174200
2006-11-21,140.4900,140.6700,140.2900,140.6400,97.8140,51367900
2006-11-22,140.7500,141.1600,140.5000,140.9200,98.0087,45505300
2006-11-24,140.2400,140.8400,140.2000,140.3500,97.6123,30998000
2006-11-27,140.2800,140.3500,138.3800,138.4200,96.2700,84545100
2006-11-28,138.2400,139.1600,138.1100,139.0200,96.6873,106652900
2006-11-29,139.4700,140.5300,139.0800,140.4700,97.6958,90034900
2006-11-30,140.4400,141.0500,139.7600,140.5300,97.7375,83994300
2006-12-01,140.5300,140.6600,138.9700,140.2200,97.5219,126080000
2006-12-04,140.2500,141.5500,140.2300,141.2900,98.2660,87813200
2006-12-05,141.5600,141.9600,141.2600,141.9000,98.6903,73374400
2006-12-06,141.8700,142.0700,141.5000,141.7800,98.6068,53253200
2006-12-07,142.0300,142.3000,141.1100,141.1600,98.1756,62857400
2006-12-08,141.1300,141.9000,140.7800,141.4200,98.3564,79625500
2006-12-11,141.4200,142.0900,141.3400,141.8300,98.6416,39779400
2006-12-12,141.6900,141.8700,140.8900,141.7200,98.5651,77451600
2006-12-13,142.2300,142.3400,141.5600,141.8700,98.6694,55520200
2006-12-14,141.8600,143.2400,141.8400,143.1200,99.5388,64755200
2006-12-15,142.6400,142.8900,142.2400,142.3400,99.5479,70857400
2006-12-18,142.5400,142.8800,141.7500,141.9500,99.2751,48954600
2006-12-19,141.5500,142.5600,141.1900,142.2200,99.4639,65023600
2006-12-20,142.2800,142.6600,142.0100,142.1400,99.4080,41469600
2006-12-21,142.2700,142.4300,141.3200,141.6200,99.0443,48698400
2006-12-22,141.6400,141.6500,140.6700,140.7500,98.4359,62069100
2006-12-26,140.8100,141.6100,140.7800,141.5800,99.0164,32696900
2006-12-27,141.8700,142.6000,141.8300,142.5100,99.6668,39727100
2006-12-28,142.4100,142.7000,141.9900,142.2100,99.4570,37288800
2006-12-29,142.0600,142.5400,141.4300,141.6200,99.0443,45461200
2007-01-03,142.2500,142.8600,140.5700,141.3700,98.8695,94807600
2007-01-04,141.2300,142.0500,140.6100,141.6700,99.0793,69620600
2007-01-05,141.3300,141.4000,140.3800,140.5400,98.2890,76645300
2007-01-08,140.8200,141.4100,140.2500,141.1900,98.7436,71655000
2007-01-09,141.3100,141.6000,140.4000,141.0700,98.6597,75680100
2007-01-10,140.5800,141.5700,140.3000,141.5400,98.9883,72428000
2007-01-11,141.5800,142.6200,141.5000,142.1600,99.4220,54476800
2007-01-12,142.1500,143.2400,142.1100,143.2400,100.1773,55370600
2007-01-16,143.0700,143.4400,142.7300,142.9600,99.9815,44871300
2007-01-17,142.8500,143.4600,142.7300,143.0200,100.0235,50241400
2007-01-18,143.1700,143.2600,142.3100,142.5400,99.6878,68177300
2007-01-19,142.5400,143.1000,142.4600,142.8200,99.8836,56973000
2007-01-22,143.0700,143.1000,141.9300,142.3800,99.5759,60253600
2007-01-23,142.2600,143.0800,142.0600,142.8000,99.8695,54064400
2007-01-24,142.9700,143.9800,142.9100,143.9500,100.6738,55834700
2007-01-25,143.8600,143.9200,142.0100,142.2600,99.4919,73583800
2007-01-26,142.5700,142.6500,141.5800,142.1300,99.4010,67255600
2007-01-29,142.1900,142.8000,141.7400,142.0500,99.3451,66114600
2007-01-30,142.3500,142.8600,142.0600,142.7900,99.8626,70407600
2007-01-31,142.6300,144.1300,142.4000,143.7500,100.5340,91868600
2007-02-01,144.1500,144.6600,143.9100,144.6100,101.1354,69312400
2007-02-02,144.7300,144.9500,144.3800,144.8100,101.2753,49607000
2007-02-05,144.7000,144.9400,144.3400,144.8500,101.3033,45705300
2007-02-06,144.9700,145.0300,144.3300,144.8900,101.3313,57081300
2007-02-07,145.1200,145.3600,144.5700,145.2100,101.5550,55669700
2007-02-08,144.7800,145.1200,144.2700,145.0200,101.4222,70641000
2007-02-09,145.0600,145.3300,143.3900,143.9400,100.6668,79084400
2007-02-12,143.9400,144.0400,143.1900,143.4500,100.3242,65657000
2007-02-13,143.7700,144.9000,143.7600,144.6600,101.1705,64081800
2007-02-14,144.8000,145.9000,144.7800,145.6100,101.8348,66039400
2007-02-15,145.6700,145.9500,145.4300,145.8000,101.9677,38715200
2007-02-16,145.4400,145.7600,145.2300,145.7300,101.9187,39841800
2007-02-20,145.5600,146.2000,145.0000,146.0400,102.1355,56911800
2007-02-21,145.6100,146.0700,145.3500,145.9800,102.0936,63971600
2007-02-22,146.0500,146.4200,145.1700,145.8700,102.0166,79067400
2007-02-23,145.7400,145.7900,145.0300,145.3000,101.6180,71966200
2007-02-26,145.8300,145.9500,144.7500,145.1700,101.5271,69192800
2007-02-27,143.8800,144.2000,139.0000,139.5000,97.5617,274466500
2007-02-28,140.3900,141.9800,139.8000,140.9300,98.5618,177536300
2007-03-01,139.3400,141.2500,138.0500,140.5100,98.2681,212828600
2007-03-02,140.0500,140.6600,138.6600,138.6700,96.9812,162574000
2007-03-05,137.9300,139.5800,137.3300,137.3500,96.0580,143750400
2007-03-06,138.7800,140.1200,137.7200,139.7000,97.7016,143333300
2007-03-07,139.5900,140.4600,139.4000,139.5600,97.6036,115144900
2007-03-08,140.5400,141.1600,140.0700,140.7400,98.4289,117891600
2007-03-09,141.3100,141.4200,140.0800,140.7800,98.4569,107765100
2007-03-12,140.4200,141.3400,140.1600,140.9900,98.6038,80366900
2007-03-13,140.1800,140.7700,138.0400,138.2500,96.6875,190605200
2007-03-14,138.4300,139.3600,136.7500,139.2800,97.4078,231853800
2007-03-15,138.9700,139.9900,138.8000,139.4700,97.5407,132435900
2007-03-16,139.3100,139.6300,138.1200,138.5300,97.2676,121531600
2007-03-19,139.2600,140.3300,139.1500,140.2000,98.4401,96161200
2007-03-20,140.0800,141.0500,139.9600,140.9700,98.9808,82147400
2007-03-21,141.1000,143.6500,140.8200,143.2900,100.6097,152368700
2007-03-22,143.4800,143.6800,142.7900,143.1800,100.5325,118942200
2007-03-23,143.2800,143.8100,143.1500,143.3900,100.6799,74416800
2007-03-26,143.5000,143.6500,142.0900,143.2000,100.5466,113787500
2007-03-27,143.1200,143.1600,142.3900,142.8600,100.3079,99864600
2007-03-28,142.1400,142.4700,141.2600,141.8200,99.5776,152907900
2007-03-29,142.5400,142.6100,141.1900,141.9700,99.6829,139432700
2007-03-30,142.2400,142.8400,140.5600,142.0000,99.7040,128194100
2007-04-02,142.1600,142.4600,141.4800,142.1600,99.8163,79416400
2007-04-03,142.9700,143.9800,142.9100,143.6900,100.8906,82417800
2007-04-04,143.6900,143.9500,143.1600,143.8500,101.0030,63995200
2007-04-05,143.6700,144.4400,143.6100,144.2400,101.2768,46822800
2007-04-09,144.6500,144.8000,144.1500,144.4400,101.4172,50967400
2007-04-10,144.3300,144.8500,144.2700,144.6100,101.5366,56620000
2007-04-11,144.8200,144.8600,143.5400,144.0200,101.1223,106365700
2007-04-12,143.7400,144.9200,143.3400,144.6600,101.5717,115534400
2007-04-13,144.9000,145.3200,144.3600,145.3200,102.0351,84287000
2007-04-16,145.8300,146.8600,145.8200,146.7000,103.0041,83064600
2007-04-17,146.9700,147.4000,146.6500,147.0900,103.2779,108424100
2007-04-18,146.6000,147.7000,146.5700,147.2700,103.4043,88345300
2007-04-19,146.5500,147.4000,146.3600,147.2300,103.3762,102947700
2007-04-20,148.2200,148.6200,147.0400,148.6200,104.3521,124114100
2007-04-23,148.3700,148.7300,147.9700,148.0600,103.9589,77270800
2007-04-24,148.2300,148.4000,147.3200,148.1200,104.0011,114471000
2007-04-25,148.7300,149.6600,148.0200,149.4800,104.9560,108418800
2007-04-26,149.4900,149.8000,149.1000,149.6500,105.0754,88741600
2007-04-27,149.0900,149.7400,148.8400,149.5300,104.9911,108191100
2007-04-30,149.6400,149.7400,148.2100,148.2900,104.1205,100874100
2007-05-01,148.4200,149.4700,147.6700,148.6700,104.3873,134342700
2007-05-02,148.9000,149.9500,148.7500,149.5400,104.9982,87129800
2007-05-03,149.9700,150.4000,149.7300,150.3500,105.5669,86569700
2007-05-04,150.7500,151.1200,150.2200,150.9200,105.9671,96409000
2007-05-07,150.8800,151.2000,150.8100,150.9500,105.9882,63461400
2007-05-08,150.5800,150.9200,150.1300,150.7500,105.8477,80584000
2007-05-09,150.6400,152.8200,150.3700,151.1600,106.1356,102070100
2007-05-10,150.7300,151.0200,149.2700,149.5800,105.0262,153617800
2007-05-11,149.7500,150.9300,149.7200,150.8600,105.9250,113408900
2007-05-14,150.8600,151.3000,149.7900,150.5300,105.6932,108027500
2007-05-15,150.7000,151.6600,150.1900,150.5700,105.7213,180673300
2007-05-16,150.8000,151.6300,150.3800,151.6000,106.4445,114166500
2007-05-17,151.3800,151.9600,151.1100,151.3000,106.2339,101132800
2007-05-18,152.0100,152.6200,151.8100,152.6200,107.1607,99182000
2007-05-21,152.5800,153.2300,152.5000,152.5400,107.1045,174664600
2007-05-22,152.7000,153.1600,152.3800,152.4200,107.0203,82148800
2007-05-23,152.9500,153.5000,152.3600,152.4400,107.0344,133786600
2007-05-24,152.5300,153.2100,150.7400,151.0600,106.0654,187593000
2007-05-25,151.5000,152.0200,151.1800,151.6900,106.5077,83309200
2007-05-29,151.9400,152.5000,151.4500,152.2400,106.8939,82020000
2007-05-30,151.4600,153.5400,151.3400,153.4800,107.7645,129013600
2007-05-31,153.6700,153.8900,153.1200,153.3200,107.6522,114866700
2007-06-01,153.8800,154.4000,153.5100,154.0800,108.1859,107771700
2007-06-04,153.5400,154.3900,153.4800,154.1000,108.1999,78008800
2007-06-05,153.7400,153.9000,152.8600,153.4900,107.7716,126917900
2007-06-06,152.8600,152.9500,151.7500,151.8400,106.6131,164096800
2007-06-07,151.5600,152.5000,149.0600,149.1000,104.6892,232414600
2007-06-08,149.5800,151.1900,149.0900,151.0400,106.0513,175886000
2007-06-11,150.9300,151.9500,150.7000,151.3000,106.2339,102015600
2007-06-12,150.6700,151.5400,149.5500,149.6500,105.0754,233898000
2007-06-13,150.5000,152.0700,149.7200,151.8900,106.6482,193208200
2007-06-14,152.0600,153.1200,152.0300,152.8600,107.3292,146396500
2007-06-15,153.1400,153.6600,152.9300,153.0700,107.9399,154030800
2007-06-18,153.3800,153.3900,152.6600,152.8900,107.8130,88537500
2007-06-19,152.5500,153.3800,152.3600,153.2700,108.0809,110851700
2007-06-20,153.5800,153.5800,150.9600,151.1400,106.5790,177119700
2007-06-21,151.0800,152.1100,150.2500,151.9800,107.1713,205262000
2007-06-22,151.5200,151.7700,149.8500,150.5500,106.1629,204964700
2007-06-25,150.2400,151.2500,149.0200,149.8300,105.6552,232014400
2007-06-26,150.2100,150.4600,148.2800,148.2900,104.5693,198445700
2007-06-27,148.1300,150.5700,148.0600,150.4000,106.0571,213638000
2007-06-28,150.3800,151.4100,149.6700,150.3800,106.0430,157705000
2007-06-29,150.9000,151.6500,149.1500,150.4300,106.0782,199701800
2007-07-02,150.8700,151.9200,150.7700,151.7900,107.0373,103357000
2007-07-03,152.1800,152.5000,151.9900,152.3400,107.4251,54048400
2007-07-05,152.4000,152.5600,151.6300,152.1800,107.3123,89279000
2007-07-06,152.3800,153.1700,151.9300,152.9800,107.8765,81109000
2007-07-09,153.1600,153.3600,152.6200,153.1000,107.9610,72348100
2007-07-10,152.2900,152.6100,150.7700,150.9200,106.4238,180362600
2007-07-11,150.7500,152.0500,150.5200,151.9900,107.1783,175607600
2007-07-12,152.3700,154.7500,152.3400,154.3900,108.8708,133882500
2007-07-13,154.5700,155.4600,154.3900,154.8500,109.1951,111794300
2007-07-16,154.9900,155.5300,154.5800,154.8300,109.1810,98378700
2007-07-17,154.9300,155.4800,154.6800,154.7500,109.1246,126201300
2007-07-18,154.2300,154.8000,153.3000,154.4700,108.9272,237887400
2007-07-19,155.2000,155.5300,154.7500,155.0700,109.3503,145212700
2007-07-20,154.8900,154.9900,152.8300,153.5000,108.2432,245502500
2007-07-23,154.1800,154.7200,153.3000,153.9700,108.5746,121183900
2007-07-24,153.1200,154.2800,150.7600,151.3000,106.6918,256732400
2007-07-25,152.0200,152.3900,150.2500,151.6100,106.9104,265214500
2007-07-26,150.1900,150.8000,146.3900,148.0200,104.3788,467592500
2007-07-27,148.2100,148.8700,145.0500,145.1100,102.3268,422987600
2007-07-30,145.9300,147.8100,145.2900,147.3800,103.9275,283017500
2007-07-31,148.3300,149.4600,145.0400,145.7200,102.7569,316976700
2007-08-01,145.1800,147.0100,143.9500,146.4300,103.2576,467670000
2007-08-02,146.7600,147.7600,145.2600,147.6000,104.0826,294758400
2007-08-03,147.2800,147.5800,143.2000,143.8000,101.4030,359398200
2007-08-06,144.2100,146.8300,142.5300,146.2100,103.1025,324980000
2007-08-07,145.9400,149.0000,145.2300,147.7700,104.2025,232568700
2007-08-08,148.4100,150.5900,147.3400,149.8300,105.6552,274930600
2007-08-09,147.4300,148.9500,145.2900,145.3900,102.5242,357622100
2007-08-10,144.3900,146.5000,143.1200,144.7100,102.0447,411018400
2007-08-13,146.5000,146.8900,145.0200,145.2300,102.4114,181917200
2007-08-14,145.7000,146.0600,142.7200,143.0100,100.8460,264134500
2007-08-15,142.7200,144.4600,140.6200,141.0400,99.4568,323834000
2007-08-16,139.7900,142.9400,137.0000,142.1000,100.2042,546743700
2007-08-17,145.5000,145.8100,141.3900,144.7100,102.0447,388218100
2007-08-20,145.1700,145.4700,143.2900,144.6400,101.9954,187320400
2007-08-21,144.6000,145.9700,144.1400,144.9300,102.1999,157066400
2007-08-22,146.0100,146.8000,145.3300,146.6500,103.4127,173156700
2007-08-23,147.3400,147.6500,145.6100,146.5200,103.3211,203915300
2007-08-24,146.4800,148.3300,146.2800,148.3300,104.5974,128901900
2007-08-27,147.8500,148.3300,146.7300,146.9500,103.6243,113024300
2007-08-28,146.1600,146.2500,143.4600,143.7200,101.3466,219790700
2007-08-29,144.3700,146.7400,143.9600,146.5400,103.3352,207654200
2007-08-30,145.4500,147.1900,145.3100,146.1500,103.0602,191817300
2007-08-31,147.6500,148.5000,146.8300,147.5900,104.0756,185477500
2007-09-04,147.4500,149.9800,147.4000,149.0800,105.1263,120062000
2007-09-05,148.2000,148.3600,147.0000,147.7900,104.2166,166261800
2007-09-06,147.9500,148.6100,147.1200,148.1300,104.4564,127878400
2007-09-07,146.4800,146.8900,145.2600,146.0700,103.0038,235447600
2007-09-10,146.5200,146.7200,144.3300,145.7900,102.8063,192305900
2007-09-11,146.2400,147.7000,146.1300,147.4900,104.0051,162081900
2007-09-12,147.2900,148.4400,146.9800,147.8700,104.2731,149554600
2007-09-13,148.5500,149.4500,148.2000,148.9100,105.0064,154079000
2007-09-14,147.9600,149.0900,147.7400,148.9000,104.9994,121911000
2007-09-17,148.3100,148.6500,147.6300,148.1000,104.4352,109870800
2007-09-18,148.8300,152.5000,148.1300,152.4600,107.5098,263759500
2007-09-19,153.4100,154.3900,152.7100,153.3600,108.1444,193779900
2007-09-20,153.3400,153.4300,152.1100,152.2800,107.3828,175186800
2007-09-21,152.7100,153.1200,151.7400,151.9700,107.6726,141457500
2007-09-24,152.4200,152.8200,151.3600,151.6900,107.4742,139450200
2007-09-25,150.8100,151.6600,150.4700,151.3900,107.2617,142289900
2007-09-26,152.2500,152.7700,151.3900,152.1900,107.8285,135547000
2007-09-27,152.9100,153.1000,152.1900,153.0900,108.4661,102713300
2007-09-28,152.8500,153.1900,151.9800,152.5800,108.1048,133372100
2007-10-01,152.6000,154.7500,152.5000,154.3000,109.3234,148162300
2007-10-02,154.6100,154.6500,153.8100,154.0900,109.1747,112978800
2007-10-03,153.8100,154.4100,153.0100,153.7800,108.9550,119055900
2007-10-04,154.1100,154.2600,153.5900,154.0200,109.1251,76864400
2007-10-05,155.0300,156.1000,154.6300,155.8500,110.4217,134579700
2007-10-08,155.3900,155.4900,154.7700,155.0200,109.8336,71280400
2007-10-09,155.6000,156.5000,155.0300,156.4800,110.8680,94054300
2007-10-10,156.0400,156.4400,155.4100,156.2200,110.6837,101711100
2007-10-11,156.9300,157.5200,154.5400,155.4700,110.1524,233529100
2007-10-12,155.4600,156.3500,155.2700,156.3300,110.7618,124546700
2007-10-15,156.2700,156.3600,153.9400,155.0100,109.8265,161151900
2007-10-16,154.4100,154.5200,153.4700,153.7800,108.9550,166525700
2007-10-17,154.9800,155.0900,152.4700,154.2500,109.2880,216687300
2007-10-18,153.4500,154.1900,153.0800,153.6900,108.8913,148367500
2007-10-19,153.0900,156.4800,149.6600,149.6700,106.0430,297169900
2007-10-22,148.8600,150.7600,148.6600,150.5400,106.6594,261989800
2007-10-23,151.4600,151.9500,150.2500,151.7600,107.5238,180085100
2007-10-24,151.2100,151.7400,148.8400,151.4800,107.3254,326694200
2007-10-25,151.6500,152.2900,149.8800,151.8400,107.5805,237374500
2007-10-26,153.0600,153.6200,151.9000,153.6200,108.8417,176484000
2007-10-29,153.9300,154.4400,153.5500,154.1300,109.2030,106841000
2007-10-30,153.4500,153.7500,152.8700,153.0600,108.4449,132981600
2007-10-31,153.9800,155.2700,152.8400,154.6500,109.5714,220954400
2007-11-01,153.2900,153.4100,150.5900,151.0300,107.0066,333040800
2007-11-02,151.5300,152.0000,149.2100,151.2000,107.1270,331228200
2007-11-05,149.6400,151.1600,148.9700,150.0500,106.3122,226841000
2007-11-06,150.8600,152.1100,149.9000,152.0700,107.7435,177800500
2007-11-07,150.4400,151.1300,147.5500,147.9100,104.7961,306639700
2007-11-08,147.9900,148.4000,145.0700,147.1600,104.2647,374509900
2007-11-09,145.6900,147.5400,144.8900,145.1400,102.8335,277745100
2007-11-12,145.2100,146.6100,143.7000,143.7000,101.8132,243087800
2007-11-13,145.3700,148.3100,145.2200,148.0800,104.9165,191117400
2007-11-14,149.2200,149.4000,146.7800,147.6700,104.6260,230558800
2007-11-15,146.5700,147.4900,144.5200,145.5400,103.1169,263111100
2007-11-16,146.3100,146.4700,144.5700,145.7900,103.2940,308770600
2007-11-19,145.2800,145.3600,143.1900,143.7600,101.8557,267746000
2007-11-20,144.0200,145.5300,142.1100,144.6400,102.4792,414767500
2007-11-21,143.0800,143.9100,141.6700,141.6800,100.3820,259012400
2007-11-23,143.0700,144.3400,142.7000,144.1300,102.1179,77688400
2007-11-26,144.4300,144.8800,140.6600,140.9500,99.8648,214232000
2007-11-27,141.7400,143.2300,140.9500,142.5700,101.0126,293897900
2007-11-28,144.1900,147.4700,144.1400,147.1300,104.2434,258596900
2007-11-29,146.6200,147.7200,146.1000,147.1800,104.2788,199409900
2007-11-30,149.0400,149.8700,147.3300,148.6600,105.3274,222908000
2007-12-03,148.1900,148.4500,147.2900,147.6800,104.6331,146430400
2007-12-04,146.6600,147.5400,146.3100,146.3600,103.6979,136533900
2007-12-05,147.9300,149.2000,147.8300,148.8100,105.4338,171130000
2007-12-06,148.6300,151.2100,148.5700,150.9400,106.9429,154457400
2007-12-07,151.4200,151.5000,150.5500,150.9100,106.9216,148980100
2007-12-10,151.2800,152.2500,150.8600,152.0800,107.7505,123914300
2007-12-11,152.1400,152.8900,147.8300,147.9100,104.7961,250346400
2007-12-12,151.0600,151.7700,147.2000,149.3700,105.8305,322435600
2007-12-13,148.3200,149.3900,147.3000,149.0600,105.6109,237551300
2007-12-14,147.9300,149.1000,147.1000,147.1700,104.2717,159152900
2007-12-17,146.6100,146.8700,144.8600,145.0700,102.7839,177269400
2007-12-18,146.1000,146.4800,143.9600,145.8800,103.3578,245569300
2007-12-19,145.9400,146.8900,144.9400,145.8800,103.3578,198917200
2007-12-20,146.8400,146.8600,145.1800,146.8000,104.0096,214813800
2007-12-21,147.3700,148.4200,147.0900,148.1300,105.5089,146084400
2007-12-24,148.8200,149.4800,148.4800,149.2300,106.2925,45601400
2007-12-26,148.6500,149.6800,148.5000,149.5500,106.5204,67093100
2007-12-27,149.0200,149.0300,147.3200,147.6700,105.1813,122981700
2007-12-28,148.5400,148.6100,146.9000,147.3000,104.9178,116398100
2007-12-31,147.1000,147.6100,146.0600,146.2100,104.1414,108126800
2008-01-02,146.5300,146.9900,143.8800,144.9300,103.2297,204935600
2008-01-03,144.9100,145.4900,144.0700,144.8600,103.1799,125133300
2008-01-04,143.3400,143.4400,140.9100,141.3100,100.6513,232330900
2008-01-07,141.8100,142.2300,140.1000,141.1900,100.5658,234991000
2008-01-08,142.0800,142.9000,138.4400,138.9100,98.9418,326365700
2008-01-09,139.0900,140.7900,137.7000,140.3700,99.9817,301824900
2008-01-10,139.6800,142.8000,139.3700,141.2900,100.6370,335701200
2008-01-11,140.7800,141.9000,139.0000,140.1500,99.8250,267076600
2008-01-14,141.1600,141.8600,140.4000,141.2800,100.6299,170365500
2008-01-15,139.7900,141.4900,137.9000,138.1700,98.4147,239940100
2008-01-16,137.3600,139.1200,136.2800,136.9800,97.5671,378802600
2008-01-17,137.8100,137.8800,132.9300,133.4300,95.0385,397892600
2008-01-18,134.7400,135.0200,131.1000,132.0600,94.0627,348561500
2008-01-22,127.2100,132.4300,126.0000,130.7200,93.1083,435923700
2008-01-23,127.0900,134.1900,126.8400,133.8600,95.3448,511913000
2008-01-24,134.4800,135.4600,133.3100,134.9900,96.1497,259949300
2008-01-25,136.5100,136.7600,132.6000,133.0400,94.7607,269603900
2008-01-28,133.2600,135.5200,132.0600,135.2400,96.3278,217934600
2008-01-29,136.1000,136.4500,134.8800,135.9100,96.8050,168968300
2008-01-30,135.5800,138.5400,134.6000,134.9100,96.0927,334939200
2008-01-31,133.4000,138.5400,133.2000,137.3700,97.8449,343680800
2008-02-01,137.9400,139.6100,137.5200,139.5800,99.4190,206843600
2008-02-04,139.2100,139.3000,137.6400,137.8200,98.1654,124694300
2008-02-05,135.9400,136.2500,133.6700,134.1300,95.5371,286882500
2008-02-06,134.5800,135.2500,132.4100,133.0500,94.7679,250792900
2008-02-07,131.8000,134.7900,131.7300,133.9300,95.3947,297368100
2008-02-08,133.0900,134.2200,132.1000,133.0700,94.7821,221643500
2008-02-11,133.1000,134.2300,132.0400,133.7500,95.2665,188576300
2008-02-12,134.9100,136.3100,133.9800,134.9900,96.1497,256654400
2008-02-13,136.0100,137.0600,135.1400,136.3700,97.1326,181967800
2008-02-14,136.9500,137.0000,134.7900,135.1700,96.2779,215207200
2008-02-15,134.5000,135.2200,133.9100,135.1400,96.2565,154110300
2008-02-19,136.7200,136.8900,134.6100,135.5200,96.5272,145190000
2008-02-20,133.9900,136.5500,133.7600,135.9200,96.8121,220085700
2008-02-21,136.6600,137.0100,134.0700,134.7900,96.0072,201051200
2008-02-22,134.9700,135.8500,132.8600,135.6200,96.5984,205491000
2008-02-25,135.5400,137.6500,134.7800,137.3300,97.8164,190107000
2008-02-26,136.7500,138.9500,136.5000,138.3600,98.5500,212420700
2008-02-27,137.5600,139.1400,137.4100,138.2200,98.4503,168395800
2008-02-28,137.2400,137.9600,136.5500,136.8700,97.4887,170831100
2008-02-29,135.6000,135.6800,132.7800,133.8200,95.3163,252715200
2008-03-03,133.1400,133.8100,132.2400,133.5000,95.0884,189483500
2008-03-04,132.2300,133.4000,130.9900,132.9900,94.7251,282513100
2008-03-05,133.4200,134.7700,132.3400,133.8300,95.3234,270681400
2008-03-06,132.9800,133.2200,130.5500,131.0600,93.3505,247911700
2008-03-07,129.7700,131.7400,128.5800,129.7100,92.3889,326434600
2008-03-10,129.8400,129.9300,127.5900,128.0000,91.1709,235683600
2008-03-11,130.7200,132.7200,128.9500,132.6000,94.4473,341440600
2008-03-12,132.7400,133.7700,131.1600,131.3600,93.5641,229161100
2008-03-13,129.6100,132.6400,128.6000,131.6500,93.7707,351504200
2008-03-14,132.7700,132.8100,127.7800,129.6100,92.3177,484687800
2008-03-17,126.5700,129.2600,126.0700,128.3000,91.3846,405311100
2008-03-18,130.6200,133.6900,129.9800,133.6300,95.1810,334416600
2008-03-19,134.1400,134.6500,130.0400,130.3200,92.8234,345971600
2008-03-20,130.0500,132.9100,129.2600,132.0800,94.5427,245320700
2008-03-24,133.3100,135.8100,133.2400,134.7200,96.4324,208977300
2008-03-25,134.8600,135.5500,133.7700,134.8500,96.5255,192947200
2008-03-26,134.4600,135.0900,133.1100,133.2000,95.3444,196934300
2008-03-27,134.2000,134.4400,132.3600,132.7800,95.0437,225153200
2008-03-28,132.9900,133.3600,131.0600,131.5100,94.1348,180896100
2008-03-31,131.2900,132.7300,131.0900,131.9700,94.4640,166692100
2008-04-01,133.6100,136.8400,133.5100,136.6100,97.7853,254547300
2008-04-02,137.0500,137.6700,135.9800,136.7000,97.8497,210910800
2008-04-03,135.9600,137.4400,135.7100,137.0400,98.0931,175884800
2008-04-04,137.1200,137.9600,136.1200,136.8900,97.9857,204446800
2008-04-07,137.8700,138.5700,136.7400,136.9600,98.0358,154245500
2008-04-08,136.1900,136.9200,135.9500,136.8200,97.9356,148937300
2008-04-09,136.6100,136.8000,134.8900,135.8300,97.2269,195610600
2008-04-10,135.4200,136.6700,134.9000,136.0200,97.3630,192967800
2008-04-11,134.4900,135.1200,133.0100,133.3800,95.4733,222973300
2008-04-14,133.1900,133.5400,132.5500,132.9300,95.1511,160522000
2008-04-15,133.5800,133.6900,132.3300,133.2400,95.3731,172389200
2008-04-16,134.5400,136.9100,134.5200,136.8500,97.9571,189268900
2008-04-17,136.0200,137.2500,135.6600,137.0500,98.1003,179665700
2008-04-18,138.9400,139.5600,138.2600,138.4800,99.1238,218530600
2008-04-21,138.2300,138.9800,137.8500,138.5500,99.1739,118587400
2008-04-22,138.1900,138.3100,136.9000,137.9400,98.7373,162166000
2008-04-23,138.0900,138.7800,137.1200,137.7200,98.5799,193309000
2008-04-24,138.0800,139.7400,137.0400,138.3200,99.0093,229381300
2008-04-25,139.4000,139.8900,137.9100,139.6000,99.9256,190788100
2008-04-28,139.8800,140.2500,139.3800,139.6300,99.9470,105610200
2008-04-29,139.3900,139.7300,138.6100,139.0800,99.5533,125514100
2008-04-30,139.2900,140.5900,138.2600,138.2600,98.9663,208395900
2008-05-01,138.3800,141.1200,138.2700,141.1200,101.0135,187279500
2008-05-02,142.3400,142.3700,140.5600,141.5100,101.2927,181585500
2008-05-05,141.0500,141.6100,140.4100,140.8300,100.8060,118504500
2008-05-06,140.0200,142.2000,139.6900,142.0500,101.6793,179339800
2008-05-07,141.8900,142.0400,139.1300,139.5200,99.8683,199267300
2008-05-08,139.7400,140.3200,138.9800,139.1600,99.6106,178321200
2008-05-09,138.6000,139.3900,138.4500,138.9000,99.4244,152588200
2008-05-12,139.2500,140.5600,138.7300,140.4600,100.5411,147865900
2008-05-13,140.8000,140.8900,139.7300,140.4800,100.5554,159132200
2008-05-14,141.0700,142.2000,140.4600,140.7700,100.7630,181910800
2008-05-15,141.0400,142.6300,140.8300,142.5300,102.0228,166927000
2008-05-16,142.8600,142.8700,141.6100,142.6600,102.1159,204236800
2008-05-19,142.8100,144.3000,142.3000,143.0500,102.3951,165664400
2008-05-20,142.2700,142.3400,141.0000,141.8900,101.5647,178552100
2008-05-21,141.8100,142.1200,139.0000,139.4900,99.8468,252724800
2008-05-22,139.4300,140.1700,139.0000,139.5100,99.8611,170820400
2008-05-23,139.0500,139.6600,137.5200,137.6400,98.5225,181376400
2008-05-27,137.8000,139.0000,137.5300,138.6600,99.2527,168322900
2008-05-28,139.1700,140.0000,138.0000,139.3000,99.7108,181288100
2008-05-29,139.1300,140.9300,139.0800,140.0000,100.2118,173927200
2008-05-30,140.4700,140.7400,139.9400,140.3500,100.4624,117362000
2008-06-02,139.8300,139.8600,138.0000,138.9000,99.4244,181069900
2008-06-03,139.3000,139.6200,137.2300,138.0900,98.8447,271965700
2008-06-04,137.7000,139.1600,137.4600,138.0200,98.7946,246637700
2008-06-05,138.5800,140.8900,138.3200,140.7800,100.7702,237867100
2008-06-06,139.5500,139.8000,136.2200,136.2900,97.5563,384276300
2008-06-09,136.8600,137.5000,135.4100,136.6200,97.7924,228263900
2008-06-10,135.6700,137.1000,135.3500,135.9400,97.3057,260234900
2008-06-11,135.9700,136.2600,133.9300,133.9400,95.8741,283890100
2008-06-12,134.6000,135.8700,133.5200,134.4500,96.2392,252791800
2008-06-13,135.1700,136.5200,134.4200,136.1500,97.4560,244726900
2008-06-16,135.5500,136.9300,135.4600,136.2300,97.5133,185832500
2008-06-17,137.0700,137.1200,135.3700,135.5700,97.0409,191707700
2008-06-18,134.6900,135.5200,133.7100,134.2500,96.0960,265893000
2008-06-19,134.1500,135.2400,133.5000,134.4200,96.2177,304204900
2008-06-20,132.8400,133.0900,131.2200,131.5800,94.6559,289275700
2008-06-23,132.0900,132.2300,131.3200,131.4500,94.5624,165096400
2008-06-24,131.0500,132.4400,130.1900,131.1900,94.3754,267300600
2008-06-25,131.7200,133.4000,131.2400,131.8100,94.8213,287853900
2008-06-26,130.5700,131.4200,128.0800,128.2300,92.2460,297775000
2008-06-27,128.2800,128.8600,127.0400,127.5300,91.7424,303423400
2008-06-30,127.8900,128.9100,127.3000,127.9800,92.0662,258842600
2008-07-01,126.5200,128.4700,125.9300,128.3800,92.3539,388622000
2008-07-02,128.7900,129.1600,125.9500,126.1800,90.7713,288064600
2008-07-03,127.1100,127.1100,124.9900,126.3100,90.8648,239352500
2008-07-07,126.7900,127.3400,123.9200,125.0200,89.9368,372427300
2008-07-08,124.9900,127.3900,124.2000,127.2400,91.5338,375973700
2008-07-09,127.5000,127.7400,124.3900,124.7900,89.7713,336729400
2008-07-10,124.4300,125.7900,123.5800,125.3000,90.1382,436475700
2008-07-11,123.9700,125.9000,122.4900,123.8400,89.0879,481124600
2008-07-14,125.2600,125.5000,122.4000,122.7200,88.2822,322720800
2008-07-15,121.8000,123.4900,120.0200,120.9900,87.0377,502502500
2008-07-16,121.4500,124.5700,121.1000,123.9600,89.1742,371642900
2008-07-17,125.1400,126.2600,124.0900,125.2000,90.0662,375490600
2008-07-18,126.1700,126.4200,125.1500,125.9800,90.6274,267030100
2008-07-21,126.5100,126.8000,125.1900,126.0500,90.6777,222863000
2008-07-22,125.1500,127.8000,124.8500,127.4800,91.7065,296904200
2008-07-23,127.8900,129.1500,127.5500,128.1700,92.2028,311698400
2008-07-24,128.3400,128.4100,125.1600,125.5100,90.2893,248634500
2008-07-25,125.8900,126.4900,125.1700,125.4800,90.2677,219131000
2008-07-28,125.5100,126.0600,123.4200,123.6400,88.9440,205201300
2008-07-29,123.9800,126.3800,123.6400,126.2800,90.8432,261505600
2008-07-30,127.1100,128.6000,126.2800,128.5300,92.4618,354710000
2008-07-31,127.4000,128.5700,126.6300,126.8300,91.2389,277402100
2008-08-01,127.1200,127.2800,125.4600,126.1600,90.7569,248690900
2008-08-04,126.0400,126.1400,124.7600,124.9900,89.9152,188239600
2008-08-05,126.0200,128.5600,124.9700,128.3600,92.3395,251577600
2008-08-06,128.0200,129.3000,127.4800,128.9300,92.7495,209555400
2008-08-07,127.9600,128.4400,126.5400,127.0100,91.3684,246312500
2008-08-08,126.5800,129.9300,126.3800,129.3700,93.0661,260811700
2008-08-11,129.4700,131.5100,129.2300,130.7100,94.0301,249425800
2008-08-12,130.2800,130.7000,128.7300,129.3500,93.0517,213200800
2008-08-13,128.7900,129.6500,127.6700,128.5700,92.4906,256393200
2008-08-14,127.8400,130.2800,127.7500,129.5400,93.1884,239555300
2008-08-15,129.9300,130.5000,129.3000,130.1700,93.6416,181000800
2008-08-18,130.4300,130.4800,127.6600,128.3900,92.3611,172275100
2008-08-19,127.4200,127.6900,126.5300,126.9900,91.3540,194673700
2008-08-20,127.3900,127.9500,126.3400,127.5800,91.7784,225498200
2008-08-21,126.7500,128.4400,126.6000,127.8000,91.9367,180609800
2008-08-22,128.6700,129.6500,127.8000,129.6500,93.2675,167715300
2008-08-25,128.8000,129.6500,126.7500,127.0200,91.3755,171936900
2008-08-26,127.0200,127.8700,126.5800,127.3900,91.6417,159117200
2008-08-27,127.5500,128.8300,127.3000,128.6300,92.5337,171032800
2008-08-28,129.2800,130.3400,129.1100,130.1900,93.6560,167537100
2008-08-29,129.7300,130.1400,128.5100,128.7900,92.6488,189195800
2008-09-02,130.0300,130.7100,127.5200,127.9900,92.0733,252364900
2008-09-03,127.8800,128.5000,126.9300,127.8800,91.9942,251947000
2008-09-04,126.9700,127.2300,123.9600,124.0300,89.2246,340042500
2008-09-05,123.2900,124.9500,122.0000,124.4200,89.5051,289503400
2008-09-08,128.0400,128.2400,124.4200,126.9900,91.3540,364075300
2008-09-09,127.1000,127.3600,122.8000,123.2200,88.6419,377326800
2008-09-10,123.8900,124.9000,122.5500,123.7200,89.0016,298916600
2008-09-11,122.1200,125.7400,121.6000,125.5100,90.2893,375369400
2008-09-12,124.2900,126.2100,123.8300,126.0900,90.7065,297851200
2008-09-15,121.6300,125.6500,119.8900,120.0900,86.3902,483607000
2008-09-16,117.2000,122.3200,117.0000,122.1000,87.8362,581744300
2008-09-17,119.6400,121.8500,116.0000,116.6100,83.8868,624095600
2008-09-18,118.0500,121.7900,113.8000,120.0700,86.3759,776114700
2008-09-19,126.7000,128.0000,123.3300,124.1200,89.8062,501087800
2008-09-22,124.4500,124.7500,120.3600,121.3100,87.7730,249966500
2008-09-23,120.8500,122.0200,118.2800,118.5500,85.7760,327470400
2008-09-24,119.3500,120.0000,117.7900,118.9300,86.0510,311818400
2008-09-25,119.4000,121.9100,118.4400,120.7900,87.3968,328253000
2008-09-26,118.8300,121.5000,118.5100,120.8500,87.4402,285917400
2008-09-29,119.1400,119.3400,110.9700,111.3800,80.5882,459562300
2008-09-30,113.5100,116.8000,110.5300,115.9900,83.9238,328154400
2008-10-01,115.2700,116.6900,113.9500,116.0600,83.9744,332783000
2008-10-02,114.9500,115.1100,111.0600,111.8500,80.9283,365337800
2008-10-03,112.8600,115.4500,109.6800,110.3400,79.8357,461798000
2008-10-06,107.1500,107.6200,100.6400,104.7200,75.7695,610637500
2008-10-07,106.8400,107.3300,99.6500,100.0300,72.3760,540012100
2008-10-08,97.5200,102.1800,96.8100,97.5100,70.5527,725414800
2008-10-09,99.6600,100.6200,90.2500,90.7000,65.6254,534485200
2008-10-10,86.7600,93.9400,83.5800,88.5000,64.0335,871026300
2008-10-13,93.8700,101.3500,89.9500,101.3500,73.3311,455584000
2008-10-14,104.7000,105.5300,97.1100,99.8500,72.2458,546268300
2008-10-15,97.4600,97.8000,89.7100,90.0200,65.1334,484627500
2008-10-16,91.2900,94.7700,86.5400,93.7700,67.8466,708811200
2008-10-17,91.9900,98.5900,91.6500,93.2100,67.4415,476649000
2008-10-20,95.3500,99.1000,94.0900,98.8100,71.4933,321294200
2008-10-21,96.9700,98.6400,95.2200,95.8600,69.3588,356502000
2008-10-22,93.2000,95.8600,87.5300,90.6400,65.5819,516168000
2008-10-23,90.2900,92.4500,85.8100,91.6900,66.3417,634666400
2008-10-24,84.0600,89.9200,84.0000,87.0400,62.9772,545812600
2008-10-27,85.9700,89.5100,83.7000,83.9500,60.7415,397288600
2008-10-28,87.3400,94.2400,84.5300,93.7600,67.8394,639939500
2008-10-29,93.7700,97.1700,92.1000,93.0800,67.3474,531270100
2008-10-30,95.7800,96.5400,92.9000,96.3000,69.6772,414582100
2008-10-31,95.0800,98.5700,94.4800,96.8300,70.0607,411394000
2008-11-03,96.7800,97.6900,95.9500,97.1100,70.2633,205419400
2008-11-04,99.0600,100.8600,96.7100,100.4100,72.6510,346793400
2008-11-05,99.2000,100.7100,95.0000,96.1900,69.5976,387844100
2008-11-06,94.4600,95.4400,90.0600,90.8600,65.7411,477721900
2008-11-07,91.6500,94.0000,90.5000,93.8600,67.9118,380391000
2008-11-10,95.2100,95.5300,90.9200,92.6300,67.0218,301773000
2008-11-11,90.7600,92.1400,88.6500,89.7700,64.9525,418498200
2008-11-12,88.2300,88.9500,85.1200,85.8200,62.0945,454330600
2008-11-13,86.1300,91.7300,82.0900,91.1700,65.9654,753141900
2008-11-14,89.4100,92.0600,86.5200,86.6200,62.6733,540352300
2008-11-17,86.3800,88.5600,85.1600,85.4700,61.8412,415254900
2008-11-18,85.1500,87.2200,82.9100,87.0800,63.0061,523811800
2008-11-19,85.9100,86.8700,80.9200,81.5000,58.9688,558327600
2008-11-20,80.1300,82.5100,75.0500,75.4500,54.5913,814180400
2008-11-21,77.4600,80.9000,74.3400,79.5200,57.5361,718536500
2008-11-24,81.9200,86.9900,80.3600,85.0300,61.5229,523305300
2008-11-25,87.3000,87.5100,83.8200,85.6600,61.9787,454112400
2008-11-26,84.3000,89.1900,84.2400,88.9700,64.3736,370134200
2008-11-28,88.6300,90.1300,88.4800,90.0900,65.1840,118308100
2008-12-01,87.5100,87.5500,81.8600,82.1100,59.4101,369927100
2008-12-02,83.4700,85.4900,82.0400,85.2700,61.6965,469508400
2008-12-03,83.4000,87.8300,83.1400,87.3200,63.1798,519863500
2008-12-04,86.0600,88.0500,83.7400,85.3000,61.7182,444173800
2008-12-05,83.6500,88.4200,82.2400,87.9300,63.6211,471905300
2008-12-08,90.3400,92.3800,88.0800,91.0000,65.8424,412859300
2008-12-09,90.3700,92.1300,88.9800,89.5000,64.7571,370790000
2008-12-10,90.3200,91.3600,89.0000,90.1100,65.1985,396187400
2008-12-11,89.5400,91.0000,87.3700,87.9400,63.6284,365061000
2008-12-12,85.5500,89.0700,85.2000,88.9900,64.3881,415060400
2008-12-15,89.0200,89.1500,86.2900,87.7500,63.4909,256694200
2008-12-16,91.8800,92.0200,88.1800,91.8800,66.4791,377699500
2008-12-17,90.8400,92.4300,90.0600,90.9900,65.8352,281819800
2008-12-18,91.4000,91.6700,88.2100,89.2900,64.6052,374673300
2008-12-19,89.1000,90.6200,88.0900,88.1900,64.3273,301451300
2008-12-22,88.5800,88.6700,85.4900,87.0600,63.5030,243759500
2008-12-23,87.5300,87.9300,85.8000,86.1600,62.8465,221625200
2008-12-24,86.4500,86.8700,86.0000,86.6600,63.2113,62061600
2008-12-26,87.2400,87.3000,86.5000,87.1600,63.5760,74767700
2008-12-29,87.2400,87.3300,85.6000,86.9100,63.3936,127795900
2008-12-30,87.5100,89.0500,86.8800,88.9700,64.8962,168256300
2008-12-31,89.0800,90.9700,88.8700,90.2400,65.8226,193987200
2009-01-02,90.4400,93.4400,89.8500,92.9600,67.8066,227566300
2009-01-05,92.6300,93.6600,91.8900,92.8500,67.7263,240349700
2009-01-06,93.6400,94.4500,92.6800,93.4700,68.1786,328260900
2009-01-07,92.0000,92.2600,90.2000,90.6700,66.1362,280899200
2009-01-08,90.1600,91.0900,89.6700,91.0400,66.4061,263834400
2009-01-09,91.1600,91.3200,85.3600,89.0900,64.9837,330953600
2009-01-12,88.8400,88.9100,86.4100,86.9500,63.4228,277858500
2009-01-13,86.7300,87.8800,86.2000,87.1100,63.5395,356432300
2009-01-14,85.5400,85.7500,83.1600,84.3700,61.5409,435491600
2009-01-15,84.1200,85.2500,81.7200,84.4000,61.5628,532647300
2009-01-16,85.8600,85.9900,83.0500,85.0600,62.0442,399237200
2009-01-20,84.2300,85.0600,80.0500,80.5700,58.7691,419855200
2009-01-21,81.9400,84.2400,80.4700,84.0500,61.3075,364360700
2009-01-22,82.4200,84.0400,81.1700,82.7500,60.3592,427940300
2009-01-23,80.9000,83.9900,80.5700,83.1100,60.6218,386800600
2009-01-26,83.5900,85.3600,82.8100,83.6800,61.0376,317978800
2009-01-27,84.1300,85.1500,83.3000,84.5300,61.6576,273789700
2009-01-28,86.4000,87.9500,86.0700,87.3900,63.7437,330007000
2009-01-29,86.1100,87.4900,84.4700,84.5500,61.6722,294392500
2009-01-30,84.9800,85.4000,82.2100,82.8300,60.4176,383383600
2009-02-02,81.5700,83.1800,81.3100,82.5800,60.2352,288233300
2009-02-03,83.1000,84.3600,82.2200,83.7400,61.0814,278385800
2009-02-04,84.3000,85.3700,83.0400,83.3300,60.7823,322989300
2009-02-05,82.7000,85.2900,77.7300,84.5700,61.6867,417679400
2009-02-06,84.8600,87.3400,84.6800,86.9800,63.4447,366101700
2009-02-09,86.9600,87.7400,86.3200,87.1000,63.5322,240075200
2009-02-10,86.2700,87.0300,82.4500,83.1100,60.6218,536212800
2009-02-11,83.4500,84.0500,82.4000,83.6000,60.9792,324442500
2009-02-12,82.1700,83.8200,81.0500,83.6600,61.0230,469302200
2009-02-13,83.5500,84.2400,82.7400,82.7600,60.3665,293998400
2009-02-17,80.1600,82.9600,79.1700,79.2200,57.7844,478910100
2009-02-18,79.7900,79.9400,78.2800,79.0300,57.6458,362964800
2009-02-19,79.8400,80.1500,78.0200,78.1800,57.0258,316867500
2009-02-20,76.7300,78.3400,75.7700,77.4200,56.4714,477176600
2009-02-23,78.2700,78.2700,74.5900,74.6500,54.4510,379641400
2009-02-24,75.2900,77.9500,74.7000,77.4800,56.5152,426260900
2009-02-25,77.1400,78.4200,75.6300,76.8700,56.0703,461985800
2009-02-26,77.8200,79.6700,75.5300,75.6200,55.1585,363353900
2009-02-27,74.0100,75.6900,73.8100,73.9300,53.9258,470510900
2009-03-02,72.5200,73.9200,70.3700,70.6000,51.4968,426452600
2009-03-03,71.6100,71.7000,69.6400,70.0700,51.1102,443761000
2009-03-04,71.2300,72.8700,70.0700,71.7300,52.3211,462753100
2009-03-05,70.1000,71.7300,68.1700,68.8000,50.1839,485549400
2009-03-06,69.4000,70.4500,67.1000,68.9200,50.2714,490470000
2009-03-09,67.9500,70.0000,67.7300,68.1100,49.6806,379905300
2009-03-10,69.5100,72.3700,69.3700,72.1700,52.6420,406227900
2009-03-11,73.0000,73.7500,71.8300,72.6400,52.9848,356648300
2009-03-12,72.6200,75.7500,71.9700,75.5000,55.0709,409702700
2009-03-13,76.0100,76.9800,74.7300,76.0900,55.5013,337474700
2009-03-16,76.9600,77.9700,75.8100,75.8600,55.3335,360644900
2009-03-17,76.0700,78.3600,75.4500,78.1800,57.0258,356814300
2009-03-18,77.8100,80.9000,77.0700,79.9300,58.3023,473273200
2009-03-19,80.9300,81.0000,78.6900,78.9400,57.5802,428520400
2009-03-20,78.7600,78.9100,76.5300,76.7100,56.3540,371078200
2009-03-23,78.7400,82.2900,78.3100,82.2200,60.4019,419933300
2009-03-24,81.2400,82.3600,80.5100,80.6000,59.2118,330271000
2009-03-25,81.2300,82.7000,79.0600,81.4500,59.8362,441775100
2009-03-26,82.2500,83.3000,81.3200,83.1100,61.0557,422025200
2009-03-27,82.0500,82.5300,81.3100,81.6100,59.9538,322332300
2009-03-30,79.8000,79.8700,77.9600,78.7900,57.8821,324108500
2009-03-31,79.5600,81.0800,79.0500,79.5200,58.4184,364238300
2009-04-01,78.5300,81.4200,78.3300,81.0600,59.5497,377018300
2009-04-02,83.0800,84.6100,81.1300,83.4300,61.2908,476230700
2009-04-03,83.4900,84.2800,82.6700,84.2600,61.9005,284646300
2009-04-06,83.3400,84.2800,82.2900,83.6000,61.4157,264866600
2009-04-07,82.2500,82.6500,81.5100,81.6500,59.9831,258947800
2009-04-08,82.0600,82.9400,81.5400,82.5300,60.6296,230402800
2009-04-09,84.6700,85.8200,84.3300,85.8100,63.0392,269653500
2009-04-13,84.9200,86.5400,84.5800,85.8300,63.0539,224847500
2009-04-14,85.0300,85.7600,84.0800,84.3500,61.9667,276598800
2009-04-15,83.8400,85.4200,83.6100,85.2500,62.6278,250726100
2009-04-16,85.9300,87.1500,84.7700,86.5000,63.5462,335202900
2009-04-17,86.8300,87.6500,86.1400,87.0800,63.9722,262649000
2009-04-20,85.5400,87.0500,83.3400,83.4300,61.2908,293690100
2009-04-21,82.8200,85.1300,82.7500,85.0600,62.4883,114090900
2009-04-22,84.2900,86.3400,84.0700,84.5400,62.1063,340395200
2009-04-23,84.7100,85.4200,83.6300,85.3700,62.7160,324903700
2009-04-24,86.0300,87.3100,85.6900,86.6600,63.6637,287703000
2009-04-27,85.6800,87.0100,85.5400,85.8400,63.0613,289581600
2009-04-28,84.9700,86.5900,84.7600,85.5700,62.8629,247926300
2009-04-29,86.5200,88.3600,86.3000,87.3900,64.2000,311505700
2009-04-30,88.5500,89.0200,86.9200,87.4200,64.2220,301419800
2009-05-01,87.4400,88.2100,86.7200,87.8900,64.5673,236110300
2009-05-04,88.5500,90.9400,88.3800,90.8800,66.7639,287120000
2009-05-05,90.5700,90.9300,89.8400,90.5700,66.5361,243036300
2009-05-06,91.6800,92.2000,90.6100,92.1400,67.6895,291941000
2009-05-07,93.0100,93.1500,90.2800,90.8600,66.7492,317728000
2009-05-08,92.0300,93.2200,91.4400,92.9800,68.3066,299081700
2009-05-11,91.7000,92.1100,91.0400,91.2400,67.0283,247923600
2009-05-12,91.6300,91.8300,89.8500,90.9700,66.8300,282431300
2009-05-13,89.7400,90.0100,88.5000,88.6800,65.1477,269619100
2009-05-14,88.7200,90.1200,88.5000,89.4400,65.7060,260098700
2009-05-15,89.3700,90.0000,88.1500,88.7100,65.1697,271502700
2009-05-18,89.5500,91.3400,88.5700,91.2300,67.0210,241447400
2009-05-19,91.1800,91.9700,90.8100,91.1200,66.9402,206102200
2009-05-20,91.9500,92.8000,90.4100,90.5100,66.4921,285722200
2009-05-21,89.4600,89.8000,88.2600,89.2100,65.5370,258988400
2009-05-22,89.4600,90.0000,88.6800,89.0200,65.3974,166811900
2009-05-26,88.3600,91.5600,88.3200,91.3000,67.0724,236318500
2009-05-27,91.4400,91.7500,89.5300,89.6700,65.8749,246015800
2009-05-28,90.4600,91.3400,89.1000,90.9200,66.7933,289095000
2009-05-29,91.4200,93.7000,90.6800,92.5300,67.9760,258641500
2009-06-01,93.6700,95.1700,93.4300,94.7700,69.6216,276246800
2009-06-02,94.4000,95.3700,94.2300,94.8500,69.6804,230874500
2009-06-03,94.0400,94.1300,92.7600,93.6500,68.7988,235310500
2009-06-04,94.0000,94.6700,93.3000,94.5300,69.4453,210102300
2009-06-05,95.4900,95.6700,93.8000,94.5500,69.4600,284257900
2009-06-08,93.8400,95.1000,93.0400,94.1600,69.1735,238565100
2009-06-09,94.6900,95.1400,94.0200,94.6400,69.5261,225125500
2009-06-10,95.4800,95.4900,93.1900,94.4000,69.3498,296100400
2009-06-11,94.5800,96.1100,94.5600,94.8200,69.6584,275414200
2009-06-12,94.4000,95.1400,94.0000,95.0800,69.8493,184361800
2009-06-15,93.9600,94.0200,92.4000,92.9000,68.2478,224190500
2009-06-16,93.2300,93.2900,91.5800,91.6400,67.3222,227319000
2009-06-17,91.6000,92.3300,90.8300,91.5500,67.2561,223445200
2009-06-18,91.6900,92.6700,91.2500,92.2200,67.7483,211725100
2009-06-19,92.5800,92.7000,91.5200,92.0400,67.9980,215655600
2009-06-22,91.1400,91.1900,89.2500,89.2800,65.9589,251913600
2009-06-23,89.4700,89.8800,88.8500,89.3500,66.0106,188309800
2009-06-24,90.1600,91.0800,89.6000,90.1200,66.5795,211577700
2009-06-25,89.6700,92.1700,89.5700,92.0800,68.0275,279411000
2009-06-26,91.7700,92.2400,91.2700,91.8400,67.8502,167579000
2009-06-29,92.1100,92.8200,91.6000,92.7000,68.4856,168481300
2009-06-30,92.7200,93.0600,91.2700,91.9500,67.9315,228888200
2009-07-01,92.3400,93.2300,92.2100,92.3300,68.2122,173041100
2009-07-02,91.1300,92.3600,89.7600,89.8100,66.3505,212309900
2009-07-06,88.9400,89.9300,88.6600,89.8000,66.3431,174499600
2009-07-07,89.7100,89.8200,88.0000,88.0600,65.0576,197088900
2009-07-08,88.5900,88.8000,87.0000,88.0000,65.0133,248050500
2009-07-09,88.6100,88.9000,87.9100,88.1700,65.1389,163777600
2009-07-10,87.7000,88.4900,87.3500,87.9600,64.9837,173520300
2009-07-13,88.3100,90.1700,87.5900,90.1000,66.5647,217413500
2009-07-14,90.3800,90.6900,89.7300,90.6100,66.9415,181487400
2009-07-15,91.8100,93.5100,90.6800,93.2600,68.8993,220877900
2009-07-16,93.0000,94.5100,92.8200,93.1100,68.7885,231174500
2009-07-17,94.0600,94.3200,93.5400,94.1300,69.5421,138561700
2009-07-20,94.6800,95.2900,94.1900,95.1300,70.2808,164179400
2009-07-21,95.8700,95.9000,94.4200,95.5700,70.6059,217718300
2009-07-22,94.9600,96.1300,94.8900,95.5500,70.5911,196068100
2009-07-23,95.6100,98.0800,95.5300,97.6600,72.1500,258795500
2009-07-24,97.2000,98.1400,96.6900,98.0600,72.4454,154003100
2009-07-27,97.8800,98.4000,97.3400,98.3500,72.6597,159259400
2009-07-28,97.6600,98.3700,97.0600,97.8900,72.3199,186685200
2009-07-29,97.4400,98.0900,96.9800,97.6500,72.1426,194399300
2009-07-30,98.8300,99.8300,98.6000,98.6700,72.8961,225575400
2009-07-31,98.6500,99.4700,98.3800,98.8100,72.9996,207358000
2009-08-03,99.8500,100.5300,99.3100,100.4400,74.2038,175776900
2009-08-04,99.9900,100.8400,99.7800,100.7000,74.3959,176714600
2009-08-05,100.7700,100.8600,99.5800,100.4100,74.1816,184726400
2009-08-06,100.8700,101.0200,99.4200,99.8900,73.7975,193203800
2009-08-07,100.9400,102.0300,100.3900,101.2000,74.7653,220640900
2009-08-10,100.7400,101.2200,100.2700,100.9900,74.6102,130898700
2009-08-11,100.5400,100.6100,99.4600,99.7300,73.6793,157301000
2009-08-12,99.5600,101.5600,99.5100,100.8000,74.4698,219052400
2009-08-13,101.2600,101.6100,100.2600,101.5700,75.0386,176449500
2009-08-14,101.5200,101.6000,99.7000,100.7900,74.4624,199616100
2009-08-17,98.8500,98.9500,98.1100,98.3100,72.6302,237667500
2009-08-18,98.5300,99.4400,98.3500,99.0900,73.2064,173461500
2009-08-19,98.3100,100.3000,98.2100,99.9600,73.8492,192812800
2009-08-20,100.0900,101.2200,99.8700,100.9900,74.6102,174131300
2009-08-21,101.8200,103.1300,101.6200,102.9700,76.0729,224605000
2009-08-24,103.3900,103.9500,102.5900,102.9600,76.0656,191279000
2009-08-25,103.3700,104.2600,102.9400,103.1600,76.2133,215310600
2009-08-26,102.8400,103.6400,102.4900,103.1700,76.2207,194620700
2009-08-27,103.1100,103.7200,101.9400,103.4000,76.3906,196230100
2009-08-28,104.2300,104.3500,102.6700,103.3800,76.3758,147024400
2009-08-31,102.3700,102.5800,101.7900,102.4600,75.6962,176051600
2009-09-01,101.9500,103.2400,99.9900,100.2000,74.0265,321276800
2009-09-02,99.7800,100.4400,99.5700,99.8200,73.7458,171805000
2009-09-03,100.4000,100.7700,99.5900,100.6500,74.3589,143572300
2009-09-04,100.8500,102.0900,100.5500,102.0600,75.4006,142687900
2009-09-08,103.0000,103.0500,102.3900,102.9400,76.0508,132909100
2009-09-09,103.1200,104.0800,102.8000,103.7300,76.6344,154612500
2009-09-10,103.8000,104.8600,103.2200,104.7900,77.4175,162902400
2009-09-11,104.9900,105.3000,104.2800,104.7700,77.4028,152360100
2009-09-14,103.8800,105.4600,103.1500,105.2800,77.7795,149593800
2009-09-15,105.4500,106.1100,104.7600,105.7200,78.1046,196795900
2009-09-16,106.1000,107.3400,105.7300,107.3200,79.2867,206406300
2009-09-17,107.1700,108.0600,106.5700,107.1600,79.1685,229170900
2009-09-18,107.1500,107.1600,106.3600,106.7200,79.2189,153799100
2009-09-21,105.8900,107.0000,105.6600,106.4500,79.0185,151892000
2009-09-22,107.0800,107.3700,106.6000,107.0700,79.4787,143126700
2009-09-23,107.3200,108.0300,105.9900,106.1800,78.8181,225947400
2009-09-24,106.4100,106.6400,104.5500,105.0100,77.9496,228636800
2009-09-25,104.7800,105.3600,104.0900,104.4500,77.5339,204059000
2009-09-28,104.8500,106.5500,104.8300,106.3200,78.9220,118285800
2009-09-29,106.5100,107.0200,105.7800,106.0000,78.6845,133733900
2009-09-30,106.3600,106.4600,104.6200,105.5900,78.3801,254383000
2009-10-01,103.0000,105.7300,102.9500,102.9700,76.4353,281840600
2009-10-02,102.0200,103.1000,101.9900,102.4900,76.0790,224748800
2009-10-05,102.9000,104.3200,102.6000,104.0200,77.2147,149875000
2009-10-06,104.7700,106.1100,104.7100,105.5100,78.3207,202491100
2009-10-07,105.2700,105.9100,105.0700,105.8000,78.5360,159200300
2009-10-08,106.5500,107.1700,105.8500,106.6100,79.1373,183305800
2009-10-09,106.6400,107.2600,106.3600,107.2600,79.6198,135008300
2009-10-12,107.7600,108.0900,107.2800,107.6800,79.9315,118031000
2009-10-13,107.3900,107.7100,106.7600,107.4600,79.7682,157692700
2009-10-14,108.7200,109.4200,107.4200,109.3100,81.1415,191421600
2009-10-15,108.7800,109.7100,108.7300,109.7100,81.4384,173873600
2009-10-16,108.8000,109.2700,108.2300,108.8900,80.8297,192069400
2009-10-19,109.0700,110.1300,108.7300,109.7900,81.4978,159530400
2009-10-20,109.9500,109.9900,108.6800,109.2100,81.0673,180921100
2009-10-21,109.0400,110.3100,108.1500,108.2300,80.3398,225379300
2009-10-22,108.1900,109.6800,107.5000,109.3300,81.1564,238444000
2009-10-23,109.6900,109.7600,107.6300,108.0800,80.2285,240033200
2009-10-26,108.2000,109.3100,106.6100,106.9100,79.3600,242028200
2009-10-27,107.0300,107.3900,106.1600,106.4200,78.9962,253266300
2009-10-28,106.1500,106.4800,104.3500,104.4100,77.5042,248821400
2009-10-29,105.1900,106.8600,104.9400,106.6500,79.1670,198110600
2009-10-30,106.3000,106.6200,103.4400,103.5600,76.8732,325608100
2009-11-02,104.1300,105.4100,103.0800,104.3200,77.4374,254222900
2009-11-03,103.7400,104.8000,103.5400,104.6500,77.6824,228362600
2009-11-04,105.5100,106.3300,104.6500,104.9200,77.8828,247996700
2009-11-05,105.6600,106.8800,105.4400,106.8500,79.3154,180015300
2009-11-06,106.2600,107.4000,106.0500,107.1300,79.5233,170954100
2009-11-09,107.9500,109.6300,107.8700,109.5700,81.3345,159495700
2009-11-10,109.3100,109.9300,108.9700,109.5900,81.3493,171899800
2009-11-11,110.3100,110.8200,109.6200,110.1500,81.7650,169466200
2009-11-12,110.0000,110.5700,108.7500,109.0300,80.9336,157144500
2009-11-13,109.3100,110.0900,108.7500,109.6200,81.3716,150963000
2009-11-16,110.3800,111.6900,110.3200,111.2100,82.5519,210922200
2009-11-17,110.9200,111.3900,110.5000,111.3400,82.6484,147134100
2009-11-18,111.2600,111.4300,110.5700,111.2700,82.5964,156486800
2009-11-19,110.5100,111.3100,109.1300,109.8200,81.5201,208734600
2009-11-20,109.2500,109.7600,109.0100,109.4300,81.2306,134196000
2009-11-23,110.7200,111.7400,110.6000,110.8200,82.2624,148010200
2009-11-24,111.0000,111.2000,110.0100,110.9900,82.3886,138420100
2009-11-25,111.1700,111.5000,110.8200,111.3800,82.6781,109564800
2009-11-27,108.4000,110.3200,108.2900,109.5700,81.3345,126001800
2009-11-30,109.4800,110.2000,108.1200,109.9400,81.6091,160874800
2009-12-01,110.9200,111.6600,110.7300,111.3000,82.6187,159613700
2009-12-02,111.2800,112.0100,110.9200,111.2500,82.5816,132315100
2009-12-03,111.5500,112.1800,110.2900,110.3800,81.9358,167324900
2009-12-04,111.8400,112.3800,110.0400,111.0100,82.4034,274907800
2009-12-07,110.9100,111.5300,110.4900,110.8400,82.2773,127973800
2009-12-08,110.0400,110.7700,109.2700,109.6100,81.3642,169863700
2009-12-09,109.5800,110.1800,109.0200,110.0200,81.6685,155063400
2009-12-10,110.7000,111.1200,110.4500,110.6400,82.1287,138014600
2009-12-11,111.1100,111.3600,110.6100,111.1100,82.4776,124854000
2009-12-14,111.8700,112.0000,111.1300,111.8700,83.0418,107141500
2009-12-15,111.4600,111.9200,111.0000,111.3500,82.6558,120408800
2009-12-16,111.8000,112.1300,111.2700,111.5200,82.7820,155358200
2009-12-17,110.7200,110.9300,110.0800,110.1800,81.7873,183390100
2009-12-18,110.2000,110.3000,109.2800,110.2100,82.2500,174591200
2009-12-21,110.7600,111.7000,110.7600,111.3300,83.0859,118039600
2009-12-22,111.5700,111.9700,111.4300,111.7300,83.3844,91707500
2009-12-23,112.0000,112.1100,111.5000,111.9500,83.5486,111783100
2009-12-24,112.1900,112.6000,112.0000,112.4800,83.9441,39677500
2009-12-28,112.9000,112.9900,112.3200,112.7200,84.1232,87508500
2009-12-29,113.0100,113.0300,112.5500,112.5600,84.0038,80572500
2009-12-30,112.2300,112.6500,112.1700,112.5200,83.9740,73138400
2009-12-31,112.7700,112.8000,111.3900,111.4400,83.1679,90637900
2010-01-04,112.3700,113.3900,111.5100,113.3300,84.5785,118944600
2010-01-05,113.2600,113.6800,112.8500,113.6300,84.8024,111579900
2010-01-06,113.5200,113.9900,113.4300,113.7100,84.8621,116074400
2010-01-07,113.5000,114.3300,113.1800,114.1900,85.2203,131091100
2010-01-08,113.8900,114.6200,113.6600,114.5700,85.5039,126402800
2010-01-11,115.0800,115.1300,114.2400,114.7300,85.6233,106375700
2010-01-12,113.9700,114.2100,113.2200,113.6600,84.8248,163333500
2010-01-13,113.9500,114.9400,113.3700,114.6200,85.5412,161822000
2010-01-14,114.4900,115.1400,114.4200,114.9300,85.7726,115718800
2010-01-15,114.7300,114.8400,113.2000,113.6400,84.8098,212283100
2010-01-19,113.6200,115.1300,113.5900,115.0600,85.8696,139172700
2010-01-20,114.2800,114.4500,112.9800,113.8900,84.9964,216490200
2010-01-21,113.9200,114.2700,111.5600,111.7000,83.3620,344859600
2010-01-22,111.2000,111.7400,109.0900,109.2100,81.5037,345942400
2010-01-25,110.2100,110.4100,109.4100,109.7700,81.9216,186937500
2010-01-26,109.3400,110.4700,109.0400,109.3100,81.5783,211168800
2010-01-27,109.1700,110.0800,108.3300,109.8300,81.9664,271863600
2010-01-28,110.1900,110.2500,107.9100,108.5700,81.0261,316104000
2010-01-29,109.0400,109.8000,107.2200,107.3900,80.1455,310677600
2010-02-01,108.1500,109.0700,107.5000,109.0600,81.3918,187865000
2010-02-02,109.2600,110.5900,108.8800,110.3800,82.3769,216327900
2010-02-03,109.8800,110.4800,109.5100,109.8300,81.9664,172730700
2010-02-04,108.9800,109.0300,106.4200,106.4400,79.4365,356715700
2010-02-05,106.5600,106.8800,104.5800,106.6600,79.6007,493585800
2010-02-08,106.7400,107.3300,105.8100,105.8900,79.0260,224166900
2010-02-09,107.1300,108.1500,106.2700,107.2200,80.0186,337820500
2010-02-10,107.0500,107.6000,106.1100,107.0100,79.8618,240511500
2010-02-11,106.8700,108.2500,106.2500,108.1300,80.6977,223591600
2010-02-12,106.9900,108.1000,106.5100,108.0400,80.6305,304622100
2010-02-16,108.8600,109.8500,107.8200,109.7400,81.8993,159317500
2010-02-17,110.2700,110.4100,109.7400,110.2600,82.2873,168845100
2010-02-18,110.0800,111.1400,110.0400,110.9100,82.7724,193708600
2010-02-19,110.6200,111.5700,110.3600,111.1400,82.9441,222684900
2010-02-22,111.5500,111.5800,110.8300,111.1600,82.9590,132346900
2010-02-23,110.8600,111.2000,109.5200,109.8100,81.9515,207497000
2010-02-24,110.1400,111.0000,109.8600,110.8200,82.7053,176350700
2010-02-25,109.2400,110.7500,108.9400,110.6700,82.5933,259634700
2010-02-26,110.7700,111.1200,110.1100,110.7400,82.6456,173589300
2010-03-01,111.2000,112.0000,111.1700,111.8900,83.5038,147709700
2010-03-02,112.3700,112.7400,112.0000,112.2000,83.7351,160992400
2010-03-03,112.4900,112.9700,112.0200,112.3000,83.8098,150785000
2010-03-04,112.4500,112.8000,112.0300,112.6400,84.0635,135770400
2010-03-05,113.3700,114.3400,113.1000,114.2500,85.2651,176118800
2010-03-08,114.2600,114.5200,114.0700,114.2700,85.2800,114631200
2010-03-09,113.9300,114.9900,113.8700,114.4600,85.4218,154556700
2010-03-10,114.5100,115.2800,114.4100,114.9700,85.8024,186088800
2010-03-11,114.7000,115.4800,114.3500,115.4500,86.1607,160791100
2010-03-12,115.9500,115.9700,115.1400,115.4600,86.1681,162074800
2010-03-15,115.2600,115.5700,114.6000,115.4900,86.1905,146816800
2010-03-16,115.8100,116.5200,115.4900,116.4100,86.8771,168673000
2010-03-17,116.7600,117.4800,116.4200,117.1000,87.3921,177468100
2010-03-18,117.1100,117.2700,116.5700,117.0400,87.3473,196509100
2010-03-19,115.9700,117.2900,115.5200,115.9700,86.9052,226641100
2010-03-22,115.3100,116.8000,115.2400,116.5900,87.3697,184477800
2010-03-23,116.7600,117.5100,116.3800,117.4100,87.9842,182941600
2010-03-24,116.9700,117.4300,115.5800,116.8400,87.5571,196072600
2010-03-25,117.6300,118.1700,116.5100,116.6500,87.4147,223396300
2010-03-26,116.8700,117.4200,116.1200,116.5800,87.3622,205808500
2010-03-29,117.1700,117.5300,116.6900,117.3200,87.9168,134513500
2010-03-30,117.4600,117.8300,116.9100,117.4000,87.9767,145772500
2010-03-31,116.9500,117.5200,116.6100,117.0000,87.6770,161078700
2010-04-01,117.8000,118.2500,117.1000,117.8000,88.2765,161215200
2010-04-05,118.2500,118.8400,117.9200,118.7600,88.9959,105847600
2010-04-06,118.4200,119.2500,118.2900,119.0400,89.2057,110384200
2010-04-07,118.8000,119.3600,117.8100,118.3600,88.6961,184576300
2010-04-08,117.9500,118.9700,117.6000,118.7700,89.0034,158704000
2010-04-09,119.0200,119.6000,118.8000,119.5500,89.5879,133006500
2010-04-12,119.7000,120.0500,119.5600,119.7400,89.7303,110279000
2010-04-13,119.6200,120.0400,119.0000,119.8300,89.7978,125043600
2010-04-14,120.2700,121.1900,120.0800,121.1900,90.8169,161609000
2010-04-15,120.9900,121.5700,120.9500,121.2900,90.8918,144615300
2010-04-16,120.8600,121.2900,118.7500,119.3600,89.4455,366786700
2010-04-19,119.0100,119.9300,118.4700,119.8100,89.7827,217947800
2010-04-20,120.5600,120.9800,119.8700,120.8800,90.5846,157708000
2010-04-21,120.9500,121.2300,119.9900,120.6600,90.4197,192910100
2010-04-22,119.8100,121.1700,119.1200,121.0200,90.6895,115360300
2010-04-23,120.9400,121.8600,120.6300,121.8100,91.2815,177335500
2010-04-26,121.8500,122.1200,121.2300,121.3500,90.9368,143457300
2010-04-27,120.6500,121.3400,118.2500,118.4800,88.7861,355853300
2010-04-28,119.0500,119.6800,118.2700,119.3800,89.4605,300674100
2010-04-29,120.1000,121.1100,120.0700,120.8600,90.5695,193775000
2010-04-30,120.8800,121.0100,118.7800,118.8100,89.0334,270000900
2010-05-03,119.3800,120.6800,119.2000,120.3500,90.1874,182747900
2010-05-04,119.0100,119.0300,116.9200,117.5200,88.0667,360353400
2010-05-05,116.5600,117.8000,115.9700,116.8200,87.5421,328973200
2010-05-06,116.2600,117.0000,105.0000,112.9400,84.6345,647356600
2010-05-07,112.6400,113.7700,109.4100,111.2600,83.3756,637558800
2010-05-10,115.8100,116.6500,114.9100,116.1600,87.0475,396159600
2010-05-11,115.0700,117.3600,114.9100,115.8300,86.8002,317849800
2010-05-12,116.2900,117.6200,116.0900,117.4500,88.0142,235607100
2010-05-13,117.1300,117.6800,115.8900,115.9900,86.9201,234452500
2010-05-14,115.1200,115.3300,112.8700,113.8900,85.3465,345601400
2010-05-17,114.2000,114.5200,111.7700,113.9500,85.3914,325739800
2010-05-18,114.8800,115.2200,112.0300,112.4000,84.2299,360556800
2010-05-19,111.7700,112.7700,110.3600,111.7600,83.7502,394742700
2010-05-20,109.3800,109.8900,107.4700,107.5400,80.5879,530418300
2010-05-21,105.9100,109.3800,105.3600,109.1100,81.7644,500909400
2010-05-24,108.5200,109.3900,107.6100,107.7100,80.7153,269823000
2010-05-25,105.1100,107.8700,104.3800,107.8200,80.7977,396505200
2010-05-26,108.4800,109.4700,106.8500,107.1700,80.3106,349719300
2010-05-27,109.1900,110.8000,108.7800,110.7600,83.0009,300870500
2010-05-28,110.6400,110.7200,108.8500,109.3700,81.9592,297933500
2010-06-01,108.3500,109.9500,107.3700,107.5300,80.5804,277909400
2010-06-02,108.0800,110.3400,107.5100,110.3300,82.6787,240243700
2010-06-03,110.6500,111.0600,109.5800,110.7100,82.9635,226618300
2010-06-04,108.6100,109.3300,106.4600,106.8200,80.0483,398475600
2010-06-07,107.2000,107.6100,105.4100,105.4900,79.0517,264609100
2010-06-08,105.5700,106.8300,104.6500,106.6200,79.8985,357774300
2010-06-09,107.2400,108.2800,105.6000,106.0500,79.4713,268023300
2010-06-10,107.8600,109.2800,106.0400,109.1500,81.7944,317890600
2010-06-11,108.1900,109.7500,108.1200,109.6800,82.1915,214128200
2010-06-14,110.5200,111.1200,109.4000,109.5100,82.0642,207196100
2010-06-15,110.2800,112.1000,110.0900,112.0000,83.9301,238268700
2010-06-16,111.4200,112.4200,111.2000,111.9600,83.9002,216374000
2010-06-17,112.2800,112.3300,111.0500,112.1400,84.0350,263185800
2010-06-18,111.8300,112.1300,111.3700,111.7300,84.1261,174006600
2010-06-21,113.1200,113.2000,110.7900,111.4100,83.8852,213140700
2010-06-22,111.4100,111.9000,109.4100,109.5700,82.4997,239355400
2010-06-23,109.6400,110.0300,108.4800,109.2300,82.2438,254639900
2010-06-24,108.6900,108.8300,107.1400,107.4200,80.8810,268523600
2010-06-25,107.7400,108.4200,106.7700,107.8700,81.2197,238726500
2010-06-28,108.0300,108.3200,107.1400,107.5300,80.9638,169218600
2010-06-29,106.0200,107.5100,103.5500,104.2100,78.4640,373649500
2010-06-30,103.9200,104.8800,102.8800,103.2200,77.7186,284101700
2010-07-01,103.1500,103.4900,101.1300,102.7600,77.3723,382924800
2010-07-02,103.1100,103.4200,101.6200,102.2000,76.9506,233385200
2010-07-06,103.6400,104.3700,101.8800,102.8700,77.4551,256935300
2010-07-07,103.1300,106.2400,103.0200,106.1100,79.8946,253769400
2010-07-08,107.0000,107.2800,105.9100,107.1600,80.6852,210842100
2010-07-09,107.1300,107.9700,106.9300,107.9600,81.2875,144999900
2010-07-12,107.6000,108.2400,107.1500,108.0300,81.3403,131283600
2010-07-13,109.1500,110.0900,108.9300,109.6600,82.5676,213025900
2010-07-14,109.3100,110.0800,108.8600,109.6500,82.5600,184426800
2010-07-15,109.6100,110.0600,108.1700,109.6800,82.5826,232337900
2010-07-16,109.0900,109.2100,106.4500,106.6600,80.3087,282693400
2010-07-19,107.0500,107.6300,106.2200,107.2900,80.7831,186709000
2010-07-20,105.8700,108.5600,105.8200,108.4800,81.6791,258162400
2010-07-21,109.0400,109.0700,106.6300,107.0700,80.6174,264527000
2010-07-22,108.3400,109.9400,108.3300,109.4600,82.4169,274781300
2010-07-23,109.2400,110.5700,108.9300,110.4100,83.1322,222020800
2010-07-26,110.6000,111.6700,110.2900,111.5600,83.9981,184445700
2010-07-27,112.1700,112.2900,111.1100,111.5500,83.9906,204855600
2010-07-28,111.3200,111.6600,110.4600,110.8300,83.4485,163056200
2010-07-29,111.5200,111.8200,109.4100,110.2900,83.0419,220149100
2010-07-30,109.1700,110.8600,108.9800,110.2700,83.0269,220070600
2010-08-02,111.9900,112.9400,111.5400,112.7600,84.9017,188263200
2010-08-03,112.4800,112.7700,111.8500,112.2200,84.4951,146657300
2010-08-04,112.5300,113.1100,112.1600,112.9700,85.0598,158171700
2010-08-05,112.2500,112.9100,112.0800,112.8500,84.9694,140473800
2010-08-06,111.7400,112.5700,110.9200,112.3900,84.6231,239728300
2010-08-09,112.9200,113.1800,112.3200,112.9900,85.0748,120800400
2010-08-10,112.0300,112.9800,111.3700,112.3800,84.6155,242916300
2010-08-11,110.6500,110.6900,109.1200,109.3000,82.2965,273406900
2010-08-12,107.6500,109.0200,107.6000,108.6300,81.7920,239542600
2010-08-13,108.2900,108.9600,108.1800,108.3100,81.5511,158698500
2010-08-16,107.5700,108.6100,107.1800,108.2600,81.5134,147895300
2010-08-17,109.1900,110.3900,108.8800,109.5900,82.5148,172270300
2010-08-18,109.5400,110.3800,108.9100,109.7900,82.6654,182922100
2010-08-19,109.2200,109.4900,107.4300,107.8800,81.2273,265847600
2010-08-20,107.5600,107.9400,106.7500,107.5300,80.9638,209714200
2010-08-23,108.0400,108.5700,107.0700,107.1200,80.6550,163490300
2010-08-24,105.9500,106.3900,104.9700,105.5300,79.4579,280677800
2010-08-25,104.9500,106.3400,104.2900,105.9400,79.7666,272234800
2010-08-26,106.4400,106.5800,104.8800,105.2300,79.2320,224439500
2010-08-27,105.8900,106.9700,104.3100,106.8600,80.4593,272649000
2010-08-30,106.5800,106.9100,105.3000,105.3100,79.2923,167238600
2010-08-31,104.9200,105.9800,104.4900,105.3100,79.2923,273933100
2010-09-01,106.7300,108.6100,106.6600,108.4600,81.6640,256828100
2010-09-02,108.7200,109.4900,108.4900,109.4700,82.4245,156112200
2010-09-03,110.5400,110.9900,109.9500,110.8900,83.4937,212197300
2010-09-07,110.3700,110.5100,109.5500,109.6400,82.5525,141973700
2010-09-08,109.8600,110.8500,109.8100,110.4100,83.1322,149924400
2010-09-09,111.6500,111.6800,110.6200,110.9200,83.5162,147017900
2010-09-10,111.1200,111.6100,110.8700,111.4800,83.9379,127819000
2010-09-13,112.5800,112.9500,112.1300,112.7200,84.8715,178503500
2010-09-14,112.5000,113.2900,112.0800,112.6500,84.8188,209823600
2010-09-15,112.3200,113.2100,111.9800,113.0800,85.1426,168608400
2010-09-16,112.7300,113.1200,112.3500,113.0500,85.1200,199962900
2010-09-17,113.0400,113.1500,112.1800,112.4900,85.1518,195836900
2010-09-20,112.8800,114.4600,112.5200,114.2100,86.4538,214555200
2010-09-21,114.3000,114.8400,113.5100,113.9800,86.2797,268389100
2010-09-22,113.8000,114.4400,113.1000,113.4200,85.8558,191322400
2010-09-23,112.4900,113.6700,112.1800,112.5000,85.1594,202354300
2010-09-24,113.7500,114.9000,113.6500,114.8200,86.9156,209671800
2010-09-27,114.8600,114.9900,114.1600,114.2700,86.4992,128761800
2010-09-28,114.4200,115.0400,113.1800,114.6700,86.8020,209207500
2010-09-29,114.3800,114.9100,114.0200,114.4700,86.6506,179665800
2010-09-30,115.0500,115.7900,113.5900,114.1300,86.3932,287106700
2010-10-01,114.9900,115.1200,113.9300,114.6100,86.7566,174638700
2010-10-04,114.3700,114.8500,113.1800,113.7500,86.1056,166153200
2010-10-05,114.8000,116.3200,114.6700,116.0400,87.8391,229634100
2010-10-06,116.0200,116.3300,115.5600,116.0300,87.8315,148626600
2010-10-07,116.5000,116.5300,115.1900,115.8900,87.7255,164860000
2010-10-08,116.0500,116.8600,115.6100,116.5400,88.2176,177760100
2010-10-11,116.7200,116.9700,116.2500,116.6500,88.3008,103098300
2010-10-12,116.2700,117.3500,115.6500,117.0100,88.5734,182210000
2010-10-13,117.6600,118.5500,117.3800,117.9200,89.2621,194347200
2010-10-14,117.8100,118.0100,116.7200,117.4600,88.9140,217764300
2010-10-15,118.2800,118.3500,116.7600,117.7000,89.0956,243705000
2010-10-18,117.7400,118.6700,117.3100,118.2800,89.5347,141204800
2010-10-19,117.1900,117.8500,116.0200,116.7300,88.3614,280604700
2010-10-20,116.9400,118.4400,116.8700,117.8700,89.2243,200051800
2010-10-21,118.4000,119.0900,117.2100,118.1300,89.4211,221585500
2010-10-22,118.3100,118.5300,118.0000,118.3500,89.5877,108212400
2010-10-25,119.1400,119.7600,118.6100,118.7000,89.8526,151145700
2010-10-26,118.1000,118.8400,117.8700,118.7200,89.8677,158982900
2010-10-27,117.8900,118.5100,117.2600,118.3800,89.6104,190024000
2010-10-28,119.0600,119.1100,117.8300,118.4000,89.6255,168576000
2010-10-29,118.2800,118.7200,118.0700,118.4900,89.6936,144305500
2010-11-01,119.0700,119.7500,117.8500,118.5300,89.7239,174074800
2010-11-02,119.4200,119.7500,119.1000,119.4700,90.4355,158345900
2010-11-03,119.6800,120.0200,118.4500,119.9500,90.7988,226702800
2010-11-04,121.2800,122.3200,119.9700,122.2600,92.5474,215039400
2010-11-05,122.3400,122.9200,122.1800,122.7200,92.8956,180654100
2010-11-08,122.3400,122.6900,121.9400,122.4900,92.7215,156107100
2010-11-09,122.8200,122.9500,121.1200,121.6100,92.0554,186621600
2010-11-10,121.5800,122.1600,120.6600,122.1000,92.4263,221387400
2010-11-11,121.0500,121.8200,120.6800,121.6400,92.0781,158017600
2010-11-12,120.8200,121.3500,119.6500,120.2000,90.9881,239068800
2010-11-15,120.5800,121.0500,119.9800,120.0300,90.8594,163940800
2010-11-16,119.2900,119.4900,117.5900,118.1600,89.4438,299566200
2010-11-17,118.2100,118.7100,117.8600,118.2200,89.4892,172308900
2010-11-18,119.3600,120.3900,119.3500,119.9600,90.8064,197723700
2010-11-19,119.9000,120.3400,119.2500,120.2900,91.0562,156852900
2010-11-22,119.6900,120.2400,118.7700,120.1900,90.9805,181361000
2010-11-23,118.7700,119.0200,117.9900,118.4500,89.6634,222309000
2010-11-24,119.2000,120.2300,119.1800,120.2000,90.9881,140046100
2010-11-26,119.1600,119.8100,118.8000,118.8000,89.9283,76007800
2010-11-29,118.5000,119.4800,117.7400,119.1600,90.2008,223642300
2010-11-30,117.9800,119.1700,117.8100,118.4900,89.6936,233930700
2010-12-01,120.2000,121.2400,120.1900,121.0100,91.6012,221037200
2010-12-02,121.2000,122.6500,121.1300,122.5600,92.7745,191213600
2010-12-03,122.1400,123.0300,122.1100,122.8900,93.0243,151288900
2010-12-06,122.6300,123.0400,122.5000,122.7600,92.9259,103050500
2010-12-07,123.9400,124.0100,122.7600,122.8300,92.9789,206581000
2010-12-08,122.9800,123.3800,122.4100,123.2800,93.3195,138019200
2010-12-09,123.9700,124.0200,123.1500,123.7600,93.6829,123705100
2010-12-10,124.1400,124.6000,123.7300,124.4800,94.2279,117571700
2010-12-13,125.0500,125.2000,124.5200,124.5600,94.2884,133812700
2010-12-14,124.7500,125.2300,124.2900,124.6700,94.3717,147249600
2010-12-15,124.4400,124.9300,123.8900,124.1000,93.9402,160823100
2010-12-16,124.1800,124.9100,123.7500,124.8200,94.4853,185035200
2010-12-17,124.0800,124.4600,123.8200,124.3000,94.5865,141075300
2010-12-20,124.6400,124.9000,123.9800,124.6000,94.8148,119085500
2010-12-21,124.9900,125.4700,124.8700,125.3900,95.4159,94965500
2010-12-22,125.4800,125.8200,125.4100,125.7800,95.7127,78878100
2010-12-23,125.6400,125.7800,125.2900,125.6000,95.5757,70053700
2010-12-27,125.1300,125.7700,125.0400,125.6500,95.6138,58126000
2010-12-28,125.9000,125.9500,125.5000,125.8300,95.7508,55309100
2010-12-29,125.9800,126.2000,125.9000,125.9200,95.8192,58033100
2010-12-30,125.8000,126.1300,125.5300,125.7200,95.6671,76616900
2010-12-31,125.5300,125.8700,125.3300,125.7500,95.6899,91218900
2011-01-03,126.7100,127.6000,125.7000,127.0500,96.6791,138725200
2011-01-04,127.3300,127.3700,126.1900,126.9800,96.6258,137409700
2011-01-05,126.5800,127.7200,126.4600,127.6400,97.1281,133975300
2011-01-06,127.6900,127.8300,127.0100,127.3900,96.9378,122519000
2011-01-07,127.5600,127.7700,126.1500,127.1400,96.7476,156034600
2011-01-10,126.5800,127.1600,126.2000,126.9800,96.6258,122401700
2011-01-11,127.4400,127.7400,126.9500,127.4300,96.9683,110287000
2011-01-12,128.2100,128.7200,127.4600,128.5800,97.8433,107929200
2011-01-13,128.6300,128.6900,128.0500,128.3700,97.6836,129048400
2011-01-14,128.1900,129.3300,128.1000,129.3000,98.3912,117677900
2011-01-18,129.1800,129.6400,129.0300,129.5200,98.5587,114401300
2011-01-19,129.4100,129.5400,127.9100,128.2500,97.5923,151958400
2011-01-20,127.9600,128.4000,127.1300,128.0800,97.4629,175745700
2011-01-21,128.8800,129.1700,128.2300,128.3700,97.6836,151462900
2011-01-24,128.2900,129.2500,128.2600,129.1000,98.2391,113715500
2011-01-25,128.7600,129.2800,128.1100,129.1700,98.2923,167552200
2011-01-26,129.4900,130.0500,129.2300,129.6700,98.6728,141281500
2011-01-27,129.7000,130.2100,129.4700,129.9900,98.9163,123302700
2011-01-28,130.1400,130.3500,127.5100,127.7200,97.1890,295637300
2011-01-31,128.0700,128.7800,127.7500,128.6800,97.9194,149249200
2011-02-01,129.4600,130.9700,129.3800,130.7400,99.4870,167194300
2011-02-02,130.4000,130.8400,130.3300,130.4900,99.2968,118323600
2011-02-03,130.2600,130.9800,129.5700,130.7800,99.5175,145886700
2011-02-04,130.8300,131.2000,130.2300,131.1500,99.7990,134634800
2011-02-07,131.4400,132.4000,131.4300,131.9700,100.4230,112439100
2011-02-08,132.0900,132.6400,131.7300,132.5700,100.8796,99072800
2011-02-09,132.2100,132.6300,131.6100,132.2700,100.6513,146436700
2011-02-10,131.6000,132.4700,131.3000,132.3200,100.6893,162708500
2011-02-11,131.8000,133.2800,131.7700,133.1100,101.2905,137710300
2011-02-14,133.0300,133.5400,132.8800,133.4300,101.5340,101690700
2011-02-15,133.0200,133.2200,132.3200,133.0100,101.2144,119575400
2011-02-16,133.4600,134.0100,133.1900,133.8500,101.8536,130183500
2011-02-17,133.4600,134.4300,133.3400,134.2500,102.1580,109810500
2011-02-18,134.3700,134.6900,134.0600,134.5300,102.3710,130002400
2011-02-22,133.1200,134.5600,131.4700,131.8300,100.3165,233116400
2011-02-23,131.7500,132.0700,130.2100,131.0200,99.7001,227584000
2011-02-24,130.8800,131.4400,129.7000,130.9300,99.6316,260431400
2011-02-25,131.4800,132.4100,131.4000,132.3300,100.6970,141686900
2011-02-28,132.8200,133.3200,132.3800,133.1500,101.3209,141585500
2011-03-01,133.5700,133.6900,130.8900,130.9300,99.6316,258565500
2011-03-02,130.7500,131.8200,130.3500,131.2100,99.8447,200277400
2011-03-03,132.4000,133.6200,132.3900,133.4700,101.5644,176480100
2011-03-04,133.3700,133.6300,131.6000,132.4700,100.8035,277202300
2011-03-07,132.8600,133.1600,130.7400,131.4300,100.0121,216790400
2011-03-08,131.6400,133.0000,131.0700,132.5800,100.8872,174615000
2011-03-09,132.3200,132.8000,131.6000,132.3900,100.7426,153806000
2011-03-10,131.0000,131.1800,129.8100,129.9400,98.8783,301291800
2011-03-11,129.5200,131.3100,129.4900,130.8400,99.5631,225621800
2011-03-14,129.9900,130.4800,129.0600,130.0500,98.9619,234974100
2011-03-15,126.5900,129.3300,126.5000,128.5600,97.8281,359585400
2011-03-16,128.1500,128.5700,125.2800,126.1800,96.0171,468670300
2011-03-17,128.0000,128.3900,127.1000,127.8500,97.2879,254303700
2011-03-18,128.8400,128.8800,127.5100,127.7600,97.6417,230435400
2011-03-21,129.3500,130.0100,129.2000,129.7400,99.1549,153992600
2011-03-22,129.7200,129.8900,129.1700,129.2900,98.8110,129538600
2011-03-23,128.9300,130.0000,128.3200,129.6600,99.0938,148603100
2011-03-24,130.4000,131.0900,129.6700,130.9000,100.0415,159129800
2011-03-25,131.2400,131.8700,130.8900,131.3000,100.3472,155642800
2011-03-28,131.5800,131.9200,130.9400,130.9800,100.1026,109762400
2011-03-29,130.8700,131.9000,130.4400,131.8600,100.7751,129798800
2011-03-30,132.5500,133.1600,132.3600,132.7700,101.4706,135835000
2011-03-31,132.6000,132.9600,132.4500,132.5900,101.3331,132537100
2011-04-01,133.4100,133.7700,132.8300,133.1500,101.7611,153850100
2011-04-04,133.4300,133.6700,132.8800,133.2600,101.8452,100768900
2011-04-05,133.0000,133.8300,132.9400,133.2400,101.8299,120791500
2011-04-06,133.8800,134.0000,133.1200,133.6600,102.1508,120411600
2011-04-07,133.4200,133.9800,132.6600,133.3200,101.8910,170731500
2011-04-08,133.9100,133.9900,132.3100,132.8600,101.5395,147945400
2011-04-11,133.0000,133.4500,132.1400,132.4600,101.2337,121385400
2011-04-12,131.7200,131.9800,130.9900,131.4700,100.4771,161187400
2011-04-13,132.0800,132.1800,130.9600,131.4600,100.4695,162059000
2011-04-14,130.7000,131.7600,130.2700,131.5600,100.5459,161220400
2011-04-15,131.8000,132.3700,131.4100,132.0400,100.9127,170006700
2011-04-18,130.5900,132.0300,129.5100,130.5600,99.7817,210759300
2011-04-19,130.7600,131.3500,130.4400,131.3100,100.3548,124258800
2011-04-20,132.8800,133.3900,132.7900,133.1000,101.7229,156133800
2011-04-21,133.7900,133.8400,133.1000,133.7800,102.2426,135935400
2011-04-25,133.6800,133.8600,133.2000,133.6400,102.1356,65757100
2011-04-26,134.0500,135.0600,133.9100,134.7900,103.0144,146600000
2011-04-27,135.0500,135.8700,134.5000,135.6700,103.6870,143031000
2011-04-28,135.4300,136.2900,135.4100,136.1100,104.0233,124791100
2011-04-29,136.1600,136.5700,135.9800,136.4300,104.2679,115094100
2011-05-02,137.0700,137.1800,135.9500,136.2200,104.1073,126278700
2011-05-03,135.9600,136.1900,135.0400,135.7300,103.7329,138375000
2011-05-04,135.6700,135.7300,134.2300,134.8300,103.0450,182678500
2011-05-05,134.0800,134.9500,133.0200,133.6100,102.1126,226900000
2011-05-06,134.9400,135.6300,133.6800,134.2000,102.5636,222787200
2011-05-09,134.1900,135.1100,133.9800,134.7200,102.9610,114104500
2011-05-10,135.1700,136.1100,135.0000,135.8700,103.8399,114806900
2011-05-11,135.6700,135.6900,133.8200,134.4400,102.7470,193564200
2011-05-12,134.0800,135.3600,133.3900,135.0800,103.2361,171550700
2011-05-13,135.1500,135.3400,133.5600,134.0400,102.4413,157444900
2011-05-16,133.5600,134.6100,132.9700,133.1900,101.7916,141675400
2011-05-17,132.6900,133.3500,132.1200,133.1700,101.7764,192686200
2011-05-18,133.2400,134.5000,132.9500,134.3600,102.6859,135217900
2011-05-19,134.8000,135.0300,133.9400,134.6800,102.9304,119489500
2011-05-20,134.3300,134.6800,133.3600,133.6100,102.1126,182594900
2011-05-23,131.9800,132.7200,131.5900,132.0600,100.9280,168700000
2011-05-24,132.4400,132.7300,131.7000,131.9500,100.8439,147199600
2011-05-25,131.4200,132.9400,131.3800,132.3900,101.1803,151050100
2011-05-26,132.0300,133.2400,131.7800,133.0000,101.6465,164850000
2011-05-27,133.3700,133.8700,132.9600,133.5100,102.0362,120921900
2011-05-31,134.7700,134.9200,133.8400,134.9000,103.0985,164731200
2011-06-01,134.5100,134.9200,131.7600,131.8700,100.7828,233094300
2011-06-02,131.9600,132.2400,130.9600,131.7300,100.6758,200466800
2011-06-03,130.1500,131.4200,130.0800,130.4200,99.6746,234690200
2011-06-06,130.0900,130.3600,128.8700,129.0400,98.6200,179951200
2011-06-07,129.7000,130.0700,128.8500,128.9600,98.5588,161660500
2011-06-08,128.7600,129.1900,128.1800,128.4200,98.1461,198696400
2011-06-09,128.7700,129.9300,128.4600,129.4000,98.8951,160964400
2011-06-10,128.8500,128.9300,127.2600,127.6000,97.5194,238629400
2011-06-13,127.8900,128.2400,127.0500,127.7000,97.5959,207599800
2011-06-14,128.8700,129.7700,128.8200,129.3200,98.8339,160570400
2011-06-15,128.2400,129.3000,126.6800,127.0200,97.0762,300958000
2011-06-16,127.0600,127.9700,126.3200,127.3000,97.2902,308032800
2011-06-17,127.9300,127.9400,126.6200,127.0500,97.5805,233284900
2011-06-20,126.6200,127.9700,126.5800,127.7000,98.0797,159479000
2011-06-21,128.3600,129.7000,127.7500,129.4500,99.4238,193157300
2011-06-22,129.0500,129.8100,128.5900,128.6700,98.8248,176703000
2011-06-23,127.1600,128.6400,126.1900,128.3000,98.5405,334286500
2011-06-24,128.2700,128.3700,126.6200,126.8100,97.3962,226129300
2011-06-27,126.8900,128.4300,126.6400,127.9400,98.2641,168904700
2011-06-28,128.4500,129.6300,128.2700,129.6100,99.5467,165556300
2011-06-29,130.2000,130.9300,129.6300,130.7200,100.3992,244295500
2011-06-30,131.1400,132.1800,130.7100,131.9700,101.3593,223322700
2011-07-01,132.0900,134.1000,131.7800,133.9200,102.8570,202385700
2011-07-05,133.7800,134.0800,133.3900,133.8100,102.7725,165936000
2011-07-06,133.4900,134.1400,133.1100,133.9700,102.8954,143331600
2011-07-07,135.1600,135.7000,134.8800,135.3600,103.9630,170464200
2011-07-08,133.8300,135.3600,133.3900,134.4000,103.2257,194100500
2011-07-11,132.7500,133.1800,131.6600,131.9700,101.3593,195918600
2011-07-12,131.6900,132.7800,131.3600,131.4000,100.9215,214675700
2011-07-13,132.0900,133.2200,131.5200,131.8400,101.2594,204062600
2011-07-14,132.1700,132.7800,130.6800,130.9300,100.5605,226111800
2011-07-15,131.6600,131.8700,130.7700,131.6900,101.1442,220012800
2011-07-18,131.0800,131.2800,129.6300,130.6100,100.3147,196872100
2011-07-19,131.3400,132.8900,131.3100,132.7300,101.9430,166554900
2011-07-20,133.0700,133.1500,132.4200,132.6500,101.8815,137145400
2011-07-21,133.4000,134.8200,132.6700,134.4900,103.2948,245246300
2011-07-22,134.5200,134.7200,133.7600,134.5800,103.3639,126019400
2011-07-25,133.3000,134.4900,133.1600,133.8300,102.7878,136653800
2011-07-26,133.7400,133.9600,133.0300,133.3300,102.4039,131278200
2011-07-27,132.5900,132.6300,130.4300,130.6000,100.3070,249020100
2011-07-28,130.6000,131.7700,130.0100,130.2200,100.0152,207939900
2011-07-29,128.9100,130.5500,127.9700,129.3300,99.3316,307038400
2011-08-01,130.8400,130.9600,127.5300,128.7800,98.9092,325790900
2011-08-02,127.8100,128.5000,125.4900,125.4900,96.3823,346653800
2011-08-03,125.6600,126.3100,123.5300,126.1700,96.9046,370830800
2011-08-04,124.4200,124.6200,120.0600,120.2600,92.3654,520721800
2011-08-05,121.7600,122.0700,116.8600,120.0800,92.2272,655619200
2011-08-08,116.9100,120.1200,112.0200,112.2600,86.2211,702263900
2011-08-09,114.0700,117.6400,110.2700,117.4800,90.2303,717828700
2011-08-10,115.2600,116.2800,111.9500,112.2900,86.2441,662607400
2011-08-11,113.2600,118.9200,112.3200,117.3300,90.1151,487979700
2011-08-12,118.4000,119.2100,117.2800,118.1200,90.7218,313731600
2011-08-15,119.1900,120.7400,119.0000,120.6200,92.6419,258810600
2011-08-16,119.4700,120.6900,118.3100,119.5900,91.8509,294095200
2011-08-17,120.2500,121.2000,118.7200,119.6700,91.9123,238201100
2011-08-18,116.5000,119.7100,113.3900,114.5100,87.9491,512956300
2011-08-19,112.9600,115.8800,112.5000,112.6400,86.5129,428281300
2011-08-22,115.1700,115.2300,112.4100,112.7300,86.5820,275090600
2011-08-23,113.1500,116.5700,112.5800,116.4400,89.4315,331136600
2011-08-24,116.1900,118.2400,115.9200,118.0800,90.6911,246869700
2011-08-25,118.7300,119.4000,115.8700,116.2800,89.3086,312365400
2011-08-26,115.6900,118.5100,113.8500,117.9700,90.6066,314495900
2011-08-29,119.5600,121.4300,118.0600,121.3600,93.2103,190977200
2011-08-30,120.8300,122.4300,119.2600,121.6800,93.4560,241315700
2011-08-31,122.4600,123.5100,121.3000,122.2200,93.8708,301828400
2011-09-01,122.2900,123.4000,120.7800,120.9400,92.8877,254585900
2011-09-02,118.4200,120.8700,117.4300,117.8500,90.5144,255517200
2011-09-06,114.3900,117.1600,114.3800,116.9900,89.8539,285130500
2011-09-07,118.7600,120.3400,118.3600,120.2900,92.3885,209803200
2011-09-08,119.5700,120.9400,118.7700,119.0400,91.4284,250568200
2011-09-09,117.6800,119.0600,115.2800,115.9200,89.0321,380195100
2011-09-12,114.4700,116.7600,114.0500,116.6700,89.6081,305793500
2011-09-13,117.0500,118.1800,116.2200,117.7400,90.4300,272514700
2011-09-14,118.3400,120.8000,116.7200,119.3700,91.6819,319389500
2011-09-15,120.6500,121.4700,119.4000,121.4300,93.2640,326777200
2011-09-16,121.2900,121.9700,120.3200,121.5200,93.8161,284528300
2011-09-19,119.5300,120.9300,118.7200,120.3100,92.8819,241517000
2011-09-20,120.8200,121.9900,120.0100,120.1700,92.7738,218932200
2011-09-21,120.2300,120.6000,116.4400,116.6300,90.0408,316251300
2011-09-22,113.2500,114.2100,111.3000,112.8600,87.1304,513911300
2011-09-23,112.1100,114.1600,112.0200,113.5400,87.6553,307242500
2011-09-26,114.6100,116.4000,112.9800,116.2400,89.7397,260673700
2011-09-27,118.5300,119.5600,116.8400,117.5400,90.7434,311753900
2011-09-28,117.7800,118.4900,114.9700,115.1400,88.8905,286696800
2011-09-29,117.0500,117.6300,113.9300,116.0500,89.5931,298108900
2011-09-30,114.4500,115.4500,113.0700,113.1500,87.3542,288392300
2011-10-03,112.4900,113.9500,109.8100,109.9300,84.8683,365136800
2011-10-04,108.3500,112.5800,107.4300,112.3400,86.7289,459177500
2011-10-05,112.6200,114.7200,111.5800,114.4200,88.3347,284108000
2011-10-06,114.3600,116.6600,113.5100,116.4900,89.9328,257800800
2011-10-07,117.1700,117.2500,115.0600,115.7100,89.3306,312657900
2011-10-10,117.6800,119.6300,117.6700,119.5800,92.3183,230666300
2011-10-11,118.8700,120.0400,118.7500,119.7000,92.4110,209088000
2011-10-12,120.6000,122.1400,120.3300,120.7500,93.2216,281544900
2011-10-13,120.0400,120.8700,119.1200,120.5100,93.0363,212538800
2011-10-14,121.9100,122.6000,121.2300,122.5700,94.6267,211397600
2011-10-17,121.9900,122.5500,119.9300,120.2300,92.8202,202311600
2011-10-18,120.1400,123.5000,119.2000,122.5800,94.6344,318857900
2011-10-19,122.3800,123.0800,120.7100,121.1300,93.5150,226601300
2011-10-20,121.4300,122.1000,119.8200,121.6600,93.9241,262075600
2011-10-21,123.0900,124.1200,122.7200,123.9700,95.7075,278999400
2011-10-24,124.1700,125.8000,124.0600,125.4900,96.8810,203215600
2011-10-25,124.8900,124.9500,122.7800,123.0500,94.9972,268596800
2011-10-26,124.3500,124.7700,122.2100,124.3000,95.9623,289053800
2011-10-27,127.6300,129.4200,126.6100,128.6300,99.3051,393220200
2011-10-28,128.0000,128.8500,127.8000,128.6000,99.2820,225906500
2011-10-31,127.1600,128.6200,125.3200,125.5000,96.8887,228146700
2011-11-01,122.0300,123.5100,121.5200,122.0000,94.1866,416565800
2011-11-02,123.8300,124.4000,122.7900,123.9900,95.7229,244717600
2011-11-03,125.2700,126.5000,123.6000,126.2500,97.4677,291174800
2011-11-04,125.2300,125.7000,124.0100,125.4800,96.8733,249401600
2011-11-07,125.3900,126.3900,124.2000,126.2600,97.4754,196617200
2011-11-08,126.9200,128.0200,125.7100,127.8800,98.7261,224426300
2011-11-09,124.8900,125.8000,122.8600,123.1600,95.0821,337982000
2011-11-10,124.7900,124.9400,123.0200,124.3200,95.9777,231866500
2011-11-11,125.8300,126.9900,125.7900,126.6600,97.7842,189924400
2011-11-14,126.1900,127.4500,124.9200,125.4600,96.8578,159258300
2011-11-15,125.1700,126.7500,124.7200,126.0800,97.3365,184709400
2011-11-16,124.8100,126.3400,123.9000,124.0800,95.7924,235782500
2011-11-17,123.8500,124.1600,121.2300,122.1100,94.2715,331219600
2011-11-18,122.5000,122.7500,121.4700,121.9800,94.1712,215580400
2011-11-21,120.2000,120.3500,118.6500,119.6600,92.3801,229611600
2011-11-22,119.4000,120.1000,118.5200,119.1900,92.0173,216494900
2011-11-23,118.0700,119.1900,116.5600,116.5600,89.9868,224329100
2011-11-25,116.3800,117.7000,116.2000,116.3400,89.8170,99557000
2011-11-28,119.5400,120.1800,118.8200,119.7100,92.4187,210686000
2011-11-29,120.0500,121.0000,119.6100,120.0500,92.6812,199241500
2011-11-30,123.4900,125.2200,120.0000,124.9900,96.4949,324439500
2011-12-01,124.8500,125.6400,124.4300,124.9700,96.4795,176954800
2011-12-02,126.1200,126.5000,124.7800,124.8600,96.3946,221109700
2011-12-05,126.8400,127.1800,125.4400,126.2200,97.4445,225263900
2011-12-06,126.2100,127.1100,125.7600,126.2600,97.4754,178842100
2011-12-07,125.8400,127.2600,124.9700,126.7300,97.8383,237802500
2011-12-08,125.9000,126.1800,123.6500,123.9500,95.6921,240862800
2011-12-09,124.5100,126.3700,124.4000,126.0500,97.3133,209111400
2011-12-12,124.9500,124.9700,123.1600,124.2100,95.8928,215826100
2011-12-13,124.8600,125.5700,122.4500,123.0500,94.9972,245159800
2011-12-14,122.5600,123.0300,121.4700,121.7400,93.9859,238618800
2011-12-15,123.0300,123.2000,121.9900,122.1800,94.3256,199109200
2011-12-16,122.2300,122.9500,121.3000,121.5900,94.4654,220481400
2011-12-19,122.0600,122.3200,120.0300,120.2900,93.4554,183903000
2011-12-20,122.1800,124.1400,120.3700,123.9300,96.2834,225418100
2011-12-21,123.9300,124.3600,122.7500,124.1700,96.4699,194230900
2011-12-22,124.6300,125.4000,124.2300,125.2700,97.3245,119465400
2011-12-23,125.6700,126.4300,125.4100,126.3900,98.1946,92187200
2011-12-27,126.1700,126.8200,126.0600,126.4900,98.2723,86075700
2011-12-28,126.5100,126.5300,124.7300,124.8300,96.9827,119107100
2011-12-29,125.2400,126.2500,124.8600,126.1200,97.9849,123507200
2011-12-30,126.0200,126.3300,125.5000,125.5000,97.5032,95599000
2012-01-03,127.7600,128.3800,127.4300,127.5000,99.0570,193697900
2012-01-04,127.2000,127.8100,126.7100,127.7000,99.2124,127186500
2012-01-05,127.0100,128.2300,126.4300,128.0400,99.4765,173895000
2012-01-06,128.2000,128.2200,127.2900,127.7100,99.2202,148050000
2012-01-09,128.0000,128.1800,127.4100,128.0200,99.4610,99530200
2012-01-10,129.3900,129.6500,128.9500,129.1300,100.3234,115282000
2012-01-11,128.7300,129.3700,128.5200,129.2000,100.3778,111540700
2012-01-12,129.5700,129.7000,128.5400,129.5100,100.6186,118983700
2012-01-13,128.6400,129.0500,127.7200,128.8400,100.0981,179836200
2012-01-17,130.0800,130.3200,128.9000,129.3400,100.4865,132209200
2012-01-18,129.3100,130.8400,129.0800,130.7700,101.5975,163395200
2012-01-19,131.2200,131.5700,130.8000,131.4600,102.1336,126328900
2012-01-20,131.2400,131.9500,130.9200,131.9500,102.5143,138230200
2012-01-23,131.5100,132.2500,130.9800,131.6100,102.2501,129295800
2012-01-24,130.8000,131.5000,130.6000,131.4600,102.1336,103083300
2012-01-25,131.2600,132.8700,130.7500,132.5600,102.9882,198613200
2012-01-26,133.1500,133.4000,131.3600,131.8800,102.4599,184880500
2012-01-27,131.2400,132.0500,131.1500,131.8200,102.4133,135259100
2012-01-30,130.5100,131.4400,130.0600,131.3700,102.0637,147311800
2012-01-31,132.0200,132.1800,130.6800,131.3200,102.0248,157212000
2012-02-01,132.2900,133.1400,132.1300,132.4700,102.9183,166234500
2012-02-02,132.7300,133.0200,132.2100,132.6800,103.0814,113090400
2012-02-03,134.0000,134.6200,133.7700,134.5400,104.5265,160598500
2012-02-06,133.9800,134.5100,133.8300,134.4500,104.4566,107694500
2012-02-07,134.1700,135.0200,133.6400,134.7900,104.7207,135528100
2012-02-08,134.8600,135.2200,134.3100,135.1900,105.0315,139361400
2012-02-09,135.4100,135.5900,134.5600,135.3600,105.1636,148602900
2012-02-10,134.1600,134.4700,133.8400,134.3600,104.3867,167907500
2012-02-13,135.3200,135.5200,134.7400,135.3600,105.1636,115841900
2012-02-14,135.0000,135.2700,134.2500,135.1900,105.0315,165329500
2012-02-15,135.6300,135.8300,134.2900,134.5600,104.5421,195195100
2012-02-16,134.5700,136.1700,134.3300,136.0500,105.6997,186567800
2012-02-17,136.5200,136.6300,135.9600,136.4100,105.9794,129869400
2012-02-21,136.7300,137.0500,136.0500,136.4700,106.0260,134042300
2012-02-22,136.2600,136.5500,135.7900,136.0300,105.6841,124455300
2012-02-23,135.9600,136.7300,135.5000,136.6300,106.1503,137704300
2012-02-24,136.9300,137.2000,136.6300,136.9300,106.3833,105539100
2012-02-27,136.0200,137.5300,135.8000,137.1600,106.5621,145728900
2012-02-28,137.2000,137.7200,136.9300,137.5600,106.8728,129355900
2012-02-29,137.7600,138.1900,136.5400,137.0200,106.4533,185934700
2012-03-01,137.3100,137.9900,136.9300,137.7300,107.0049,145023500
2012-03-02,137.6400,137.8200,137.0000,137.3100,106.6786,120638300
2012-03-05,137.1000,137.2000,136.2800,136.7500,106.2435,140765000
2012-03-06,135.3500,135.4300,134.3600,134.7500,104.6897,202129900
2012-03-07,135.0600,135.9100,134.9300,135.6900,105.4200,143692200
2012-03-08,136.5200,137.3200,136.2400,137.0400,106.4688,116968900
2012-03-09,137.3000,137.9300,137.1300,137.5700,106.8806,122836800
2012-03-12,137.5500,137.7600,137.0900,137.5800,106.8884,104003500
2012-03-13,138.3200,140.1300,138.0900,140.0600,108.8151,184090500
2012-03-14,140.1000,140.4500,139.4800,139.9100,108.6985,145163600
2012-03-15,140.1200,140.7800,139.7600,140.7200,109.3279,165118500
2012-03-16,140.3600,140.4800,140.0000,140.3000,109.4793,152893500
2012-03-19,140.2100,141.2800,140.1100,140.8500,109.9084,125291100
2012-03-20,140.0500,140.6100,139.6400,140.4400,109.5885,121729700
2012-03-21,140.5200,140.6500,139.9200,140.2100,109.4090,122388400
2012-03-22,139.1800,139.5500,138.7400,139.2000,108.6209,135216700
2012-03-23,139.3200,139.8100,138.5500,139.6500,108.9720,120521000
2012-03-26,140.6500,141.6100,140.6000,141.6100,110.5015,120164000
2012-03-27,141.7400,141.8300,141.0800,141.1700,110.1581,119868500
2012-03-28,141.1000,141.3200,139.6400,140.4700,109.6119,148562100
2012-03-29,139.6400,140.4900,139.0900,140.2300,109.4246,164963700
2012-03-30,140.9200,141.0500,140.0500,140.8100,109.8772,135486800
2012-04-02,140.6400,142.2100,140.3600,141.8400,110.6809,151741100
2012-04-03,141.6400,141.8800,140.4300,141.2600,110.2284,155806700
2012-04-04,140.2200,140.3400,139.3400,139.8600,109.1359,146896000
2012-04-05,139.3800,140.2000,139.2600,139.7900,109.0813,137439400
2012-04-09,138.0300,139.8400,137.8400,138.2200,107.8562,127555900
2012-04-10,137.9500,138.3400,135.7600,135.9000,106.0458,235360300
2012-04-11,137.2900,137.5400,136.7500,137.0000,106.9042,154133000
2012-04-12,137.1300,138.9000,137.0300,138.7900,108.3010,154321500
2012-04-13,138.4700,138.8200,137.0100,137.1400,107.0134,169246700
2012-04-16,137.8400,138.0400,136.5800,137.0500,106.9432,147825300
2012-04-17,137.8400,139.3600,137.7000,139.0800,108.5273,147877600
2012-04-18,138.4600,139.0800,138.3800,138.6100,108.1605,123884200
2012-04-19,138.6300,139.1500,137.0700,137.7200,107.4660,198666700
2012-04-20,138.3300,138.8300,137.8700,137.9500,107.6455,143199600
2012-04-23,136.5400,136.9100,135.9400,136.7900,106.7403,171844900
2012-04-24,136.9100,137.6600,136.8000,137.3100,107.1461,137484200
2012-04-25,138.6500,139.2500,138.5300,139.1900,108.6131,150252200
2012-04-26,138.8900,140.3200,138.8100,140.1600,109.3700,136291600
2012-04-27,140.5800,140.7900,139.8000,140.3900,109.5495,130725000
2012-04-30,140.1100,140.2100,139.4900,139.8700,109.1437,115092200
2012-05-01,139.7900,141.6600,139.6300,140.7400,109.8226,138832200
2012-05-02,139.9200,140.4600,139.4600,140.3200,109.4948,121081000
2012-05-03,140.3400,140.4500,138.9900,139.2500,108.6599,143759700
2012-05-04,138.5200,139.3000,136.9200,137.0000,106.9042,193927300
2012-05-07,136.5100,137.5600,136.4600,137.1000,106.9822,127765900
2012-05-08,136.2800,136.7700,134.9200,136.5500,106.5531,213377700
2012-05-09,135.1000,136.6100,134.4900,135.7400,105.9210,220752500
2012-05-10,136.6800,136.8500,135.7100,136.0200,106.1395,150600000
2012-05-11,135.1700,136.8700,135.1100,135.6100,105.8195,153032400
2012-05-14,134.3100,135.6100,133.9100,134.1100,104.6491,163910000
2012-05-15,134.0200,134.8100,133.1300,133.3400,104.0482,207629300
2012-05-16,133.9400,134.5500,132.8000,132.8300,103.6502,207265500
2012-05-17,132.8600,133.0200,130.7900,130.8600,102.1130,247992900
2012-05-18,131.3700,131.6000,129.5500,129.7400,101.2391,319615900
2012-05-21,130.1600,132.0200,129.9500,131.9700,102.9792,177861100
2012-05-22,132.3100,133.2300,131.3400,132.2000,103.1586,197531200
2012-05-23,131.2500,132.4600,129.9900,132.2700,103.2133,204958400
2012-05-24,132.6300,132.8400,131.4200,132.5300,103.4161,167357600
2012-05-25,132.4800,132.8500,131.7800,132.1000,103.0806,135465600
2012-05-29,133.1600,133.9300,131.1700,133.7000,104.3291,152883500
2012-05-30,132.5600,133.6900,131.4900,131.7600,102.8153,162370400
2012-05-31,131.7100,132.4500,130.3400,131.4700,102.5890,196186000
2012-06-01,129.4100,131.5000,128.1600,128.1600,100.0061,253240900
2012-06-04,128.3900,128.7400,127.1400,128.1000,99.9593,202545800
2012-06-05,127.8500,129.2600,127.7800,129.0700,100.7163,164149400
2012-06-06,129.9700,132.0300,129.9300,131.9700,102.9792,184202800
2012-06-07,133.4700,133.5300,131.7800,132.0500,103.0416,184772700
2012-06-08,131.7100,133.1300,131.2900,133.1000,103.8609,143915400
2012-06-11,134.1700,134.2500,131.2800,131.4100,102.5422,169756100
2012-06-12,131.7900,133.0100,131.1600,132.9200,103.7205,181931800
2012-06-13,132.5300,133.3600,131.6200,132.0700,103.0572,172223900
2012-06-14,132.3400,134.0000,131.9800,133.4700,104.1496,230615500
2012-06-15,133.3800,134.2600,133.1000,134.1400,105.2148,169444500
2012-06-18,133.5800,134.7300,133.2800,134.4000,105.4188,131360900
2012-06-19,135.0800,136.2500,134.3700,135.7000,106.4384,137382600
2012-06-20,135.7100,136.1000,134.2700,135.4800,106.2658,206451800
2012-06-21,135.6400,135.7800,132.3300,132.4400,103.8814,205272200
2012-06-22,133.1300,133.7100,132.6200,133.4600,104.6814,130029200
2012-06-25,132.0500,132.1000,130.8500,131.3200,103.0029,146375700
2012-06-26,131.7000,132.3800,130.9300,131.9800,103.5206,141634000
2012-06-27,132.4200,133.4300,131.9700,133.1700,104.4540,108088000
2012-06-28,132.2900,132.9900,131.2800,132.7900,104.1559,169242100
2012-06-29,135.2000,136.2700,134.8500,136.1000,106.7522,212250900
2012-07-02,136.4800,136.6500,135.5200,136.5100,107.0737,129524500
2012-07-03,136.4800,137.5100,136.3400,137.4100,107.7797,80450000
2012-07-05,136.9000,137.8000,136.2900,136.7900,107.2934,126177500
2012-07-06,135.4700,135.7700,134.8500,135.4900,106.2737,151192100
2012-07-09,135.3800,135.5700,134.7000,135.3200,106.1404,103780500
2012-07-10,136.0100,136.2300,133.6800,134.1400,105.2148,167884800
2012-07-11,134.2100,134.6000,133.3800,134.1600,105.2305,141733400
2012-07-12,133.3800,134.2300,132.6000,133.5100,104.7207,143583200
2012-07-13,133.8600,135.8900,133.8400,135.7500,106.4776,129642600
2012-07-16,135.4400,135.8300,134.9000,135.4300,106.2266,97525200
2012-07-17,135.9700,136.6400,134.5500,136.3600,106.9561,138860300
2012-07-18,136.0400,137.6400,135.9600,137.3700,107.7483,113349700
2012-07-19,137.6500,138.1800,137.2100,137.7300,108.0307,129847300
2012-07-20,136.9500,137.1600,136.3200,136.4700,107.0424,142904500
2012-07-23,134.4700,136.3800,133.8400,135.0900,105.9599,145210900
2012-07-24,135.1900,135.2500,133.0300,133.9300,105.0501,173301200
2012-07-25,134.2100,134.5600,133.2500,133.9600,105.0736,129122300
2012-07-26,135.8900,136.4600,135.2600,136.1700,106.8071,156526500
2012-07-27,136.8900,139.0700,136.1400,138.6800,108.7758,236768900
2012-07-30,138.5200,139.3400,138.2700,138.6800,108.7758,106782000
2012-07-31,138.4900,138.8700,137.7100,137.7100,108.0150,120575900
2012-08-01,138.7000,138.7300,137.4000,137.5900,107.9208,138293800
2012-08-02,136.5500,137.5700,135.5800,136.6400,107.1758,199556600
2012-08-03,138.5600,139.6400,136.6800,139.3500,109.3014,157825000
2012-08-06,139.7200,140.1700,139.5600,139.6200,109.5131,86326200
2012-08-07,140.1800,140.9200,140.0300,140.3200,110.0622,109545100
2012-08-08,139.8500,140.6500,139.8100,140.4900,110.1956,89754700
2012-08-09,140.2900,140.8900,140.1500,140.6100,110.2897,90291700
2012-08-10,140.0400,140.8900,139.8100,140.8400,110.4701,99792700
2012-08-13,140.6000,140.8400,140.0400,140.7700,110.4151,79426900
2012-08-14,141.2900,141.3800,140.3700,140.7900,110.4308,102379400
2012-08-15,140.6400,141.1900,140.5500,140.9500,110.5564,71085900
2012-08-16,141.1500,142.1600,140.8000,141.9900,111.3721,112014200
2012-08-17,142.2300,142.3000,141.8600,142.1800,111.5211,90813700
2012-08-20,141.9800,142.2200,141.5900,142.1900,111.5290,78255700
2012-08-21,142.5400,143.0900,141.4500,141.7600,111.1917,105581100
2012-08-22,141.4000,142.0500,141.0700,141.8200,111.2388,133243500
2012-08-23,141.4700,141.4800,140.4400,140.6600,110.3289,111466400
2012-08-24,140.3100,141.8300,140.2200,141.5100,110.9956,99481200
2012-08-27,141.8900,142.0800,141.3400,141.5400,111.0191,68785900
2012-08-28,141.1800,141.8400,140.9700,141.4000,110.9093,75689600
2012-08-29,141.5200,141.8900,141.1200,141.5100,110.9956,65421300
2012-08-30,140.9000,140.9400,140.1900,140.4900,110.1956,96589900
2012-08-31,141.2900,141.8200,140.3600,141.1600,110.7211,151970400
2012-09-04,141.0400,141.4600,140.1300,141.0300,110.6191,120226200
2012-09-05,141.0900,141.4700,140.6300,140.9100,110.5250,100660300
2012-09-06,141.7600,143.7800,141.7500,143.7700,112.7683,158272500
2012-09-07,144.0100,144.3900,143.8800,144.3300,113.2075,107272100
2012-09-10,144.1900,144.4400,143.4600,143.5100,112.5643,86458500
2012-09-11,143.6000,144.3700,143.5600,143.9100,112.8781,88760000
2012-09-12,144.3900,144.5500,143.9000,144.3900,113.2545,87640900
2012-09-13,144.3700,147.0400,143.9900,146.5900,114.9802,225470200
2012-09-14,146.8800,148.1100,146.7600,147.2400,115.4900,169777000
2012-09-17,146.9400,147.1900,146.3700,146.7400,115.0979,119427800
2012-09-18,146.4900,146.8100,146.2500,146.6200,115.0037,98326600
2012-09-19,146.7900,147.1700,146.4100,146.7000,115.0664,128318300
2012-09-20,146.0300,146.7900,145.6300,146.7100,115.0743,154009800
2012-09-21,146.6400,146.6700,145.8100,145.8700,115.0262,108737500
2012-09-24,145.1500,145.9800,145.0400,145.6500,114.8527,95682000
2012-09-25,145.9600,146.2400,144.0600,144.1000,113.6304,133165200
2012-09-26,144.0700,144.1100,142.9500,143.2900,112.9917,146502200
2012-09-27,143.8900,144.9700,143.5100,144.6400,114.0563,111830300
2012-09-28,144.0900,144.5600,143.4600,143.9700,113.5279,150696100
2012-10-01,144.5200,145.6900,144.0100,144.3500,113.8276,135911200
2012-10-02,144.9200,145.1500,143.8300,144.5000,113.9459,113422200
2012-10-03,144.8900,145.4300,144.1300,145.0900,114.4111,121283100
2012-10-04,145.6400,146.3400,145.4400,146.1300,115.2312,124311600
2012-10-05,146.9100,147.1600,145.7000,146.1400,115.2391,124842100
2012-10-08,145.6000,146.1200,145.3100,145.6400,114.8448,78415400
2012-10-09,145.5300,145.6500,144.1500,144.2000,113.7093,148872900
2012-10-10,144.1800,144.3200,143.0900,143.2800,112.9838,124247500
2012-10-11,144.2800,144.4900,143.3300,143.3600,113.0470,123601500
2012-10-12,143.4600,143.9500,142.5800,142.8900,112.6763,124181900
2012-10-15,143.2300,144.2300,142.7700,144.0800,113.6147,107689100
2012-10-16,144.7600,145.6400,144.6600,145.5400,114.7659,108815500
2012-10-17,145.6400,146.3200,145.4200,146.2000,115.2864,128834100
2012-10-18,145.8200,146.5200,145.3300,145.8200,114.9868,148108500
2012-10-19,145.5500,145.5600,143.0500,143.3900,113.0706,185645200
2012-10-22,143.1500,143.6700,142.2800,143.4100,113.0864,125578600
2012-10-23,141.8600,142.0600,140.8300,141.4200,111.5171,192056300
2012-10-24,141.9300,142.1000,140.8000,141.0200,111.2017,120179400
2012-10-25,142.0200,142.2800,140.5700,141.4300,111.5250,134457400
2012-10-26,141.3000,141.8400,140.3900,141.3500,111.4619,146023500
2012-10-31,141.8500,142.0300,140.6800,141.3500,111.4619,103438500
2012-11-01,141.6500,143.0100,141.5200,142.8300,112.6290,100995600
2012-11-02,143.6800,143.7200,141.4100,141.5600,111.6275,137702200
2012-11-05,141.3500,142.1700,140.9300,141.8500,111.8562,98378500
2012-11-06,142.2800,143.5200,142.1300,142.9600,112.7315,107068100
2012-11-07,141.6600,141.6800,139.0600,139.7200,110.1766,264304500
2012-11-08,139.7000,140.4100,137.9300,138.0400,108.8518,181517300
2012-11-09,137.6200,139.4400,137.5500,138.1600,108.9465,201055300
2012-11-12,138.5900,138.8100,137.9600,138.2700,109.0332,97677500
2012-11-13,137.5400,139.2500,137.3600,137.7900,108.6547,123018300
2012-11-14,138.2100,138.4300,135.6200,135.9300,107.1880,191505000
2012-11-15,135.9800,136.4900,135.1800,135.7000,107.0066,178128400
2012-11-16,135.9000,136.6400,134.7000,136.3700,107.5349,239483900
2012-11-19,137.9000,139.1500,136.4100,139.1300,109.7114,151495800
2012-11-20,138.9100,139.4200,138.0800,139.1900,109.7587,119807400
2012-11-21,139.3100,139.5700,139.0300,139.4500,109.9637,81710800
2012-11-23,140.1300,141.4000,140.0400,141.3500,111.4619,65409200
2012-11-26,140.6500,141.3600,140.1900,141.0500,111.2254,100124400
2012-11-27,140.9100,141.3900,140.2400,140.3300,110.6576,128646200
2012-11-28,139.7600,141.5400,139.0000,141.4600,111.5487,177086500
2012-11-29,141.9900,142.5100,141.3700,142.1200,112.0691,151085900
2012-11-30,142.1400,142.4200,141.6600,142.1500,112.0928,136568300
2012-12-03,142.8000,142.9200,141.3400,141.4500,111.5408,124656300
2012-12-04,141.4400,141.8700,140.8700,141.2500,111.3831,127512200
2012-12-05,141.3700,142.1600,140.3700,141.5000,111.5802,147300500
2012-12-06,141.3700,142.0400,141.1600,141.9800,111.9587,103220600
2012-12-07,142.5300,142.6900,141.6700,142.4100,112.2978,108726400
2012-12-10,142.2100,142.8100,142.1500,142.4700,112.3451,98840700
2012-12-11,143.0600,144.1100,142.9900,143.4400,113.1100,152570400
2012-12-12,144.0000,144.5500,143.3100,143.5100,113.1652,145880100
2012-12-13,143.4200,143.8300,142.2700,142.6300,112.4713,135715000
2012-12-14,142.3200,142.5800,141.8800,142.1000,112.0533,137701700
2012-12-17,142.4700,143.8500,142.4300,143.7700,113.3702,143238200
2012-12-18,144.0000,145.5000,143.7900,145.3700,114.6319,177762800
2012-12-19,145.5300,145.5800,144.2400,144.2900,113.7803,150895400
2012-12-20,144.3800,145.1400,143.9800,145.1200,114.4348,168487000
2012-12-21,142.1700,144.0900,141.9400,142.7900,113.3960,245883800
2012-12-24,142.4800,142.5600,142.1900,142.3500,113.0466,53874600
2012-12-26,142.6400,142.7100,141.3500,141.7500,112.5702,106947700
2012-12-27,141.7900,142.0800,139.9200,141.5600,112.4192,167920600
2012-12-28,140.6400,141.4200,139.8700,140.0300,111.2042,148806700
2012-12-31,139.6600,142.5600,139.5400,142.4100,113.0943,243935200
2013-01-02,145.1100,146.1500,144.7300,146.0600,115.9929,192059000
2013-01-03,145.9900,146.3700,145.3400,145.7300,115.7308,144761800
2013-01-04,145.9700,146.6100,145.6700,146.3700,116.2391,116817700
2013-01-07,145.8500,146.1100,145.4300,145.9700,115.9214,110002500
2013-01-08,145.7100,145.9100,144.9800,145.5500,115.5879,121265100
2013-01-09,145.8700,146.3200,145.6400,145.9200,115.8817,90745600
2013-01-10,146.7300,147.0900,145.9700,147.0800,116.8029,130735400
2013-01-11,147.0400,147.1500,146.6100,147.0700,116.7950,113917300
2013-01-14,146.8900,147.0700,146.4300,146.9700,116.7156,89567200
2013-01-15,146.2900,147.2100,146.2000,147.0700,116.7950,93172600
2013-01-16,146.7700,147.2800,146.6100,147.0500,116.7791,104849500
2013-01-17,147.7000,148.4200,147.1500,148.0000,117.5335,133833500
2013-01-18,147.9700,148.4900,147.4300,148.3300,117.7956,169906000
2013-01-22,148.3300,149.1300,147.9800,149.1300,118.4309,111797300
2013-01-23,149.1300,149.5000,148.8600,149.3700,118.6215,104596100
2013-01-24,149.1500,150.1400,149.0100,149.4100,118.6532,146426400
2013-01-25,149.8800,150.2500,149.3700,150.2500,119.3204,147211600
2013-01-28,150.2900,150.3300,149.5100,150.0700,119.1774,113357700
2013-01-29,149.7700,150.8500,149.6700,150.6600,119.6459,105694400
2013-01-30,150.6400,150.9400,149.9300,150.0700,119.1774,137447700
2013-01-31,149.8900,150.3800,149.6000,149.7000,118.8836,108975800
2013-02-01,150.6500,151.4200,150.3900,151.2400,120.1066,131173000
2013-02-04,150.3200,151.2700,149.4300,149.5400,118.7565,159073600
2013-02-05,150.3500,151.4800,150.2900,151.0500,119.9557,113912400
2013-02-06,150.5200,151.2600,150.4100,151.1600,120.0431,138762800
2013-02-07,151.2100,151.3500,149.8600,150.9600,119.8842,162490000
2013-02-08,151.2200,151.8900,151.2200,151.8000,120.5513,103133700
2013-02-11,151.7400,151.9000,151.3900,151.7700,120.5275,73775000
2013-02-12,151.7800,152.3000,151.6100,152.0200,120.7260,65392700
2013-02-13,152.3300,152.6100,151.7200,152.1500,120.8293,82322600
2013-02-14,151.6900,152.4700,151.5200,152.2900,120.9404,80834300
2013-02-15,152.4300,152.5900,151.5500,152.1100,120.7975,215226500
2013-02-19,152.3700,153.2800,152.1600,153.2500,121.7028,95105400
2013-02-20,153.1400,153.1900,151.2600,151.3400,120.1860,160574800
2013-02-21,150.9600,151.4200,149.9400,150.4200,119.4554,183257000
2013-02-22,151.1500,151.8900,150.4900,151.8900,120.6227,106356600
2013-02-25,152.6300,152.8600,149.0000,149.0000,118.3277,245824800
2013-02-26,149.7200,150.2000,148.7300,150.0200,119.1377,186596200
2013-02-27,149.8900,152.3300,149.7600,151.9100,120.6386,150781900
2013-02-28,151.9000,152.8700,151.4100,151.6100,120.4004,126866000
2013-03-01,151.0900,152.3400,150.4100,152.1100,120.7975,170634800
2013-03-04,151.7600,152.9200,151.5200,152.9200,121.4407,99010200
2013-03-05,153.6600,154.7000,153.6400,154.2900,122.5287,121431900
2013-03-06,154.8400,154.9200,154.1600,154.5000,122.6954,94469900
2013-03-07,154.7000,154.9800,154.5200,154.7800,122.9178,86101400
2013-03-08,155.4600,155.6500,154.6600,155.4400,123.4420,123477800
2013-03-11,155.3200,156.0400,155.1300,156.0300,123.9105,83746800
2013-03-12,155.9200,156.1000,155.2100,155.6800,123.6326,105755800
2013-03-13,155.7600,156.1200,155.2300,155.9000,123.8073,92550900
2013-03-14,156.3100,156.8000,155.9100,156.7300,124.4664,126329900
2013-03-15,155.8500,156.0400,155.3100,155.8300,124.3021,138601100
2013-03-18,154.3400,155.6400,154.2000,154.9700,123.6161,126704300
2013-03-19,155.3000,155.5100,153.5900,154.6100,123.3289,167567300
2013-03-20,155.5200,155.9500,155.2600,155.6900,124.1904,113759300
2013-03-21,154.7600,155.6400,154.1000,154.3600,123.1295,128605000
2013-03-22,154.8500,155.6000,154.7300,155.6000,124.1186,111163600
2013-03-25,156.0100,156.2700,154.3500,154.9500,123.6001,151322300
2013-03-26,155.5900,156.2300,155.4200,156.1900,124.5893,86856600
2013-03-27,155.2600,156.2400,155.0000,156.1900,124.5893,99950600
2013-03-28,156.0900,156.8500,155.7500,156.6700,124.9721,102932800
2013-04-01,156.5900,156.9100,155.6700,156.0500,124.4776,99194100
2013-04-02,156.6100,157.2100,156.3700,156.8200,125.0918,101504300
2013-04-03,156.9100,157.0300,154.8200,155.2300,123.8235,154167400
2013-04-04,155.4300,156.1700,155.0900,155.8600,124.3260,131885000
2013-04-05,153.9500,155.3500,153.7700,155.1600,123.7677,159666000
2013-04-08,155.2700,156.2200,154.7500,156.2100,124.6052,86571200
2013-04-09,156.5000,157.3200,155.9800,156.7500,125.0360,101922200
2013-04-10,157.1700,158.8700,157.1300,158.6700,126.5675,135711100
2013-04-11,158.7000,159.7100,158.5400,159.1900,126.9823,110142500
2013-04-12,158.6800,159.0400,157.9200,158.8000,126.6712,116359900
2013-04-15,158.0000,158.1300,155.1000,155.1200,123.7357,217259000
2013-04-16,156.2900,157.4900,155.9100,157.4100,125.5624,147507800
2013-04-17,156.2900,156.3200,154.2800,155.1100,123.7278,226834800
2013-04-18,155.3700,155.4100,153.5500,154.1400,122.9541,167583200
2013-04-19,154.5000,155.5500,154.1200,155.4800,124.0229,149687600
2013-04-22,155.7800,156.5400,154.7500,156.1700,124.5733,106553500
2013-04-23,156.9500,157.9300,156.1700,157.7800,125.8576,166141300
2013-04-24,157.8300,158.3000,157.5400,157.8800,125.9373,96781200
2013-04-25,158.3400,159.2700,158.1000,158.5200,126.4479,131060600
2013-04-26,158.3300,158.6000,157.7300,158.2400,126.2245,95918800
2013-04-29,158.6700,159.6500,158.4200,159.3000,127.0701,88572800
2013-04-30,159.2700,159.7200,158.6100,159.6800,127.3731,116010700
2013-05-01,159.3300,159.4100,158.1000,158.2800,126.2564,138874200
2013-05-02,158.6800,159.8900,158.5300,159.7500,127.4290,96407600
2013-05-03,161.1400,161.8800,159.7800,161.3700,128.7213,144202300
2013-05-06,161.4900,162.0100,161.4200,161.7800,129.0482,66882100
2013-05-07,162.1300,162.6500,161.6700,162.6000,129.7024,90359200
2013-05-08,162.4200,163.3900,162.3300,163.3400,130.2926,97419200
2013-05-09,163.2700,163.7000,162.4700,162.8800,129.9257,106738600
2013-05-10,162.9900,163.5500,162.5100,163.4100,130.3485,103203000
2013-05-13,163.2000,163.8100,162.8200,163.5400,130.4522,81843200
2013-05-14,163.6700,165.3500,163.6700,165.2300,131.8002,119000900
2013-05-15,164.9600,166.4500,164.9100,166.1200,132.5102,120718500
2013-05-16,165.7800,166.3600,165.0900,165.3400,131.8880,109913600
2013-05-17,165.9500,167.0400,165.7300,166.9400,133.1643,129801000
2013-05-20,166.7800,167.5800,166.6100,166.9300,133.1564,85071200
2013-05-21,167.0800,167.8000,166.5000,167.1700,133.3478,95804200
2013-05-22,167.3400,169.0700,165.1700,165.9300,132.3587,244031800
2013-05-23,164.1600,165.9100,163.9400,165.4500,131.9758,211064400
2013-05-24,164.4700,165.3800,163.9800,165.3100,131.8641,151573900
2013-05-28,167.0400,167.7800,165.8100,166.3000,132.6538,143679800
2013-05-29,165.4200,165.8000,164.3400,165.2200,131.7923,160363400
2013-05-30,165.3500,166.5900,165.2200,165.8300,132.2789,107793800
2013-05-31,165.3700,166.3100,163.1300,163.4500,130.3804,176850100
2013-06-03,163.8300,164.4600,162.6600,164.3500,131.0982,168390700
2013-06-04,164.4400,165.1000,162.7300,163.5600,130.4682,157631500
2013-06-05,163.0900,163.4200,161.1300,161.2700,128.6415,211737800
2013-06-06,161.2000,162.7400,160.2500,162.7300,129.8061,200225500
2013-06-07,163.8500,164.9500,163.1400,164.8000,131.4572,188337800
2013-06-10,165.3100,165.4000,164.3700,164.8000,131.4572,105667100
2013-06-11,163.3000,164.5400,162.7400,163.1000,130.1012,159505400
2013-06-12,164.2200,164.3900,161.6000,161.7500,129.0243,177361500
2013-06-13,161.6600,164.5000,161.3000,164.2100,130.9866,163587800
2013-06-14,164.0300,164.6700,162.9100,163.1800,130.1650,141197500
2013-06-17,164.2900,165.2200,163.2200,164.4400,131.1701,136295600
2013-06-18,164.5300,165.9900,164.5200,165.7400,132.2071,114695600
2013-06-19,165.6000,165.8900,163.3800,163.4500,130.3804,206149500
2013-06-20,161.8600,163.4700,158.9800,159.4000,127.1498,321255900
2013-06-21,159.6400,159.7600,157.4700,159.0700,127.5580,271956800
2013-06-24,157.4100,158.4300,155.7300,157.0600,125.9462,222329000
2013-06-25,158.4800,160.1000,157.4200,158.5700,127.1570,162262200
2013-06-26,159.8700,160.5000,159.2500,160.1400,128.4160,134848000
2013-06-27,161.1000,161.8200,160.9500,161.0800,129.1698,129483700
2013-06-28,160.6300,161.4000,159.8600,160.4200,128.6405,160402900
2013-07-01,161.2600,162.4800,161.0800,161.3600,129.3943,131954800
2013-07-02,161.1200,162.3000,160.5000,161.2100,129.2740,154863700
2013-07-03,160.4800,161.7700,160.2200,161.2800,129.3301,75216400
2013-07-05,162.4700,163.0800,161.3000,163.0200,130.7255,122416900
2013-07-08,163.8600,164.3900,163.0800,163.9500,131.4713,108092500
2013-07-09,164.9800,165.3300,164.2700,165.1300,132.4175,119298000
2013-07-10,164.9700,165.7500,164.6300,165.1900,132.4657,121410100
2013-07-11,167.1100,167.6100,165.1800,167.4400,134.2699,135592200
2013-07-12,167.3900,167.9300,167.1300,167.5100,134.3260,104212700
2013-07-15,167.9700,168.3900,167.6800,168.1500,134.8392,69450600
2013-07-16,168.2600,168.3600,167.0700,167.5200,134.3340,88702100
2013-07-17,168.1600,168.4800,167.7300,167.9500,134.6789,92873900
2013-07-18,168.3100,169.2700,168.2000,168.8700,135.4166,103620100
2013-07-19,168.5200,169.2300,168.3100,169.1700,135.6572,103831700
2013-07-22,169.4100,169.7400,169.0100,169.5000,135.9218,79428600
2013-07-23,169.8000,169.8300,169.0500,169.1400,135.6331,80829700
2013-07-24,169.7900,169.8600,168.1800,168.5200,135.1359,112914000
2013-07-25,168.2200,169.0800,167.9400,168.9300,135.4647,111088600
2013-07-26,168.2200,169.1600,167.5200,169.1100,135.6090,107814600
2013-07-29,168.6800,169.0600,168.1100,168.5900,135.1920,79695000
2013-07-30,169.1000,169.2800,168.1900,168.5900,135.1920,85209600
2013-07-31,168.9400,169.8500,168.4900,168.7100,135.2883,142388700
2013-08-01,169.9900,170.8100,169.9000,170.6600,136.8520,110438400
2013-08-02,170.2800,170.9700,170.0500,170.9500,137.0845,91116700
2013-08-05,170.5700,170.9600,170.3500,170.7000,136.8841,54072700
2013-08-06,170.3700,170.7400,169.3500,169.7300,136.1062,87495000
2013-08-07,169.1900,169.4300,168.5500,169.1800,135.6651,84854700
2013-08-08,169.9800,170.1800,168.9300,169.8000,136.1624,102181300
2013-08-09,169.5800,170.1000,168.7200,169.3100,135.7694,91757700
2013-08-12,168.4600,169.3100,168.3800,169.1100,135.6090,68593300
2013-08-13,169.4100,169.9000,168.4100,169.6100,136.0100,80806000
2013-08-14,169.5300,169.8000,168.7000,168.7400,135.3123,79829200
2013-08-15,167.4100,167.4300,166.0900,166.3800,133.4198,152931800
2013-08-16,166.0600,166.6300,165.5000,165.8300,132.9789,130868200
2013-08-19,165.6400,166.2100,164.7600,164.7700,132.1288,96437600
2013-08-20,165.0400,166.2000,164.8600,165.5800,132.7783,89294400
2013-08-21,165.1200,166.0300,164.1900,164.5600,131.9604,159530500
2013-08-22,164.9000,166.3000,164.8900,166.0600,133.1633,101471400
2013-08-23,166.5500,166.8300,165.7700,166.6200,133.6123,90888900
2013-08-26,166.7900,167.3000,165.8900,166.0000,133.1151,89702100
2013-08-27,164.3600,166.0000,163.2100,163.3300,130.9741,158619400
2013-08-28,163.2600,164.4900,163.0500,163.9100,131.4392,108113000
2013-08-29,163.5500,165.0400,163.4000,164.1700,131.6476,119200500
2013-08-30,164.5100,164.5300,163.1700,163.6500,131.2307,134928900
2013-09-03,165.2300,165.5800,163.7000,164.3900,131.8240,142375100
2013-09-04,164.4300,166.0300,164.1300,165.7500,132.9146,97389400
2013-09-05,165.8500,166.4000,165.7300,165.9600,133.0830,63090500
2013-09-06,166.5100,166.9800,164.4800,166.0400,133.1472,159756500
2013-09-09,166.4500,167.7300,166.4500,167.6300,134.4222,87559300
2013-09-10,168.6400,168.9000,168.2600,168.8700,135.4166,105847200
2013-09-11,168.6400,169.4000,168.3500,169.4000,135.8416,94545900
2013-09-12,169.3400,169.5600,168.7200,168.9500,135.4807,83209000
2013-09-13,169.1300,169.4600,168.7400,169.3300,135.7855,72727800
2013-09-16,171.1600,171.2400,170.0400,170.3100,136.5713,106299200
2013-09-17,170.4600,171.1100,170.4600,171.0700,137.1808,82523300
2013-09-18,171.0100,173.5200,170.5800,173.0500,138.7685,203460600
2013-09-19,173.5200,173.6000,172.5900,172.7600,138.5360,146616900
2013-09-20,172.3300,172.3300,170.5800,170.7200,137.5674,132867100
2013-09-23,170.4900,170.6500,169.3900,169.9300,136.9308,104616500
2013-09-24,169.9000,170.5300,169.2100,169.5300,136.6085,106333100
2013-09-25,169.6400,169.9800,168.8900,169.0400,136.2136,117306500
2013-09-26,169.3200,170.1700,169.0500,169.6900,136.7375,77146900
2013-09-27,168.8400,169.1400,168.4700,168.9100,136.1089,99141800
2013-09-30,167.4800,168.5400,167.1500,168.0100,135.3836,143937000
2013-10-01,168.1400,169.5000,167.9700,169.3400,136.4553,127160000
2013-10-02,168.3500,169.3400,167.8300,169.1800,136.3264,113350000
2013-10-03,168.7900,168.9400,166.8400,167.6200,135.0694,176698000
2013-10-04,167.7500,169.0600,167.5300,168.8900,136.0928,96878000
2013-10-07,167.4200,168.4500,167.2500,167.4300,134.9163,96295000
2013-10-08,167.4000,167.6200,165.3600,165.4800,133.3449,178015000
2013-10-09,165.8000,166.2000,164.5300,165.6000,133.4417,168973000
2013-10-10,167.2900,169.2600,167.2300,169.1700,136.3184,195955000
2013-10-11,168.9100,170.3200,168.7700,170.2600,137.1967,105040000
2013-10-14,169.2100,171.0800,169.0800,170.9400,137.7446,112106000
2013-10-15,170.5100,171.1500,169.4700,169.7000,136.7454,155485000
2013-10-16,170.7200,172.1600,170.6400,172.0700,138.6552,161676000
2013-10-17,171.3700,173.3200,171.3400,173.2200,139.5819,129389000
2013-10-18,173.8600,174.5100,173.5100,174.3900,140.5247,138316000
2013-10-21,174.4500,174.7500,174.0100,174.4000,140.5328,104104000
2013-10-22,174.9100,175.9300,174.4300,175.4100,141.3467,126663000
2013-10-23,174.8100,174.8900,173.9600,174.5700,140.6698,105484000
2013-10-24,174.9200,175.3700,174.5100,175.1500,141.1371,70350000
2013-10-25,175.5100,176.0000,175.1700,175.9500,141.7818,93625000
2013-10-28,175.8900,176.4700,175.7000,176.2300,142.0074,84979000
2013-10-29,176.6300,177.2400,176.3800,177.1700,142.7648,87401000
2013-10-30,177.3800,177.5100,175.6600,176.2900,142.0557,140002000
2013-10-31,176.1500,176.8900,175.5300,175.7900,141.6528,133795000
2013-11-01,176.0200,176.6100,175.2200,176.2100,141.9913,142805000
2013-11-04,176.6900,176.9000,175.9800,176.8300,142.4909,85677000
2013-11-05,176.1400,176.7500,175.5700,176.2700,142.0396,85825000
2013-11-06,177.0300,177.5000,176.5400,177.1700,142.7648,87348000
2013-11-07,177.5000,177.6400,174.7600,174.9300,140.9599,157000000
2013-11-08,174.8700,177.3100,174.8500,177.2900,142.8616,136713000
2013-11-11,177.1200,177.5300,176.9100,177.3200,142.8857,62614000
2013-11-12,176.9400,177.3600,176.3700,176.9600,142.5956,83990000
2013-11-13,176.0900,178.4300,176.0900,178.3800,143.7399,103844000
2013-11-14,178.5400,179.4200,178.2500,179.2700,144.4571,103435000
2013-11-15,179.5600,180.1200,179.3300,180.0500,145.0855,102818000
2013-11-18,180.3500,180.5000,179.0200,179.4200,144.5779,104796000
2013-11-19,179.3300,179.8700,178.7200,179.0300,144.2636,93891000
2013-11-20,179.3900,179.9300,177.9800,178.4700,143.8124,124909000
2013-11-21,178.9700,180.0500,178.8600,179.9100,144.9728,92841000
2013-11-22,179.9800,180.8300,179.7700,180.8100,145.6980,81296000
2013-11-25,181.1300,181.1700,180.3700,180.6300,145.5530,79486000
2013-11-26,180.7200,181.2200,180.4100,180.6800,145.5932,86994000
2013-11-27,180.8700,181.2400,180.6500,181.1200,145.9478,58800000
2013-11-29,181.3200,181.7500,180.8000,181.0000,145.8511,55870900
2013-12-02,181.0900,181.4300,180.2500,180.5300,145.4724,99726000
2013-12-03,179.9400,180.3900,179.1700,179.7500,144.8439,116563000
2013-12-04,179.1000,180.4800,178.3500,179.7300,144.8277,123033000
2013-12-05,179.4100,179.7400,178.7700,178.9400,144.1911,106934000
2013-12-06,180.6700,181.1100,180.1500,180.9400,145.8027,127728000
2013-12-09,181.4700,181.6700,181.1600,181.4000,146.1734,70124000
2013-12-10,180.9800,181.3600,180.6400,180.7500,145.6496,80976000
2013-12-11,180.8200,180.8500,178.5000,178.7200,144.0138,130591000
2013-12-12,178.6400,178.8600,177.7600,178.1300,143.5384,115565000
2013-12-13,178.5000,178.6600,177.7700,178.1100,143.5223,107808000
2013-12-16,178.9500,179.8100,178.9000,179.2200,144.4167,96195000
2013-12-17,179.3800,179.4100,178.2500,178.6500,143.9574,89886000
2013-12-18,178.9200,181.7300,177.3200,181.7000,146.4151,234906000
2013-12-19,181.1800,181.7000,180.7100,181.4900,146.2460,136531200
2013-12-20,180.6900,181.9900,180.5700,181.5600,147.0966,197087000
2013-12-23,182.4500,182.6400,182.0700,182.5300,147.8825,85598000
2013-12-24,182.5400,183.0100,182.5300,182.9300,148.2066,45368800
2013-12-26,183.3400,183.9600,183.3200,183.8600,148.9600,63365000
2013-12-27,184.1000,184.1800,183.6600,183.8500,148.9520,61814000
2013-12-30,183.8700,184.0200,183.5800,183.8200,148.9276,56857000
2013-12-31,184.0700,184.6900,183.9300,184.6900,149.6325,86119900
2014-01-02,183.9800,184.0700,182.4800,182.9200,148.1985,119636900
2014-01-03,183.2300,183.6000,182.6300,182.8900,148.1742,81390600
2014-01-06,183.4900,183.5600,182.0800,182.3600,147.7448,108028200
2014-01-07,183.0900,183.7900,182.9500,183.4800,148.6522,86144200
2014-01-08,183.4500,183.8300,182.8900,183.5200,148.6846,96582300
2014-01-09,184.1100,184.1300,182.8000,183.6400,148.7818,90683400
2014-01-10,183.9500,184.2200,183.0100,184.1400,149.1869,102026400
2014-01-13,183.6700,184.1800,181.3400,181.6900,147.2020,149892000
2014-01-14,182.2900,183.7700,181.9500,183.6700,148.8061,105016100
2014-01-15,184.1000,184.9400,183.7100,184.6600,149.6082,98525800
2014-01-16,184.2800,184.6600,183.8300,184.4200,149.4137,72290600
2014-01-17,184.1000,184.4500,183.3200,183.6400,148.7818,107848700
2014-01-21,184.7000,184.7700,183.0500,184.1800,149.2193,88621200
2014-01-22,184.4900,184.5700,183.9100,184.3000,149.3165,61270900
2014-01-23,183.3700,183.4000,181.8200,182.7900,148.0931,132496900
2014-01-24,181.6000,181.6600,178.8300,178.8900,144.9334,208677100
2014-01-27,179.0600,179.5200,177.1200,178.0100,144.2205,180843100
2014-01-28,178.1400,179.3000,178.1200,179.0700,145.0793,110463200
2014-01-29,177.5800,178.5500,176.8800,177.3500,143.6858,216597300
2014-01-30,178.8300,179.8100,178.2600,179.2300,145.2089,118938100
2014-01-31,177.0100,179.2900,176.9200,178.1800,144.3582,194677900
2014-02-03,177.9700,178.3700,173.8300,174.1700,141.1094,254837100
2014-02-04,174.9500,175.8400,174.1100,175.3900,142.0978,165012400
2014-02-05,174.7800,175.5600,173.7100,175.1700,141.9196,164230500
2014-02-06,175.5800,177.4800,175.2200,177.4800,143.7911,132877600
2014-02-07,178.3100,179.8700,177.7300,179.6800,145.5735,170787200
2014-02-10,179.7000,180.0700,179.2100,180.0100,145.8408,92218800
2014-02-11,180.1600,182.4400,180.0400,181.9800,147.4369,117814100
2014-02-12,182.2500,182.8300,181.7100,182.0700,147.5098,94717700
2014-02-13,180.8400,183.2000,180.8300,183.0100,148.2714,100542200
2014-02-14,182.8400,184.3600,182.6700,184.0200,149.0897,96498400
2014-02-18,184.1800,184.4900,183.6500,184.2400,149.2679,80460900
2014-02-19,183.7600,184.9500,182.8700,183.0200,148.2795,126524300
2014-02-20,183.2700,184.5200,182.6000,184.1000,149.1545,104998100
2014-02-21,184.4500,184.8900,183.8000,183.8900,148.9844,118116400
2014-02-24,184.2800,186.1500,184.2000,184.9100,149.8108,114063900
2014-02-25,185.0600,185.5900,184.2300,184.8400,149.7541,117085000
2014-02-26,185.1100,185.6000,184.3300,184.8500,149.7621,98677200
2014-02-27,184.5800,185.8700,184.3700,185.8200,150.5480,93880800
2014-02-28,185.7900,187.1500,185.0500,186.2900,150.9288,150842000
2014-03-03,184.6500,185.4500,183.7500,184.9800,149.8675,167748500
2014-03-04,186.7900,187.9800,186.7500,187.5800,151.9739,167545900
2014-03-05,187.7400,188.0700,187.4500,187.7500,152.1116,88376900
2014-03-06,188.2100,188.6100,187.7800,188.1800,152.4600,82516500
2014-03-07,188.9600,188.9600,187.4300,188.2600,152.5248,114513500
2014-03-10,187.9700,188.2300,187.0800,188.1600,152.4439,74939200
2014-03-11,188.4400,188.7100,186.8000,187.2300,151.6904,99009100
2014-03-12,186.3200,187.3500,185.9000,187.2800,151.7309,104824400
2014-03-13,187.8400,187.9900,184.6600,185.1800,150.0295,155014300
2014-03-14,184.8500,185.8000,184.4400,184.6600,149.6082,153919600
2014-03-17,185.5900,186.7700,185.5100,186.3300,150.9612,98359500
2014-03-18,186.7100,187.9100,186.5100,187.6600,152.0387,101804600
2014-03-19,187.6800,187.9400,185.4700,186.6600,151.2286,176267300
2014-03-20,186.2500,187.8900,185.9200,187.7500,152.1116,117241000
2014-03-21,187.7100,189.0200,186.0300,186.2000,151.5217,163128000
2014-03-24,186.8400,187.0700,184.6200,185.4300,150.8950,121411000
2014-03-25,186.3700,186.9400,185.2700,186.3100,151.6113,103852000
2014-03-26,187.0400,187.3400,184.9200,184.9700,150.5208,119843000
2014-03-27,184.7500,185.3400,183.9000,184.5800,150.2034,142383000
2014-03-28,185.1100,186.4200,185.0000,185.4900,150.9439,101642000
2014-03-31,186.6700,187.3000,185.5200,187.0100,152.1808,99745000
2014-04-01,187.6200,188.3600,187.0000,188.2500,153.1899,89193000
2014-04-02,188.4900,189.1300,188.1400,188.8800,153.7026,78774000
2014-04-03,189.1700,189.2200,188.0500,188.6300,153.4991,77435000
2014-04-04,189.6600,189.7000,186.1000,186.4000,151.6844,169381000
2014-04-07,185.9500,186.2600,183.9600,184.3400,150.0081,140803000
2014-04-08,184.2600,185.4000,183.5900,185.1000,150.6265,112660000
2014-04-09,185.6000,187.1500,185.0600,187.0900,152.2459,100254000
2014-04-10,187.0800,187.1700,182.9300,183.1600,149.0478,172959000
2014-04-11,182.1400,183.4200,181.3100,181.5100,147.7052,167251000
2014-04-14,182.9300,183.3700,181.4400,182.9400,148.8688,132382000
2014-04-15,183.3200,184.3300,181.5100,184.2000,149.8942,157093000
2014-04-16,185.4700,186.1400,184.6500,186.1300,151.4647,105197000
2014-04-17,185.8800,186.9100,185.5600,186.3900,151.6763,105255000
2014-04-21,186.4400,187.1000,186.2100,187.0400,152.2052,68329000
2014-04-22,187.2300,188.4000,187.1300,187.8900,152.8969,85790000
2014-04-23,187.8200,187.9200,187.3000,187.4500,152.5388,73869000
2014-04-24,188.3700,188.3900,186.9300,187.8300,152.8481,88170000
2014-04-25,187.2200,187.3300,185.8700,186.2900,151.5949,100380000
2014-04-28,187.0500,187.6900,184.9600,186.8800,152.0750,135121000
2014-04-29,187.4800,188.0400,187.0800,187.7500,152.7830,84098000
2014-04-30,187.4400,188.5000,187.1800,188.3100,153.2387,101508000
2014-05-01,188.2200,188.8400,187.7300,188.3300,153.2550,93019000
2014-05-02,188.3100,189.1400,187.7800,188.0600,153.0353,98122000
2014-05-05,187.1400,188.5500,186.6200,188.4200,153.3282,75883000
2014-05-06,188.0000,188.1300,186.7400,186.7800,151.9936,85454000
2014-05-07,187.4100,187.9700,186.0100,187.8800,152.8888,106500000
2014-05-08,187.7100,189.0500,187.0800,187.6800,152.7261,93618000
2014-05-09,187.7100,188.0400,186.8300,187.9600,152.9539,83679000
2014-05-12,188.8000,189.8800,188.0000,189.7900,154.4430,86940000
2014-05-13,190.0400,190.4200,189.7700,189.9600,154.5814,66454000
2014-05-14,189.7900,189.8800,188.7900,189.0600,153.8491,72367000
2014-05-15,188.6800,188.7200,186.4800,187.4000,152.4982,154956000
2014-05-16,187.5100,188.1300,186.7200,188.0500,153.0271,97458000
2014-05-19,187.6900,188.8900,187.5200,188.7400,153.5886,63839000
2014-05-20,188.6500,188.6700,187.0700,187.5500,152.6203,111644000
2014-05-21,188.0900,189.2200,188.0600,189.1300,153.9060,89093000
2014-05-22,189.1800,189.9800,188.8600,189.5900,154.2803,61549000
2014-05-23,189.7600,190.4800,189.5900,190.3500,154.8988,61092800
2014-05-27,191.0600,191.5800,190.9500,191.5200,155.8509,72010000
2014-05-28,191.5200,191.8200,191.0600,191.3800,155.7370,66723000
2014-05-29,191.8200,192.4000,191.3300,192.3700,156.5426,64377000
2014-05-30,192.1900,192.8000,192.0300,192.6800,156.7948,76316000
2014-06-02,192.9500,192.9900,191.9700,192.9000,156.9739,64656000
2014-06-03,192.4300,192.9000,192.2500,192.8000,156.8925,65047000
2014-06-04,192.4700,193.3000,192.2700,193.1900,157.2098,55529000
2014-06-05,193.4100,194.6500,192.7000,194.4500,158.2352,92103000
2014-06-06,194.8700,195.4300,194.7800,195.3800,158.9920,78696000
2014-06-09,195.3500,196.0500,195.1700,195.5800,159.1547,65119000
2014-06-10,195.3400,195.6400,194.9200,195.6000,159.1710,57129000
2014-06-11,194.9000,195.1200,194.4800,194.9200,158.6176,68772000
2014-06-12,194.6900,194.8000,193.1100,193.5400,157.4946,106350000
2014-06-13,193.9200,194.3200,193.3000,194.1300,157.9748,82017000
2014-06-16,193.8900,194.7000,193.6600,194.2900,158.1049,87424000
2014-06-17,194.0200,194.9700,193.8100,194.8300,158.5444,84834000
2014-06-18,194.8300,196.3700,194.4000,196.2600,159.7081,105267000
2014-06-19,196.4300,196.6000,195.8000,196.4800,159.8871,85929000
2014-06-20,196.0300,196.1000,195.7000,195.9400,160.2117,100587000
2014-06-23,195.9900,196.0500,195.5200,195.8800,160.1627,70611000
2014-06-24,195.5300,196.5000,194.4800,194.7000,159.1978,96237000
2014-06-25,194.2900,195.7800,194.2500,195.5800,159.9173,82782000
2014-06-26,195.6100,195.6300,194.1300,195.4400,159.8029,84312000
2014-06-27,194.9800,195.8800,194.8900,195.8200,160.1136,71445100
2014-06-30,195.7000,196.1700,195.5300,195.7200,160.0318,70201200
2014-07-01,196.2000,197.6300,196.1300,197.0300,161.1030,90470000
2014-07-02,197.0500,197.4800,196.9600,197.2300,161.2664,52475000
2014-07-03,197.7900,198.2900,197.6400,198.2000,162.0596,52938800
2014-07-07,197.8200,197.9800,197.2200,197.5100,161.4955,61696000
2014-07-08,197.1500,197.2200,195.7600,196.2400,160.4570,108143000
2014-07-09,196.7300,197.3000,196.3100,197.1200,161.1766,72992000
2014-07-10,195.2200,196.8600,195.0600,196.3400,160.5388,99040000
2014-07-11,196.2200,196.7500,195.7800,196.6100,160.7596,64243000
2014-07-14,197.6100,197.8600,197.4400,197.6000,161.5690,58658000
2014-07-15,197.7200,198.1000,196.3600,197.2300,161.2664,111307000
2014-07-16,198.1100,198.2600,197.4200,197.9600,161.8634,79986400
2014-07-17,197.3500,198.1000,195.4300,195.7100,160.0237,145398000
2014-07-18,196.3500,197.9100,196.2400,197.7100,161.6589,124330000
2014-07-21,197.0900,197.5000,196.4300,197.3400,161.3564,67592000
2014-07-22,198.0100,198.5600,197.8700,198.2000,162.0596,67678000
2014-07-23,198.5000,198.8500,198.1000,198.6400,162.4194,65612000
2014-07-24,198.8300,199.0600,198.4500,198.6500,162.4276,56888000
2014-07-25,198.0900,198.2600,197.3300,197.7200,161.6672,76837000
2014-07-28,197.7600,198.0900,196.6200,197.8000,161.7326,69259000
2014-07-29,198.1700,198.4500,196.9200,196.9500,161.0375,80466000
2014-07-30,197.6500,197.9100,196.1600,196.9800,161.0621,104222000
2014-07-31,195.6100,195.7800,192.9700,193.0900,157.8814,183479000
2014-08-01,192.5600,193.7600,191.5700,192.5000,157.3990,189261000
2014-08-04,192.8700,194.3000,192.0500,193.8900,158.5355,91340000
2014-08-05,193.1000,193.6000,191.3100,192.0100,156.9983,152690000
2014-08-06,191.1100,192.8900,191.0800,192.0700,157.0473,94818000
2014-08-07,192.9400,193.1300,190.5500,191.0300,156.1971,135733000
2014-08-08,191.4600,193.3700,190.9500,193.2400,158.0040,117014000
2014-08-11,193.9700,194.6600,193.7100,193.8000,158.4619,74544000
2014-08-12,193.6100,194.1500,192.9400,193.5300,158.2412,73632000
2014-08-13,194.2900,195.0600,193.9600,194.8400,159.3122,69047000
2014-08-14,195.1600,195.7600,194.9800,195.7600,160.0645,57371000
2014-08-15,196.4700,196.6500,194.3100,195.7200,160.0318,139951000
2014-08-18,196.8000,197.4500,196.6900,197.3600,161.3728,75424000
2014-08-19,197.8400,198.5400,197.4400,198.3900,162.2150,59135000
2014-08-20,198.1200,199.1600,198.0800,198.9200,162.6483,72763000
2014-08-21,199.0900,199.7600,198.9300,199.5000,163.1226,67791000
2014-08-22,199.3400,199.6900,198.7400,199.1900,162.8691,76107000
2014-08-25,200.1400,200.5900,199.1500,200.2000,163.6949,63855000
2014-08-26,200.3300,200.8200,200.2800,200.3300,163.8013,47298000
2014-08-27,200.4300,200.5700,199.9400,200.2500,163.7358,47874000
2014-08-28,199.5900,200.2700,199.3900,200.1400,163.6459,58330000
2014-08-29,200.4500,200.7300,199.8200,200.7100,164.1120,65907000
2014-09-02,200.9700,201.0000,199.8600,200.6100,164.0301,72426000
2014-09-03,201.3800,201.4100,200.2200,200.5000,163.9402,57462000
2014-09-04,200.8400,201.5800,199.6600,200.2100,163.7031,85236000
2014-09-05,200.1700,201.1900,199.4100,201.1100,164.4390,102177000
2014-09-08,200.9200,201.2100,200.0000,200.5900,164.0138,64146000
2014-09-09,200.4100,200.5500,198.9100,199.3200,162.9754,88591000
2014-09-10,199.4300,200.2000,198.7700,200.0700,163.5886,67251000
2014-09-11,199.2700,200.3300,199.1200,200.3000,163.7767,66774400
2014-09-12,200.1000,200.1200,198.5600,199.1300,162.8201,117409300
2014-09-15,199.1600,199.3200,198.3800,198.9800,162.6974,76401000
2014-09-16,198.6100,200.8400,198.5000,200.4800,163.9238,116201000
2014-09-17,200.7700,201.6800,199.7500,200.7500,164.1446,151266000
2014-09-18,201.3600,201.8500,201.1000,201.8200,165.0195,94990000
2014-09-19,201.5200,201.9000,200.2900,200.7000,164.8709,121649000
2014-09-22,200.3500,200.3800,198.7300,199.1500,163.5975,125553000
2014-09-23,198.4300,199.2600,197.9500,198.0100,162.6611,111393000
2014-09-24,198.0400,199.6900,197.5200,199.5600,163.9344,107276000
2014-09-25,199.0400,199.0500,196.2700,196.3400,161.2892,150300000
2014-09-26,196.7000,198.3900,196.4200,197.9000,162.5707,103547000
2014-09-29,196.2000,197.8900,196.0500,197.5400,162.2749,95112000
2014-09-30,197.6900,198.3000,196.6100,197.0200,161.8478,131302000
2014-10-01,196.7000,196.7700,193.9100,194.3500,159.6544,177798000
2014-10-02,194.1800,195.0600,192.3500,194.3800,159.6791,157285000
2014-10-03,195.6800,196.9400,195.0800,196.5200,161.4371,121569000
2014-10-06,197.3400,197.6000,195.5800,196.2900,161.2481,104778000
2014-10-07,195.2800,195.7200,193.2200,193.2600,158.7590,147913000
2014-10-08,193.3700,196.9200,192.3600,196.6400,161.5356,186461000
2014-10-09,196.3300,196.6000,192.5800,192.7400,158.3319,210705000
2014-10-10,192.6900,193.6500,190.4900,190.5400,156.5246,221909000
2014-10-13,190.4600,191.1500,187.3000,187.4100,153.9534,230939000
2014-10-14,188.4200,189.8200,187.0400,187.7000,154.1916,215847000
2014-10-15,185.1600,187.6900,181.9200,186.4300,153.1484,380715000
2014-10-16,183.0600,187.5800,182.8900,186.2700,153.0169,270391000
2014-10-17,188.4200,189.7500,187.6200,188.4700,154.8241,214625000
2014-10-20,188.1300,190.4500,188.0700,190.3000,156.3274,130011000
2014-10-21,191.6800,194.2000,191.4800,194.0700,159.4245,154949000
2014-10-22,194.4100,194.9100,192.6100,192.6900,158.2907,151822000
2014-10-23,194.6200,196.2000,194.2600,194.9300,160.1309,154944000
2014-10-24,195.2500,196.4900,194.4900,196.4300,161.3631,117927000
2014-10-27,195.7300,196.4500,195.0300,196.1600,161.1413,82954000
2014-10-28,196.8200,198.4200,196.7300,198.4100,162.9897,106736000
2014-10-29,198.5500,199.1200,196.8000,198.1100,162.7432,142557000
2014-10-30,197.5800,199.9500,197.4000,199.3800,163.7865,113330000
2014-10-31,201.7800,201.8200,200.7700,201.6600,165.6595,146903000
2014-11-03,201.9200,202.4500,201.3100,201.7700,165.7499,93600000
2014-11-04,201.2300,201.6000,200.0600,201.0700,165.1749,93343000
2014-11-05,202.5400,202.5900,201.4500,202.3400,166.2181,91709000
2014-11-06,202.3900,203.2600,201.6400,203.1500,166.8835,107089000
2014-11-07,203.1700,203.6000,202.6100,203.3400,167.0395,89540000
2014-11-10,203.3800,204.0400,203.1300,203.9800,167.5653,66319000
2014-11-11,204.0600,204.3100,203.6500,204.1800,167.7296,54499400
2014-11-12,203.3500,204.2400,203.3100,203.9600,167.5489,90120300
2014-11-13,204.1600,204.8300,203.2100,204.1900,167.7378,85357900
2014-11-14,204.1000,204.4900,203.7200,204.2400,167.7789,80417500
2014-11-17,203.8500,204.5800,203.6500,204.3700,167.8857,80441000
2014-11-18,204.4400,205.9200,204.4400,205.5500,168.8550,76068100
2014-11-19,205.3100,205.5500,204.3000,205.2200,168.5839,82373000
2014-11-20,204.2600,205.7100,204.1800,205.5800,168.8796,72840300
2014-11-21,207.6400,207.8400,205.9800,206.6800,169.7833,142327300
2014-11-24,207.1700,207.3900,206.9100,207.2600,170.2598,65880800
2014-11-25,207.5400,207.7900,206.8000,207.1100,170.1366,79108300
2014-11-26,207.2900,207.7600,207.0300,207.6400,170.5719,62167800
2014-11-28,207.4900,207.8700,206.9100,207.2000,170.2105,57890100
2014-12-01,206.4000,206.5400,205.3800,205.7600,169.0275,103968400
2014-12-02,205.8100,207.3400,205.7800,207.0900,170.1201,74507200
2014-12-03,207.3000,208.1500,207.1000,207.8900,170.7773,68952000
2014-12-04,207.5400,208.2700,206.7000,207.6600,170.5884,91316600
2014-12-05,207.8700,208.4700,207.5500,208.0000,170.8677,91025500
2014-12-08,207.5200,208.1200,205.9300,206.6100,169.7258,108588200
2014-12-09,204.3700,206.6000,203.9100,206.4700,169.6108,125180100
2014-12-10,205.9100,205.9800,202.9300,203.1600,166.8917,159856400
2014-12-11,203.8800,206.1900,203.7100,204.1900,167.7378,159012800
2014-12-12,202.6400,203.8200,200.8500,200.8900,165.0269,202330200
2014-12-15,201.9800,202.5300,198.7800,199.5100,163.8933,189965800
2014-12-16,198.5800,202.4000,197.8600,197.9100,162.5789,259543800
2014-12-17,198.4400,202.3400,198.2900,201.7900,165.7663,253910100
2014-12-18,204.7400,212.9700,203.9200,206.7800,169.8655,257633900
2014-12-19,206.4300,207.3300,205.6100,206.5200,170.5882,245084600
2014-12-22,206.7500,207.4700,206.4600,207.4700,171.3730,148318900
2014-12-23,208.1700,208.2300,207.4000,207.7500,171.6042,122167900
2014-12-24,208.0200,208.3400,207.7200,207.7700,171.6207,42963400
2014-12-26,208.3100,208.8500,208.2500,208.4400,172.1741,57326700
2014-12-29,208.2200,208.9700,208.1400,208.7200,172.4054,79643900
2014-12-30,208.2100,208.3700,207.5100,207.6000,171.4803,73540800
2014-12-31,207.9900,208.1900,205.3900,205.5400,169.7787,130333800
2015-01-02,206.3800,206.8800,204.1800,205.4300,169.6879,121465900
2015-01-05,204.1700,204.3700,201.3500,201.7200,166.6234,169632600
2015-01-06,202.0900,202.7200,198.8600,199.8200,165.0539,209151400
2015-01-07,201.4200,202.7200,200.8800,202.3100,167.1107,125346700
2015-01-08,204.0100,206.1600,203.9900,205.9000,170.0761,147217800
2015-01-09,206.4000,206.4200,203.5100,204.2500,168.7132,158567300
2015-01-12,204.4100,204.6000,201.9200,202.6500,167.3915,144396100
2015-01-13,204.1200,205.4800,200.5100,202.0800,166.9207,214553300
2015-01-14,199.6500,201.1000,198.5700,200.8600,165.9130,192991100
2015-01-15,201.6300,202.0100,198.8800,199.0200,164.3931,176613900
2015-01-16,198.7700,201.8200,198.5500,201.6300,166.5490,211879600
2015-01-20,202.4000,202.7200,200.1700,202.0600,166.9042,130991100
2015-01-21,201.5000,203.6600,200.9400,203.0800,167.7468,122942700
2015-01-22,203.9900,206.2600,202.3300,206.1000,170.2412,174356000
2015-01-23,205.7900,206.1000,204.8100,204.9700,169.3079,117516800
2015-01-26,204.7100,205.5600,203.8500,205.4500,169.7043,92009700
2015-01-27,202.9700,204.1200,201.7400,202.7400,167.4659,134044600
2015-01-28,204.1700,204.2900,199.9100,200.1400,165.3183,168514300
2015-01-29,200.3800,202.3000,198.6800,201.9900,166.8464,173585400
2015-01-30,200.5700,202.1700,199.1300,199.4500,164.7483,197729700
2015-02-02,200.0500,202.0300,197.8600,201.9200,166.7886,163107000
2015-02-03,203.0000,204.8500,202.5500,204.8400,169.2005,124212900
2015-02-04,203.9200,205.3800,203.5100,204.0600,168.5562,134306700
2015-02-05,204.8600,206.3000,204.7700,206.1200,170.2578,97953200
2015-02-06,206.5600,207.2400,204.9200,205.5500,169.7870,125672000
2015-02-09,204.7700,205.6400,204.1400,204.6300,169.0270,87219000
2015-02-10,205.8800,207.1200,204.6800,206.8100,170.8278,96164200
2015-02-11,206.6100,207.4500,205.8300,206.9300,170.9269,91087800
2015-02-12,207.8900,208.9900,206.9700,208.9200,172.5706,97545900
2015-02-13,209.0700,209.8400,208.7600,209.7800,173.2810,93670400
2015-02-17,209.4000,210.3200,209.1000,210.1100,173.5536,76968200
2015-02-18,209.6600,210.2200,209.3400,210.1300,173.5701,80652900
2015-02-19,209.4100,210.4200,209.2400,209.9800,173.4462,91462500
2015-02-20,209.4800,211.3300,208.7300,211.2400,174.4870,140896400
2015-02-23,210.9400,211.2100,210.4800,211.2100,174.4622,74411100
2015-02-24,211.1200,212.0500,210.7600,211.8100,174.9577,72472300
2015-02-25,211.6600,212.2400,211.2200,211.6300,174.8091,73061700
2015-02-26,211.5200,211.7100,210.6500,211.3800,174.6027,72697900
2015-02-27,211.2600,211.5800,210.6000,210.6600,174.0079,108076000
2015-03-02,210.7800,212.0600,210.7200,211.9900,175.1065,87491400
2015-03-03,211.4700,212.0500,210.0800,211.1200,174.3879,110325800
2015-03-04,210.4000,210.4900,209.0600,210.2300,173.6527,114497200
2015-03-05,210.6200,210.8000,209.8500,210.4600,173.8427,76873000
2015-03-06,209.4200,209.9400,207.1000,207.5000,171.3977,188128000
2015-03-09,207.7400,208.7900,207.5500,208.3600,172.1081,89818900
2015-03-10,206.7100,206.8100,204.9300,204.9800,169.3162,157121300
2015-03-11,205.2900,205.5000,204.4000,204.5000,168.9196,110145700
2015-03-12,205.2600,207.1800,205.2000,207.1000,171.0673,93993500
2015-03-13,206.7700,207.9300,204.5800,205.8300,170.0183,162410900
2015-03-16,206.7100,208.6900,205.8600,208.5800,172.2898,136099200
2015-03-17,207.6900,208.4200,206.9800,207.9600,171.7776,94510400
2015-03-18,207.3900,211.2700,206.6200,210.4600,173.8427,228808500
2015-03-19,209.9600,210.4700,209.0300,209.5000,173.0497,117917300
2015-03-20,209.7100,211.0200,209.4900,210.4100,174.5772,177715100
2015-03-23,210.4200,211.1100,210.0000,210.0000,174.2370,71784500
2015-03-24,209.8500,210.4000,208.7400,208.8200,173.2579,77805300
2015-03-25,209.0700,209.3500,205.7100,205.7600,170.7191,159521700
2015-03-26,204.9600,206.3700,204.1200,205.2700,170.3126,153067200
2015-03-27,205.1300,205.9500,204.9000,205.7400,170.7025,118939000
2015-03-30,206.9800,208.6100,206.9600,208.2500,172.7850,96180400
2015-03-31,207.2600,208.1000,206.3600,206.4300,171.2750,126768700
2015-04-01,206.3900,206.4200,204.5100,205.7000,170.6693,137303600
2015-04-02,205.6200,206.9800,205.4000,206.4400,171.2833,86900900
2015-04-06,205.3700,208.4500,205.2100,207.8300,172.4366,114368200
2015-04-07,207.8600,208.7600,207.2400,207.2800,171.9802,81236300
2015-04-08,207.5500,208.5100,207.0800,207.9800,172.5610,89351900
2015-04-09,207.7800,209.1800,207.1900,208.9000,173.3244,85548900
2015-04-10,209.2000,210.0900,208.9600,210.0400,174.2702,72722900
2015-04-13,209.8700,210.6300,209.0300,209.0900,173.4820,74436600
2015-04-14,208.8500,209.7100,208.1000,209.4900,173.8139,75099900
2015-04-15,210.0500,211.0400,209.9500,210.4300,174.5938,99529300
2015-04-16,210.0300,210.9800,209.7900,210.3700,174.5440,68934900
2015-04-17,208.9400,209.2300,207.0100,207.9500,172.5361,191113200
2015-04-20,209.0600,210.2500,208.9600,209.8500,174.1126,92189500
2015-04-21,210.6700,210.8600,209.2400,209.6000,173.9051,72559800
2015-04-22,210.0100,210.8500,208.9000,210.6300,174.7598,78264600
2015-04-23,210.1500,211.9400,210.0100,211.1600,175.1995,102585900
2015-04-24,211.6600,211.9700,211.1100,211.6500,175.6060,61327400
2015-04-27,212.3300,212.4800,210.5400,210.7700,174.8759,79358100
2015-04-28,210.7400,211.5000,209.3300,211.4400,175.4318,86863500
2015-04-29,210.3700,211.2900,209.6000,210.5700,174.7100,125684900
2015-04-30,209.8800,210.3500,207.6200,208.4600,172.9593,161304900
2015-05-01,209.4000,210.7700,209.2800,210.7200,174.8344,103399700
2015-05-04,211.2300,212.0200,211.1000,211.3200,175.3322,70927200
2015-05-05,211.0300,211.4600,208.7300,208.9000,173.3244,113326200
2015-05-06,209.5600,209.9300,206.7600,208.0400,172.6108,135060200
2015-05-07,207.9200,209.3800,207.5200,208.8700,173.2995,88244900
2015-05-08,210.8800,211.8600,210.7800,211.6200,175.5812,155877300
2015-05-11,211.5700,211.8900,210.5200,210.6100,174.7431,75708100
2015-05-12,209.6100,210.6300,208.6200,209.9800,174.2204,119727600
2015-05-13,210.4700,211.2200,209.7400,210.0200,174.2536,94667900
2015-05-14,211.2400,212.3200,210.9100,212.2100,176.0706,95934000
2015-05-15,212.4400,212.6100,211.8600,212.4400,176.2615,76510100
2015-05-18,212.2400,213.4000,212.1600,213.1000,176.8091,74549700
2015-05-19,213.2400,213.5700,212.6900,213.0300,176.7510,72114600
2015-05-20,213.1500,213.7800,212.5000,212.8800,176.6266,76857500
2015-05-21,212.7100,213.7500,212.5100,213.5000,177.1410,64764600
2015-05-22,213.0400,213.5400,212.9100,212.9900,176.7178,57433500
2015-05-26,212.4000,212.9100,210.2000,210.7000,174.8179,124308600
2015-05-27,211.2500,212.9800,210.7600,212.7000,176.4772,93214000
2015-05-28,212.3300,212.5900,211.6300,212.4600,176.2781,74974600
2015-05-29,212.3800,212.4300,210.8200,211.1400,175.1829,124919600
2015-06-01,211.9400,212.3400,210.6200,211.5700,175.5397,93338800
2015-06-02,211.0200,212.1900,210.2700,211.3600,175.3654,91531000
2015-06-03,212.0000,212.6700,211.3300,211.9200,175.8301,87820900
2015-06-04,211.0700,211.8600,209.7500,210.1300,174.3449,151882800
2015-06-05,209.9500,210.5800,208.9800,209.7700,174.0462,121704700
2015-06-08,209.6400,209.8200,208.3900,208.4800,172.9759,89063300
2015-06-09,208.4500,209.1000,207.6900,208.4500,172.9510,105034700
2015-06-10,209.3700,211.4100,209.3000,210.9500,175.0252,134551300
2015-06-11,211.4800,212.0900,211.2000,211.6300,175.5894,73876400
2015-06-12,210.6400,211.4800,209.6800,210.0100,174.2453,135382400
2015-06-15,208.6400,209.4500,207.7900,209.1100,173.4986,124384200
2015-06-16,208.9300,210.3500,208.7200,210.2500,174.4445,85308200
2015-06-17,210.5900,211.3200,209.3600,210.5900,174.7265,126708600
2015-06-18,211.3100,213.3400,210.6300,212.7800,176.5436,165867900
2015-06-19,211.4600,211.5500,210.3600,210.8100,175.7599,130478700
2015-06-22,211.9100,212.5900,211.6400,211.8900,176.6603,70696000
2015-06-23,212.1400,212.4400,211.5700,212.0400,176.7854,68476800
2015-06-24,211.7200,212.1700,210.4700,210.5000,175.5014,92307300
2015-06-25,211.1000,211.2500,209.7700,209.8600,174.9678,97107400
2015-06-26,210.2900,210.5800,209.1600,209.8200,174.9345,104174800
2015-06-29,208.0500,209.8300,205.3300,205.4200,171.2661,202621300
2015-06-30,207.2600,207.3200,205.2800,205.8500,171.6245,182925100
2015-07-01,207.7300,208.0300,206.5600,207.5000,173.0002,135979900
2015-07-02,208.0700,208.2700,206.8100,207.3100,172.8418,104373700
2015-07-06,205.7700,207.6500,205.5300,206.7200,172.3499,117975400
2015-07-07,206.9600,208.1700,204.1100,208.0200,173.4338,173820200
2015-07-08,206.4200,206.7600,204.2500,204.5300,170.5240,164020100
2015-07-09,207.0400,207.3500,204.7700,204.9000,170.8325,144113100
2015-07-10,207.2900,207.9800,204.9500,207.4800,172.9835,129456900
2015-07-13,208.9900,209.9000,208.9400,209.7700,174.8929,106069400
2015-07-14,209.7200,211.0500,209.6500,210.6800,175.6515,81709600
2015-07-15,210.7300,211.2800,210.0400,210.6100,175.5931,97914100
2015-07-16,211.8700,212.3000,211.5800,212.3000,177.0021,106683300
2015-07-17,212.2900,212.5500,211.8000,212.4800,177.1522,89030000
2015-07-20,212.7500,213.1800,212.2100,212.5900,177.2439,70446800
2015-07-21,212.4300,212.7400,211.3900,211.7500,176.5436,77965000
2015-07-22,210.9300,211.7700,210.8900,211.3700,176.2267,88667900
2015-07-23,211.5300,211.6500,209.7500,210.1800,175.2346,90509100
2015-07-24,210.3000,210.3700,207.6000,208.0000,173.4171,117755000
2015-07-27,206.9400,207.5500,206.2600,206.7900,172.4082,132361100
2015-07-28,207.7900,209.5000,206.8000,209.3300,174.5260,123544800
2015-07-29,209.4800,211.0400,209.3100,210.7700,175.7265,105791300
2015-07-30,210.1600,211.0200,209.4200,210.8200,175.7682,91304400
2015-07-31,211.4200,211.4500,210.1600,210.5000,175.5014,103266900
2015-08-03,210.4600,210.5300,208.6500,209.7900,174.9094,113965700
2015-08-04,209.7000,210.2500,208.8000,209.3800,174.5676,81820800
2015-08-05,210.4500,211.3100,209.7300,210.0700,175.1430,85786800
2015-08-06,210.2900,210.4200,207.6500,208.3500,173.7089,116030800
2015-08-07,208.1600,208.3400,206.8700,207.9500,173.3754,117858000
2015-08-10,209.2800,210.6700,209.2800,210.5700,175.5598,80270700
2015-08-11,208.9700,209.4700,207.7600,208.6700,173.9757,126081400
2015-08-12,207.1100,209.1400,205.3600,208.9200,174.1841,172123700
2015-08-13,208.7300,209.5500,208.0100,208.6600,173.9674,89383300
2015-08-14,208.4300,209.5100,208.2600,209.4200,174.6010,72786500
2015-08-17,208.7100,210.5900,208.1600,210.5900,175.5765,79072600
2015-08-18,210.2600,210.6800,209.7000,209.9800,175.0678,71692700
2015-08-19,209.0900,210.0100,207.3500,208.3200,173.6839,172946000
2015-08-20,206.5100,208.2900,203.9000,203.9700,170.0571,194327900
2015-08-21,201.7300,203.9400,197.5200,197.8300,164.9380,346588500
2015-08-24,187.4900,197.4800,182.4000,189.5000,157.9929,507244300
2015-08-25,195.4300,195.4500,186.9200,187.2700,156.1338,369833100
2015-08-26,192.0800,194.7900,188.3700,194.4600,162.1283,339257000
2015-08-27,197.0200,199.4200,195.2100,199.2700,166.1385,274143900
2015-08-28,198.5000,199.8400,197.9200,199.2800,166.1470,160414400
2015-08-31,198.1100,199.1300,197.0100,197.6700,164.8046,163298800
2015-09-01,193.1200,194.7700,190.7300,191.7700,159.8856,256000400
2015-09-02,194.6200,195.4600,192.4200,195.4100,162.9204,160269300
2015-09-03,196.2600,198.0500,194.9600,195.5500,163.0371,152087800
2015-09-04,192.8500,193.8600,191.6100,192.5900,160.5692,207081000
2015-09-08,195.9400,197.6100,195.1700,197.4300,164.6045,116025700
2015-09-09,199.3200,199.4700,194.3500,194.7900,162.4034,149347700
2015-09-10,194.5600,197.2200,194.2500,195.8500,163.2872,158611100
2015-09-11,195.3800,196.8200,194.5300,196.7400,164.0292,119691200
2015-09-14,196.9500,197.0100,195.4300,196.0100,163.4205,79452000
2015-09-15,196.6100,198.9900,195.9600,198.4600,165.4633,113806200
2015-09-16,198.8200,200.4100,198.4100,200.1800,166.8973,99581600
2015-09-17,200.0200,202.8900,199.2800,199.7300,166.5221,276046600
2015-09-18,195.7100,198.6800,194.9600,195.4500,163.8009,223657500
2015-09-21,196.4400,197.6800,195.2100,196.4600,164.6473,105726200
2015-09-22,193.8800,194.4600,192.5600,193.9100,162.5102,153890900
2015-09-23,194.1100,194.6700,192.9100,193.6000,162.2504,92790600
2015-09-24,192.1500,193.4500,190.5600,192.9000,161.6638,159378800
2015-09-25,194.6400,195.0000,191.8100,192.8500,161.6219,155054800
2015-09-28,191.7800,191.9100,187.6400,188.0100,157.5656,178515900
2015-09-29,188.2700,189.7400,186.9300,188.1200,157.6579,159045600
2015-09-30,190.3700,191.8300,189.4400,191.6300,160.5995,163452000
2015-10-01,192.0800,192.4900,189.8200,192.1300,161.0185,131079000
2015-10-02,189.7700,195.0300,189.1200,195.0000,163.4237,211003300
2015-10-05,196.4600,198.7400,196.3300,198.4700,166.3318,126320800
2015-10-06,198.3100,198.9800,197.0000,197.7900,165.7619,110274500
2015-10-07,198.9000,199.8300,197.4800,199.4100,167.1196,124307300
2015-10-08,198.9500,201.5500,198.5900,201.2100,168.6281,153055200
2015-10-09,201.3800,201.9000,200.5800,201.3300,168.7288,107069200
2015-10-12,201.4200,201.7600,200.9100,201.5200,168.8880,56395600
2015-10-13,200.6500,202.1600,200.0500,200.2500,167.8236,88038700
2015-10-14,200.1800,200.8700,198.9400,199.2900,167.0191,99106200
2015-10-15,200.0800,202.3600,199.6400,202.3500,169.5836,134142200
2015-10-16,202.8300,203.2900,201.9200,203.2700,170.3546,114580100
2015-10-19,202.5000,203.3700,202.1300,203.3700,170.4384,76523900
2015-10-20,202.8500,203.8400,202.5500,203.1100,170.2206,78448500
2015-10-21,203.6100,203.7900,201.6500,201.8500,169.1645,102038000
2015-10-22,202.9800,205.5100,201.8500,205.2600,172.0224,174911700
2015-10-23,207.2500,207.9500,206.3000,207.5100,173.9080,144442300
2015-10-26,207.3000,207.3700,206.5600,207.0000,173.4805,69033000
2015-10-27,206.2000,207.0000,205.7900,206.6000,173.1454,77905800
2015-10-28,207.0000,208.9800,206.2100,208.9500,175.1148,135906700
2015-10-29,208.3500,209.2700,208.2100,208.8300,175.0143,90525500
2015-10-30,209.0600,209.4400,207.7400,207.9300,174.2600,131076900
2015-11-02,208.3200,210.6200,208.1700,210.3900,176.3217,86270800
2015-11-03,209.9700,211.6600,209.7000,211.0000,176.8329,95246100
2015-11-04,211.3500,211.5000,209.7200,210.3600,176.2965,96224500
2015-11-05,210.4300,210.9800,209.0900,210.1500,176.1205,78408700
2015-11-06,209.7400,210.3200,208.4600,210.0400,176.0283,110471500
2015-11-09,209.3100,209.4900,206.9500,208.0800,174.3857,131008700
2015-11-10,207.5100,208.6000,207.1900,208.5600,174.7879,75874600
2015-11-11,208.8800,208.9400,207.6600,207.7400,174.1008,67846000
2015-11-12,206.5000,207.0600,204.8200,204.8400,171.6704,121315200
2015-11-13,204.3500,204.6700,202.4400,202.5400,169.7428,153577100
2015-11-16,202.3200,205.6900,202.1800,205.6200,172.3240,117645200
2015-11-17,205.9900,207.0400,204.8800,205.4700,172.1983,121123700
2015-11-18,206.0400,208.9000,205.9900,208.7300,174.9304,121342500
2015-11-19,208.5900,209.0500,208.2000,208.5500,174.7796,88220500
2015-11-20,209.4500,210.1200,208.8600,209.3100,175.4165,94011500
2015-11-23,209.3800,209.9800,208.5200,209.0700,175.2154,64931200
2015-11-24,207.8700,209.8300,207.4100,209.3500,175.4500,98874400
2015-11-25,209.5000,209.7400,209.0100,209.3200,175.4249,51980100
2015-11-27,209.4300,209.8000,208.8600,209.5600,175.6261,37317800
2015-11-30,209.7500,209.8900,208.5600,208.6900,174.8969,112822700
2015-12-01,209.4400,210.8200,209.1100,210.6800,176.5647,97858400
2015-12-02,210.6200,211.0000,208.2300,208.5300,174.7628,108441300
2015-12-03,208.8300,209.1500,204.7500,205.6100,172.3157,166224200
2015-12-04,205.6100,209.9700,205.6100,209.6200,175.6763,192913900
2015-12-07,209.2300,209.7300,207.2000,208.3500,174.6120,102027100
2015-12-08,206.4900,208.2900,205.7800,206.9500,173.4387,103372400
2015-12-09,206.1900,208.6800,204.1800,205.3400,172.0894,162401500
2015-12-10,205.4200,207.4300,205.1400,205.8700,172.5336,116128900
2015-12-11,203.3500,204.1400,201.5100,201.8800,169.1896,211173300
2015-12-14,202.0700,203.0500,199.9500,202.9000,170.0445,182385200
2015-12-15,204.7000,206.1100,202.8700,205.0300,171.8296,154069600
2015-12-16,206.3700,208.3900,204.8000,208.0300,174.3438,197017000
2015-12-17,208.4000,208.4800,204.8400,204.8600,171.6871,173092500
2015-12-18,202.7700,202.9300,199.8300,200.0200,168.6285,251393500
2015-12-21,201.4100,201.8800,200.0900,201.6700,170.0195,99094300
2015-12-22,202.7200,203.8500,201.5500,203.5000,171.5623,111026200
2015-12-23,204.6900,206.0700,204.5800,206.0200,173.6869,110987200
2015-12-24,205.7200,206.3300,205.4200,205.6800,173.4002,48539600
2015-12-28,204.8600,205.2600,203.9400,205.2100,173.0039,65899900
2015-12-29,206.5100,207.7900,206.4700,207.4000,174.8503,92640700
2015-12-30,207.1100,207.2100,205.7600,205.9300,173.6109,63317700
2015-12-31,205.1300,205.8900,203.8700,203.8700,171.8743,114877900
2016-01-04,200.4900,201.0300,198.5900,201.0200,169.4716,222353500
2016-01-05,201.4000,201.9000,200.0500,201.3600,169.7582,110845800
2016-01-06,198.3400,200.0600,197.6000,198.8200,167.6168,152112600
2016-01-07,195.3300,197.4400,193.5900,194.0500,163.5954,213436100
2016-01-08,195.1900,195.8500,191.5800,191.9200,161.7997,209817200
2016-01-11,193.0100,193.4100,189.8200,192.1100,161.9599,187941300
2016-01-12,193.8200,194.5500,191.1400,193.6600,163.2666,172330500
2016-01-13,194.4500,194.8600,188.3800,188.8300,159.1947,221168900
2016-01-14,189.5500,193.2600,187.6600,191.9300,161.8082,240795600
2016-01-15,186.7700,188.7600,185.5200,187.8100,158.3348,324846400
2016-01-19,189.9600,190.1100,186.2000,188.0600,158.5455,195244400
2016-01-20,185.0300,187.5000,181.0200,185.6500,156.5137,286547800
2016-01-21,186.2100,188.8700,184.6400,186.6900,157.3905,195772900
2016-01-22,189.7800,190.7600,188.8800,190.5200,160.6195,168319600
2016-01-25,189.9200,190.1500,187.4100,187.6400,158.1914,130371700
2016-01-26,188.4200,190.5300,188.0200,190.2000,160.3497,141036800
2016-01-27,189.5800,191.5600,187.0600,188.1300,158.6045,185681700
2016-01-28,189.9600,190.2000,187.1600,189.1100,159.4308,143798800
2016-01-29,190.0200,193.8800,189.8800,193.7200,163.3172,210529300
2016-02-01,192.5300,194.5800,191.8400,193.6500,163.2582,136061600
2016-02-02,191.9600,191.9700,189.5400,190.1600,160.3159,182564900
2016-02-03,191.4100,191.7800,187.1000,191.3000,161.2770,205054900
2016-02-04,190.7100,192.7500,189.9600,191.6000,161.5299,139531800
2016-02-05,190.9900,191.6700,187.2000,187.9500,158.4528,180788300
2016-02-08,185.7700,186.1200,182.8000,185.4200,156.3199,191526700
2016-02-09,183.3600,186.9400,183.2000,185.4300,156.3283,184513100
2016-02-10,186.4100,188.3400,185.1200,185.2700,156.1934,148214100
2016-02-11,182.3400,184.1000,181.0900,182.8600,154.1616,219058900
2016-02-12,184.9600,186.6500,183.9600,186.6300,157.3400,127632400
2016-02-16,188.7700,189.8100,187.6300,189.7800,159.9956,120250700
2016-02-17,191.1600,193.3200,191.0100,192.8800,162.6091,136009500
2016-02-18,193.2000,193.2700,191.7200,192.0900,161.9430,102343000
2016-02-19,191.1700,192.1800,190.4500,192.0000,161.8672,114793000
2016-02-22,193.8700,194.9500,193.7900,194.7800,164.2109,103640300
2016-02-23,194.0000,194.3200,192.1800,192.3200,162.1369,111455300
2016-02-24,190.6300,193.5300,189.3200,193.2000,162.8788,150812200
2016-02-25,193.7300,195.5500,192.8300,195.5400,164.8516,110728300
2016-02-26,196.5700,196.6800,194.9000,195.0900,164.4722,129833700
2016-02-29,195.1100,196.2300,193.3300,193.5600,163.1824,125918100
2016-03-01,195.0100,198.2100,194.4500,198.1100,167.0182,141799700
2016-03-02,197.7400,199.0600,197.2500,199.0000,167.7686,102415000
2016-03-03,198.7900,199.8000,198.1100,199.7800,168.4261,95172200
2016-03-04,200.0100,201.3500,199.0300,200.4300,168.9742,129293600
2016-03-07,199.3400,201.0700,199.2500,200.5900,169.1091,100219000
2016-03-08,199.3200,199.9200,198.2100,198.4000,167.2627,123974900
2016-03-09,199.3600,199.7900,198.4300,199.3800,168.0890,94801200
2016-03-10,199.9600,201.0700,197.3800,199.5400,168.2238,156838700
2016-03-11,201.2600,202.8100,199.5200,202.7600,170.9385,137964500
2016-03-14,202.1600,203.0400,201.7700,202.5000,170.7193,73612000
2016-03-15,201.3600,202.5300,201.0500,202.1700,170.4411,93169100
2016-03-16,201.6000,203.8200,201.5500,203.3400,171.4274,129303200
2016-03-17,203.2400,205.2300,202.7700,204.6300,172.5150,134278500
2016-03-18,204.1700,204.7800,203.8000,204.3800,173.1929,138372400
2016-03-21,204.0700,204.9400,203.8000,204.6700,173.4386,72926700
2016-03-22,203.7600,205.2300,203.5700,204.5600,173.3455,97471900
2016-03-23,204.1100,204.3300,203.0100,203.2100,172.2015,81052500
2016-03-24,202.0000,203.1600,201.7400,203.1200,172.1252,84360900
2016-03-28,203.6100,203.8600,202.7100,203.2400,172.2269,62408200
2016-03-29,202.7600,205.2500,202.4000,205.1200,173.8199,92922900
2016-03-30,206.3000,206.8700,205.5900,206.0200,174.5827,86365300
2016-03-31,205.9100,206.4100,205.3300,205.5200,174.1590,94584100
2016-04-01,204.3500,207.1400,203.9800,206.9200,175.3453,114423500
2016-04-04,206.8300,207.0700,205.8900,206.2500,174.7776,63497000
2016-04-05,204.6700,206.2600,203.8900,204.1900,173.0319,99662200
2016-04-06,204.1900,206.4900,203.9800,206.4200,174.9216,91839800
2016-04-07,205.1400,205.5600,203.0900,203.9500,172.8285,113859000
2016-04-08,205.3400,205.8500,203.8700,204.5000,173.2946,95040600
2016-04-11,205.2500,206.0700,203.9100,204.0200,172.8879,83757500
2016-04-12,204.2200,206.2500,203.7000,205.9200,174.4979,115350600
2016-04-13,207.0000,208.1000,206.8400,208.0000,176.2605,96336400
2016-04-14,208.0700,208.6000,207.6000,208.0100,176.2690,65212900
2016-04-15,208.0100,208.1700,207.4000,207.7800,176.0741,75761600
2016-04-18,207.7800,209.2800,207.0000,209.2400,177.3113,82531000
2016-04-19,209.7400,210.2000,208.9400,209.9000,177.8706,88316100
2016-04-20,209.9500,210.9200,209.3900,210.1000,178.0401,81100300
2016-04-21,210.1200,210.2500,208.6500,208.9700,177.0825,85695000
2016-04-22,208.5500,209.2900,207.9100,208.9700,177.0825,99251700
2016-04-25,208.2600,208.6600,207.5400,208.6100,176.7774,66166500
2016-04-26,209.0400,209.5200,208.3600,208.9200,177.0402,75864200
2016-04-27,208.4700,209.8100,208.0500,209.3500,177.4045,77329400
2016-04-28,208.4600,209.7600,206.9600,207.4500,175.7945,97216200
2016-04-29,206.7200,207.1300,205.0300,206.3300,174.8454,142424100
2016-05-02,206.9200,208.1800,206.4100,207.9700,176.2351,62188000
2016-05-03,206.5200,206.8000,205.2800,206.1600,174.7013,106422100
2016-05-04,204.9900,205.8500,204.4200,205.0100,173.7268,92243800
2016-05-05,205.5600,205.9800,204.4700,204.9700,173.6929,67619200
2016-05-06,204.0600,205.7700,203.8800,205.7200,174.3285,89315000
2016-05-09,205.5700,206.4000,205.3600,205.8900,174.4725,74374900
2016-05-10,206.7200,208.4700,206.6400,208.4500,176.6418,77472200
2016-05-11,207.9100,208.5400,206.5000,206.5000,174.9894,81727000
2016-05-12,207.2900,207.4900,205.3700,206.5600,175.0403,89586300
2016-05-13,206.2100,206.8600,204.3800,204.7600,173.5149,96474600
2016-05-16,204.9600,207.3400,204.8900,206.7800,175.2267,77486800
2016-05-17,206.4600,206.8000,204.2300,204.8500,173.5912,114924900
2016-05-18,204.4400,206.3000,203.6300,204.9100,173.6420,120062100
2016-05-19,204.0600,204.5400,202.7800,204.2000,173.0404,115430500
2016-05-20,204.9200,206.1000,204.8600,205.4900,174.1335,104990400
2016-05-23,205.5100,205.8400,204.9900,205.2100,173.8962,58682600
2016-05-24,206.1700,208.2400,206.1400,207.8700,176.1504,93537800
2016-05-25,208.6700,209.7700,207.8700,209.2800,177.3452,76621400
2016-05-26,209.4400,209.7100,208.9700,209.3400,177.3961,55280700
2016-05-27,209.5300,210.2500,209.4700,210.2400,178.1588,64211200
2016-05-31,210.5600,210.6900,209.1800,209.8400,177.8198,109879400
2016-06-01,209.1200,210.4800,208.8900,210.2700,178.1841,69936200
2016-06-02,209.8000,210.9300,209.2400,210.9100,178.7264,63044700
2016-06-03,210.2500,210.6900,208.8600,210.2800,178.1926,101757100
2016-06-06,210.7000,211.7700,210.5100,211.3500,179.0994,64887000
2016-06-07,211.5300,212.3400,211.5000,211.6800,179.3790,60974800
2016-06-08,211.8400,212.5200,211.6900,212.3700,179.9637,66170900
2016-06-09,211.5100,212.2200,211.1900,212.0800,179.7180,73786900
2016-06-10,210.4600,210.8600,209.4300,210.0700,178.0147,113829200
2016-06-13,209.3600,210.3700,208.3500,208.4500,176.6418,117751200
2016-06-14,208.0000,208.7400,206.9200,208.0400,176.2944,125059300
2016-06-15,208.0400,209.3600,207.5300,207.7500,176.0487,109124500
2016-06-16,207.7500,208.5700,205.5900,208.3700,176.5741,149533100
2016-06-17,207.1700,207.2000,205.7500,206.5200,175.9165,117055700
2016-06-20,208.8200,209.6100,207.7500,207.8500,177.0494,82789600
2016-06-21,208.3000,208.9200,207.7800,208.4400,177.5519,72461700
2016-06-22,208.6500,209.5000,207.9300,208.1000,177.2623,95560500
2016-06-23,209.8100,210.8700,209.2700,210.8100,179.5708,102731400
2016-06-24,203.6300,210.8500,202.7200,203.2400,173.1225,333444400
2016-06-27,201.5900,201.6000,198.6500,199.6000,170.0219,230775800
2016-06-28,201.4800,203.2300,201.1200,203.2000,173.0885,159382400
2016-06-29,204.8400,206.9300,204.7200,206.6600,176.0357,137328600
2016-06-30,207.2100,209.5400,206.5600,209.4800,178.4379,165021900
2016-07-01,209.4800,210.4900,209.2900,209.9200,178.8126,106055300
2016-07-05,208.9500,209.0800,207.7100,208.4100,177.5264,109803700
2016-07-06,207.8300,209.8000,207.0600,209.6600,178.5912,96021500
2016-07-07,209.8700,210.6500,208.6300,209.5300,178.4804,85593800
2016-07-08,211.0500,212.9400,210.7800,212.6500,181.1381,133971000
2016-07-11,213.1900,214.0700,212.9500,213.4000,181.7770,73633900
2016-07-12,214.5300,215.3000,213.4300,214.9500,183.0972,101275600
2016-07-13,215.4400,215.4500,214.3500,214.9200,183.0717,87324100
2016-07-14,216.4000,216.6700,215.6600,216.1200,184.0939,91230900
2016-07-15,216.7800,217.0100,215.3100,215.8300,183.8468,107155400
2016-07-18,215.9700,216.6000,215.6700,216.4100,184.3409,58725900
2016-07-19,215.9200,216.2300,215.6300,216.1900,184.1535,54345700
2016-07-20,216.1900,217.3700,216.1900,217.0900,184.9201,58159500
2016-07-21,216.9600,217.2200,215.7500,216.2700,184.2216,67777300
2016-07-22,216.4100,217.3000,216.1000,217.2400,185.0479,62787500
2016-07-25,217.0000,217.0600,215.9700,216.6500,184.5453,55873100
2016-07-26,216.5300,217.1700,215.7600,216.7500,184.6305,70080500
2016-07-27,217.1900,217.2700,215.6200,216.5200,184.4346,84083900
2016-07-28,216.2900,217.1100,215.7500,216.7700,184.6476,65035700
2016-07-29,216.4600,217.5400,216.1300,217.1200,184.9457,79519400
2016-08-01,217.1900,217.6500,216.4100,216.9400,184.7923,73311400
2016-08-02,216.6500,216.8300,214.5700,215.5500,183.6084,92295500
2016-08-03,215.4800,216.2500,215.1300,216.1800,184.1450,53993600
2016-08-04,216.3100,216.7800,214.2500,216.4100,184.3409,46585500
2016-08-05,216.4100,218.2300,216.4100,218.1800,185.8486,71892200
2016-08-08,218.4000,218.5200,217.7400,218.0500,185.7379,39906500
2016-08-09,218.1300,218.7600,217.8000,218.1800,185.8486,51251700
2016-08-10,218.3100,218.4000,217.2300,217.6400,185.3887,57941100
2016-08-11,218.2600,218.9400,217.9500,218.6500,186.2489,72504300
2016-08-12,218.2900,218.7100,217.9900,218.4600,186.0871,61313500
2016-08-15,218.8900,219.5000,218.8800,219.0900,186.6237,49813500
2016-08-16,218.6000,218.6800,217.9600,217.9600,185.6612,53213600
2016-08-17,218.0000,218.5300,217.0200,218.3700,186.0105,75134300
2016-08-18,218.3400,218.9000,218.2100,218.8600,186.4279,52989300
2016-08-19,218.3100,218.7500,217.7400,218.5400,186.1553,75443000
2016-08-22,218.2600,218.8000,217.8300,218.5300,186.1467,61368800
2016-08-23,219.2500,219.6000,218.9000,218.9700,186.5215,53399200
2016-08-24,218.8000,218.9100,217.3600,217.8500,185.5675,71728900
2016-08-25,217.4000,218.1900,217.2200,217.7000,185.4398,69224800
2016-08-26,217.9200,219.1200,216.2500,217.2900,185.0905,122506300
2016-08-29,217.4400,218.6700,217.4000,218.3600,186.0019,70502200
2016-08-30,218.2600,218.5900,217.3500,218.0000,185.6953,58114500
2016-08-31,217.6100,217.7500,216.4700,217.3800,185.1672,85269500
2016-09-01,217.3700,217.7300,216.0300,217.3900,185.1757,97844200
2016-09-02,218.3900,218.8700,217.7000,218.3700,186.0105,79293900
2016-09-06,218.7000,219.1200,217.8600,219.0300,186.5726,56702100
2016-09-07,218.8400,219.2200,218.3000,219.0100,186.5556,76554900
2016-09-08,218.6200,218.9400,218.1500,218.5100,186.1297,74102900
2016-09-09,216.9700,217.0300,213.2500,213.2800,181.6747,221589100
2016-09-12,212.3900,216.8100,212.3100,216.3400,184.2813,168110900
2016-09-13,214.8400,215.1500,212.5000,213.2300,181.6321,182828800
2016-09-14,213.2900,214.7000,212.5000,213.1500,181.5640,134185500
2016-09-15,212.9600,215.7300,212.7500,215.2800,183.3783,134427900
2016-09-16,213.4800,213.6900,212.5700,213.3700,182.6695,155236400
2016-09-19,214.1300,214.8800,213.0300,213.4100,182.7037,80250500
2016-09-20,214.4100,214.5900,213.3800,213.4200,182.7123,69665300
2016-09-21,214.2400,216.0300,213.4400,215.8200,184.7670,110284400
2016-09-22,217.0000,217.5300,216.7100,217.1800,185.9313,76678700
2016-09-23,216.7200,216.8800,215.8800,215.9900,184.9125,73630900
2016-09-26,215.0200,215.2300,214.0100,214.2400,183.4143,89827300
2016-09-27,214.0500,215.6800,213.6200,215.5700,184.5529,78494800
2016-09-28,215.8300,216.8200,214.7100,216.6400,185.4690,87411000
2016-09-29,216.4000,216.8700,214.0400,214.6800,183.7910,128070600
2016-09-30,215.6500,217.1200,215.3600,216.3000,185.1779,117202900
2016-10-03,215.8200,216.0400,215.0400,215.7800,184.7327,83512100
2016-10-04,215.9100,216.1700,213.9900,214.6800,183.7910,119948100
2016-10-05,215.4100,216.1300,215.3300,215.6300,184.6043,72816000
2016-10-06,215.3700,216.0400,214.7400,215.7800,184.7327,62927400
2016-10-07,216.1000,216.3000,214.1900,215.0400,184.0992,89788300
2016-10-10,216.1600,216.7000,215.9900,216.1600,185.0580,51855000
2016-10-11,215.6600,215.7400,212.5800,213.4300,182.7208,130367400
2016-10-12,213.5900,214.3200,213.0100,213.7100,182.9606,73866100
2016-10-13,212.1600,213.5900,211.2100,213.0100,182.3613,101357000
2016-10-14,214.1500,214.6900,213.0300,213.1200,182.4554,93346200
2016-10-17,213.0900,213.3900,212.1700,212.3800,181.8219,58275700
2016-10-18,214.2400,214.3100,213.2700,213.7100,182.9606,76869700
2016-10-19,214.0200,214.6400,213.6000,214.2800,183.4486,66519200
2016-10-20,213.8700,214.5300,213.1100,213.8800,183.1061,73639800
2016-10-21,213.8800,214.0800,212.7600,213.9800,183.1917,89089100
2016-10-24,215.0000,215.3200,214.4800,214.8900,183.9708,60146600
2016-10-25,214.6800,214.9800,213.9800,214.1700,183.3544,66542300
2016-10-26,213.2100,214.4200,212.9300,213.7400,182.9862,75705500
2016-10-27,214.5800,214.6200,213.0800,213.1700,182.4982,77220200
2016-10-28,213.1400,213.9300,211.7100,212.5400,181.9589,140623200
2016-10-31,212.9300,213.1900,212.3600,212.5500,181.9675,61272500
2016-11-01,212.9300,212.9900,209.6000,211.0100,180.6490,122781800
2016-11-02,210.6500,211.1000,209.2300,209.7400,179.5618,103330800
2016-11-03,209.9900,210.2400,208.4600,208.7800,178.7399,88939300
2016-11-04,208.9100,209.8900,208.3800,208.5500,178.5430,109122100
2016-11-07,208.5500,213.1900,208.5500,213.1500,182.4812,109794900
2016-11-08,212.6900,214.7700,212.3800,214.1100,183.3030,106772100
2016-11-09,212.3700,217.1000,212.3400,216.3800,185.2464,258429000
2016-11-10,217.3000,218.3100,215.2200,216.9200,185.7087,172113300
2016-11-11,216.0800,216.7000,215.3200,216.4200,185.2806,100552700
2016-11-14,217.0300,217.2700,215.7200,216.5900,185.4262,94580000
2016-11-15,217.0400,218.2800,216.8000,218.2800,186.8730,91652600
2016-11-16,217.5600,218.1400,217.4200,217.8700,186.5220,65617700
2016-11-17,218.0500,219.0600,217.9200,218.9900,187.4808,69797200
2016-11-18,219.0700,219.2700,218.2900,218.5000,187.0614,86265800
2016-11-21,219.1700,220.1800,219.0000,220.1500,188.4739,72402600
2016-11-22,220.5100,220.7900,219.7300,220.5800,188.8421,67429000
2016-11-23,219.9800,220.7600,219.7500,220.7000,188.9448,56620200
2016-11-25,221.1000,221.5600,221.0100,221.5200,189.6468,37872300
2016-11-28,221.1600,221.4800,220.3600,220.4800,188.7565,76572500
2016-11-29,220.5200,221.4400,220.1700,220.9100,189.1246,69886700
2016-11-30,221.6300,221.8200,220.3100,220.3800,188.6709,113291800
2016-12-01,220.7300,220.7300,219.1500,219.5700,187.9774,79040500
2016-12-02,219.6700,220.2500,219.2600,219.6800,188.0716,74840300
2016-12-05,220.6500,221.4000,220.4200,221.0000,189.2016,67837800
2016-12-06,221.2200,221.7400,220.6600,221.7000,189.8009,59877400
2016-12-07,221.5200,224.6700,221.3800,224.6000,192.2837,110738100
2016-12-08,224.5700,225.7000,224.2600,225.1500,192.7545,99714400
2016-12-09,225.4100,226.5300,225.3700,226.5100,193.9188,88005800
2016-12-12,226.4000,226.9600,225.7600,226.2500,193.6962,102016100
2016-12-13,227.0200,228.3400,227.0000,227.7600,194.9890,110477500
2016-12-14,227.4100,228.2300,225.3700,225.8800,193.3795,142501800
2016-12-15,226.1600,227.8100,225.8900,226.8100,194.1757,124972600
2016-12-16,226.0100,226.0800,224.6700,225.0400,193.7959,156420200
2016-12-19,225.2500,226.0200,225.0800,225.5300,194.2179,90341100
2016-12-20,226.1500,226.5700,225.8800,226.4000,194.9671,89838800
2016-12-21,226.2500,226.4500,225.7700,225.7700,194.4246,67909000
2016-12-22,225.6000,225.7400,224.9200,225.3800,194.0888,56219100
2016-12-23,225.4300,225.7200,225.2100,225.7100,194.3729,36697800
2016-12-27,226.0200,226.7300,226.0000,226.2700,194.8552,42672500
2016-12-28,226.5700,226.5900,224.2700,224.4000,193.2448,64095000
2016-12-29,224.4800,224.8900,223.8400,224.3500,193.2017,48696100
2016-12-30,224.7300,224.8300,222.7300,223.5300,192.4956,108998300
2017-01-03,225.0400,225.8300,223.8800,225.2400,193.9682,91366500
2017-01-04,225.6200,226.7500,225.6100,226.5800,195.1221,78744400
2017-01-05,226.2700,226.5800,225.4800,226.4000,194.9671,78379000
2017-01-06,226.5300,227.7500,225.9000,227.2100,195.6647,71559900
2017-01-09,226.9100,227.0700,226.4200,226.4600,195.0188,46939700
2017-01-10,226.4800,227.4500,226.0100,226.4600,195.0188,63771900
2017-01-11,226.3600,227.1000,225.5900,227.1000,195.5699,74650000
2017-01-12,226.5000,226.7500,224.9600,226.5300,195.0790,72113200
2017-01-13,226.7300,227.4000,226.6900,227.0500,195.5269,62717900
2017-01-17,226.3100,226.7800,225.8000,226.2500,194.8379,61240800
2017-01-18,226.5400,226.8000,225.9000,226.7500,195.2685,54793300
2017-01-19,226.8400,227.0000,225.4100,225.9100,194.5451,66608800
2017-01-20,226.7000,227.3100,225.9700,226.7400,195.2599,129168600
2017-01-23,226.7400,226.8100,225.2700,226.1500,194.7518,75061600
2017-01-24,226.4000,228.0800,226.2700,227.6000,196.0005,95555300
2017-01-25,228.7000,229.5700,228.5100,229.5700,197.6970,84437700
2017-01-26,229.4000,229.7100,229.0100,229.3300,197.4904,59970700
2017-01-27,229.4200,229.5900,228.7600,228.9700,197.1803,59711100
2017-01-30,228.1700,228.2000,226.4100,227.5500,195.9575,79737300
2017-01-31,226.9800,227.6000,226.3200,227.5300,195.9402,75880800
2017-02-01,227.5300,228.5900,226.9400,227.6200,196.0177,79117700
2017-02-02,227.6200,228.1000,226.8200,227.7700,196.1468,69657600
2017-02-03,228.8200,229.5500,228.4600,229.3400,197.4989,80563200
2017-02-06,228.8700,229.3300,228.5400,228.9300,197.1458,57790100
2017-02-07,229.3800,229.6600,228.7200,228.9400,197.1544,57931200
2017-02-08,228.9400,229.3900,228.3100,229.2400,197.4128,51566200
2017-02-09,229.2400,230.9500,229.2400,230.6000,198.5839,65955200
2017-02-10,231.0000,231.7700,230.6200,231.5100,199.3677,66015900
2017-02-13,232.0800,233.0700,232.0500,232.7700,200.4527,55182100
2017-02-14,232.5600,233.7100,232.1600,233.7000,201.2536,71109000
2017-02-15,233.4500,235.1400,233.3900,234.9200,202.3042,86785800
2017-02-16,234.9500,235.1600,233.8500,234.7200,202.1320,84722400
2017-02-17,233.9500,235.0900,233.9300,235.0900,202.4506,77204100
2017-02-21,235.5200,236.6900,235.5100,236.4900,203.6562,88946100
2017-02-22,236.0200,236.5400,235.8300,236.2800,203.4753,62115200
2017-02-23,236.8800,236.9000,235.5600,236.4400,203.6131,74615900
2017-02-24,235.4600,236.7900,235.4100,236.7400,203.8715,82381600
2017-02-27,236.6400,237.3100,236.3500,237.1100,204.1901,56515400
2017-02-28,236.6700,236.9500,236.0200,236.4700,203.6390,96961900
2017-03-01,238.3900,240.3200,238.3700,239.7800,206.4895,149158200
2017-03-02,239.5600,239.5700,238.2100,238.2700,205.1891,70246000
2017-03-03,238.1700,238.6100,237.7300,238.4200,205.3183,81974300
2017-03-06,237.5000,238.1200,237.0100,237.7100,204.7069,55391500
2017-03-07,237.3600,237.7700,236.7600,237.0000,204.0954,65103700
2017-03-08,237.3400,237.6400,236.4000,236.5600,203.7165,78168800
2017-03-09,236.7000,237.2400,235.7400,236.8600,203.9748,90683900
2017-03-10,237.9700,238.0200,236.5900,237.6900,204.6896,81991700
2017-03-13,237.6200,237.8600,237.2400,237.8100,204.7929,57256800
2017-03-14,237.1800,237.2400,236.1900,236.9000,204.0093,59880800
2017-03-15,237.5600,239.4400,237.2900,238.9500,205.7747,96081800
2017-03-16,239.1100,239.2000,238.1000,238.4800,205.3699,78344000
2017-03-17,237.7500,237.9700,237.0300,237.0300,205.0093,89002100
2017-03-20,237.0300,237.3600,236.3200,236.7700,204.7844,52537000
2017-03-21,237.4700,237.6100,233.5800,233.7300,202.1551,131809300
2017-03-22,233.7700,234.6100,233.0500,234.2800,202.6308,97569200
2017-03-23,234.2800,235.3400,233.6000,234.0300,202.4145,100410300
2017-03-24,234.3800,235.0400,232.9600,233.8600,202.2675,112504900
2017-03-27,231.9300,233.9200,231.6100,233.6200,202.0599,87454500
2017-03-28,233.2700,235.8100,233.1400,235.3200,203.5302,93483900
2017-03-29,234.9900,235.8100,234.7300,235.5400,203.7206,61950400
2017-03-30,235.4700,236.5200,235.2700,236.2900,204.3692,56737900
2017-03-31,235.9000,236.5100,235.6800,235.7400,203.8935,73733100
2017-04-03,235.8000,236.0300,233.9100,235.3300,203.5389,85546500
2017-04-04,235.0000,235.5800,234.5600,235.4800,203.6687,56466200
2017-04-05,236.2600,237.3900,234.5400,234.7800,203.0632,108800600
2017-04-06,234.9400,236.0400,234.4300,235.4400,203.6341,69135800
2017-04-07,235.1500,236.0000,234.6400,235.2000,203.4265,74412300
2017-04-10,235.3600,236.2600,234.7300,235.3400,203.5475,67615300
2017-04-11,234.9000,235.1800,233.3400,235.0600,203.3054,88045300
2017-04-12,234.7400,234.9600,233.7700,234.0300,202.4145,81864400
2017-04-13,233.6400,234.4900,232.5100,232.5100,201.0998,92880400
2017-04-17,233.1100,234.5700,232.8800,234.5700,202.8816,68405400
2017-04-18,233.7200,234.4900,233.0800,233.8700,202.2762,83225800
2017-04-19,234.5200,234.9500,233.1800,233.4400,201.9042,68699900
2017-04-20,234.1500,235.8500,233.7800,235.3400,203.5475,92572200
2017-04-21,235.2500,235.3100,234.1300,234.5900,202.8989,110389800
2017-04-24,237.1800,237.4100,234.5600,237.1700,205.1304,119209900
2017-04-25,237.9100,238.9500,237.8100,238.5500,206.3239,76698300
2017-04-26,238.5100,239.5300,238.3500,238.4000,206.1942,84702500
2017-04-27,238.7700,238.9500,237.9800,238.6000,206.3671,57410300
2017-04-28,238.9000,238.9300,237.9300,238.0800,205.9174,63532800
2017-05-01,238.6800,239.1700,238.2000,238.6800,206.4363,66882500
2017-05-02,238.8400,238.9800,238.3000,238.7700,206.5142,57375700
2017-05-03,238.7700,238.8800,237.7000,238.4800,206.2634,73137700
2017-05-04,238.8300,238.9200,237.7800,238.7600,206.5056,61462700
2017-05-05,239.1900,239.7200,238.6800,239.7000,207.3186,62001300
2017-05-08,239.7500,239.9200,239.1700,239.6600,207.2840,48385700
2017-05-09,239.9600,240.1900,239.0400,239.4400,207.0937,51363200
2017-05-10,239.3900,239.8700,239.1500,239.8700,207.4656,54293800
2017-05-11,239.3500,239.5700,238.1300,239.3800,207.0418,62358300
2017-05-12,239.0900,239.4300,238.6700,238.9800,206.6958,53912700
2017-05-15,239.4700,240.4400,239.4500,240.3000,207.8375,61918900
2017-05-16,240.6400,240.6700,239.6300,240.0800,207.6472,51241800
2017-05-17,240.0800,240.0800,235.7500,235.8200,203.9628,172174100
2017-05-18,235.7300,237.7500,235.4300,236.7700,204.7844,107047700
2017-05-19,237.3300,239.0800,237.2700,238.3100,206.1163,115011400
2017-05-22,238.9000,239.7100,238.8200,239.5200,207.1628,61010600
2017-05-23,239.9500,240.2400,239.5100,240.0500,207.6213,48341700
2017-05-24,240.3200,240.7300,239.9300,240.6100,208.1057,46927700
2017-05-25,241.2000,242.0800,240.9600,241.7600,209.1003,64071700
2017-05-26,241.5400,241.9000,241.4500,241.7100,209.0571,46629900
2017-05-30,241.3400,241.7900,241.1600,241.5000,208.8754,35201900
2017-05-31,241.8400,241.8800,240.6400,241.4400,208.8235,91796000
2017-06-01,241.9700,243.3800,241.6400,243.3600,210.4841,68962000
2017-06-02,243.4200,244.3500,243.0800,244.1700,211.1847,88666100
2017-06-05,243.9700,244.3000,243.7600,243.9900,211.0290,44698800
2017-06-06,243.3400,243.9800,243.1200,243.2100,210.3543,50375400
2017-06-07,243.6000,243.9200,242.8300,243.6600,210.7436,54144300
2017-06-08,243.7700,244.3300,243.1700,243.7800,210.8474,65950700
2017-06-09,244.0900,245.0100,241.9500,243.4100,210.5274,132256400
2017-06-12,243.1300,243.4200,242.3800,243.3600,210.4841,86108100
2017-06-13,243.9800,244.6100,243.5800,244.5500,211.5134,60067000
2017-06-14,244.8600,244.8700,243.2900,244.2400,211.2452,78602300
2017-06-15,242.6800,243.9100,242.3600,243.7700,210.8388,66464900
2017-06-16,242.7700,242.8300,241.6300,242.6400,210.8848,84553100
2017-06-19,243.5900,244.7300,243.4800,244.6600,212.6404,65123800
2017-06-20,244.2500,244.2600,242.9900,243.0100,211.2064,56906400
2017-06-21,243.4600,243.5900,242.4100,242.9500,211.1542,55977600
2017-06-22,242.9600,243.5300,242.6400,242.8400,211.0586,44148100
2017-06-23,242.9100,243.5100,242.4700,243.1300,211.3107,66986800
2017-06-26,243.9000,244.3800,243.0500,243.2900,211.4497,56700500
2017-06-27,243.0400,243.3800,241.3100,241.3300,209.7462,82247700
2017-06-28,242.5000,243.7200,242.2300,243.4900,211.6236,70042600
2017-06-29,243.6600,243.7200,239.9600,241.3500,209.7637,106949700
2017-06-30,242.2800,242.7100,241.5800,241.8000,210.1548,86820700
2017-07-03,242.8800,243.3800,242.2100,242.2100,210.5111,39153800
2017-07-05,242.6300,243.0100,241.7000,242.7700,210.9978,54427600
2017-07-06,241.8900,242.0300,240.3400,240.5500,209.0683,65400800
2017-07-07,241.2100,242.2800,240.5600,242.1100,210.4242,57972300
2017-07-10,242.1100,242.8000,241.7600,242.3700,210.6502,36663300
2017-07-11,242.3700,242.5500,240.8500,242.1900,210.4937,50354600
2017-07-12,243.3000,244.2000,243.3000,244.0100,212.0755,59610400
2017-07-13,244.0200,244.5500,243.7600,244.4200,212.4318,39471600
2017-07-14,244.4200,245.9700,244.3100,245.5600,213.4226,60262700
2017-07-17,245.4700,245.9100,245.3300,245.5300,213.3966,33531900
2017-07-18,245.0600,245.7200,244.6700,245.6600,213.5096,42742500
2017-07-19,246.0200,247.0000,246.0100,246.9900,214.6655,51034300
2017-07-20,247.2800,247.4200,246.4700,247.1000,214.7611,47135200
2017-07-21,246.4400,246.9100,246.1800,246.8800,214.5699,82340800
2017-07-24,246.7900,246.9800,246.2800,246.8200,214.5178,46622300
2017-07-25,247.6800,247.8000,247.1600,247.4200,215.0393,54915600
2017-07-26,247.7500,247.7900,247.1300,247.4300,215.0480,47575400
2017-07-27,247.9600,248.0000,245.6800,247.2000,214.8480,70766600
2017-07-28,246.6500,247.0600,246.1300,246.9100,214.5960,50088400
2017-07-31,247.3700,247.4800,246.5300,246.7700,214.4743,65838700
2017-08-01,247.4600,247.5000,246.7200,247.3200,214.9523,55050400
2017-08-02,247.4700,247.6000,246.3700,247.4400,215.0566,47211200
2017-08-03,247.3100,247.3400,246.6400,246.9600,214.6395,40856000
2017-08-04,247.5200,247.7900,246.9700,247.4100,215.0305,60191800
2017-08-07,247.4900,247.8700,247.3700,247.8700,215.4303,31995000
2017-08-08,247.5100,248.9100,246.8300,247.2600,214.9001,61719400
2017-08-09,246.4700,247.3100,246.0600,247.2500,214.8915,62632600
2017-08-10,246.2900,246.4400,243.7000,243.7600,211.8582,120479500
2017-08-11,244.0200,244.8000,243.7500,244.1200,212.1711,74869900
2017-08-14,245.5900,246.7900,245.5500,246.5400,214.2744,73291900
2017-08-15,246.9800,247.0000,246.1600,246.5100,214.2483,55242700
2017-08-16,247.1100,247.5700,246.4500,246.9400,214.6220,56715500
2017-08-17,246.2400,246.6000,243.0900,243.0900,211.2759,128490400
2017-08-18,242.9000,244.1900,242.2000,242.7100,210.9456,136748000
2017-08-21,242.6400,243.2000,241.8300,242.9000,211.1108,65469700
2017-08-22,243.5700,245.6200,243.5500,245.4400,213.3183,63140100
2017-08-23,244.3300,245.0500,244.1600,244.5600,212.5536,50203800
2017-08-24,245.0000,245.1800,243.7500,243.9900,212.0581,50741700
2017-08-25,244.9000,245.6100,244.3900,244.5600,212.5536,64445900
2017-08-28,245.1700,245.2000,244.0900,244.5700,212.5622,40565600
2017-08-29,243.0600,245.1500,242.9300,244.8500,212.8056,51135700
2017-08-30,244.8300,246.3200,244.6200,246.0100,213.8138,62030800
2017-08-31,246.7200,247.7700,246.0500,247.4900,215.1001,103803900
2017-09-01,247.9200,248.3300,247.6700,247.8400,215.4043,62007000
2017-09-05,247.2600,247.5200,244.9500,246.0600,213.8573,91398800
2017-09-06,246.8400,247.2800,246.2300,246.9000,214.5873,57916900
2017-09-07,247.2500,247.2700,246.4000,246.8700,214.5612,58034700
2017-09-08,246.5400,247.1100,246.3000,246.5800,214.3092,63832800
2017-09-11,248.0400,249.3000,248.0200,249.2100,216.5949,71364800
2017-09-12,249.6300,250.0900,249.4200,250.0500,217.3250,56896000
2017-09-13,249.7200,250.2100,249.5900,250.1700,217.4294,59228000
2017-09-14,249.8000,250.3200,249.6000,250.0900,217.3598,95446300
2017-09-15,248.6900,249.2900,248.5700,249.1900,217.6524,95432400
2017-09-18,249.6100,250.1200,249.2800,249.7200,218.1153,46235200
2017-09-19,250.0000,250.0700,249.6000,249.9700,218.3337,47108100
2017-09-20,250.0700,250.1900,248.9200,250.0600,218.4123,59574100
2017-09-21,249.8800,249.9800,249.1900,249.3900,217.8271,48211400
2017-09-22,249.0500,249.6300,249.0200,249.4400,217.8708,51214000
2017-09-25,249.1500,249.5500,248.0800,248.9300,217.4253,57064400
2017-09-26,249.4200,249.7000,248.8100,249.0800,217.5563,54082000
2017-09-27,249.8800,250.4900,248.8700,250.0500,218.4035,81001400
2017-09-28,249.7300,250.4400,249.6300,250.3500,218.6656,44778800
2017-09-29,250.3400,251.3200,250.1300,251.2300,219.4343,85578000
2017-10-02,251.4900,252.3200,251.2900,252.3200,220.3862,59023000
2017-10-03,252.3200,252.8900,252.2300,252.8600,220.8579,66810200
2017-10-04,252.6900,253.4400,252.5600,253.1600,221.1200,55953600
2017-10-05,253.5400,254.6800,253.2000,254.6600,222.4301,63522800
2017-10-06,254.1500,254.7000,253.8500,254.3700,222.1768,80646000
2017-10-09,254.6300,254.7000,253.6500,253.9500,221.8100,35803100
2017-10-10,254.6000,255.0500,253.9800,254.6200,222.3951,43057400
2017-10-11,254.5100,255.0200,254.3200,255.0200,222.7446,47674300
2017-10-12,254.6600,255.0600,254.3700,254.6400,222.4127,47065100
2017-10-13,255.1400,255.2700,254.6400,254.9500,222.6834,54800400
2017-10-16,255.2100,255.5100,254.8200,255.2900,222.9803,38221700
2017-10-17,255.2300,255.5200,254.9800,255.4700,223.1376,31561000
2017-10-18,255.9000,255.9500,255.5000,255.7200,223.3560,40888300
2017-10-19,254.8300,255.8300,254.3500,255.7900,223.4172,61903800
2017-10-20,256.7000,257.1400,255.7700,257.1100,224.5700,89176400
2017-10-23,257.4800,257.5100,256.0200,256.1100,223.6966,63915300
2017-10-24,256.6000,256.8300,256.1500,256.5600,224.0897,66935900
2017-10-25,256.1800,256.3100,254.0000,255.2900,222.9803,103715300
2017-10-26,255.9900,256.3000,255.4800,255.6200,223.2687,69798000
2017-10-27,256.4700,257.8900,255.6300,257.7100,225.0941,85562500
2017-10-30,256.4700,257.6000,256.4100,256.7500,224.2556,54285700
2017-10-31,257.1800,257.4400,256.8100,257.1500,224.6050,60304800
2017-11-01,258.0400,258.4300,257.0700,257.4900,224.9020,54202700
2017-11-02,257.4100,257.7500,256.1900,257.5900,224.9893,56449500
2017-11-03,257.7700,258.5000,257.3000,258.4500,225.7405,59589700
2017-11-06,258.3000,259.0000,258.2200,258.8500,226.0899,49652600
2017-11-07,258.9700,259.3500,258.0900,258.6700,225.9326,57502200
2017-11-08,258.4700,259.2200,258.1500,259.1100,226.3169,50469600
2017-11-09,257.7300,258.3900,256.3600,258.1700,225.4959,95085500
2017-11-10,257.7300,258.2900,257.3700,258.0900,225.4259,59984700
2017-11-13,257.3100,258.5900,257.2700,258.3300,225.6357,50228600
2017-11-14,257.4100,257.8500,256.5200,257.7300,225.1116,61315200
2017-11-15,256.6200,257.2200,255.6300,256.4400,223.9849,80811500
2017-11-16,257.5200,259.0400,257.4700,258.6200,225.8889,67777000
2017-11-17,258.2200,258.5900,257.7700,257.8600,225.2251,75756800
2017-11-20,258.1400,258.5200,257.8600,258.3000,225.6095,48075500
2017-11-21,259.1800,260.2000,258.2600,259.9900,227.0856,69176800
2017-11-22,260.0000,260.1500,259.5700,259.7600,226.8847,45033400
2017-11-24,260.3200,260.4800,260.1600,260.3600,227.4087,27856500
2017-11-27,260.4100,260.7500,260.0000,260.2300,227.2952,52274900
2017-11-28,260.7600,262.9000,260.6500,262.8700,229.6011,98971700
2017-11-29,263.0200,263.6300,262.2000,262.7100,229.4613,77512100
2017-11-30,263.7600,266.0500,263.6700,265.0100,231.4703,127894400
2017-12-01,264.7600,265.3100,260.7600,264.4600,230.9898,164390900
2017-12-04,266.3100,266.8000,264.0800,264.1400,230.7103,94040600
2017-12-05,263.1900,265.1500,263.0400,263.1900,229.8806,77994500
2017-12-06,263.3000,263.7300,262.7100,263.2400,229.9242,75898600
2017-12-07,264.0700,264.4300,262.9400,264.0700,230.6492,77218600
2017-12-08,265.1600,265.5200,264.0300,265.5100,231.9069,76563900
2017-12-11,266.3100,266.3800,265.4800,266.3100,232.6057,83077500
2017-12-12,267.2100,267.3200,266.3500,266.7800,233.0163,85195800
2017-12-13,267.0600,267.5600,266.6500,266.7500,232.9900,102905400
2017-12-14,267.0900,267.2200,265.6000,265.6600,232.0379,100666700
2017-12-15,265.4500,267.0400,265.3900,266.5100,233.9703,144610300
2017-12-18,268.1000,268.6000,267.9800,268.2000,235.4539,83653600
2017-12-19,268.4800,268.5300,267.0900,267.1700,234.5497,82382900
2017-12-20,268.2700,268.3300,266.6900,267.0300,234.4267,76751500
2017-12-21,267.7400,268.3900,267.3000,267.5800,234.9096,67032300
2017-12-22,267.6000,267.6400,266.9000,267.5100,234.8482,78720900
2017-12-26,267.0500,267.4400,266.8900,267.1900,234.5673,45244400
2017-12-27,267.3800,267.7300,267.0100,267.3200,234.6813,57751000
2017-12-28,267.8900,267.9200,267.4500,267.8700,235.1642,45116100
2017-12-29,268.5300,268.5500,266.6400,266.8600,234.2775,96007400
2018-01-02,267.8400,268.8100,267.4000,268.7700,235.9543,86655700
2018-01-03,268.9600,270.6400,268.9600,270.4700,237.4467,90070400
2018-01-04,271.2000,272.1600,270.5400,271.6100,238.4475,80636400
2018-01-05,272.5100,273.5600,271.9500,273.4200,240.0365,83524000
2018-01-08,273.3100,274.1000,272.9800,273.9200,240.4755,57319200
2018-01-09,274.4000,275.2500,274.0800,274.5400,241.0198,57254000
2018-01-10,273.6800,274.4200,272.9200,274.1200,240.6510,69574300
2018-01-11,274.7500,276.1200,274.5600,276.1200,242.4069,62361500
2018-01-12,276.4200,278.1100,276.0800,277.9200,243.9871,90816100
2018-01-16,279.3500,280.0900,276.1800,276.9700,243.1531,106555100
2018-01-17,278.0300,280.0500,276.9700,279.6100,245.4708,113258800
2018-01-18,279.4800,279.9600,278.5800,279.1400,245.0582,100728000
2018-01-19,279.8000,280.4100,279.1400,280.4100,246.1731,140920100
2018-01-22,280.1700,282.6900,280.1100,282.6900,248.1747,91322400
2018-01-23,282.7400,283.6200,282.3700,283.2900,248.7015,97084700
2018-01-24,284.0200,284.7000,281.8400,283.1800,248.6048,134816100
2018-01-25,284.1600,284.2700,282.4000,283.3000,248.7102,84587300
2018-01-26,284.2500,286.6300,283.9600,286.5800,251.5897,107743100
2018-01-29,285.9300,286.4300,284.5000,284.6800,249.9218,90118300
2018-01-30,282.6000,284.7400,281.2200,281.7600,247.3582,131796400
2018-01-31,282.7300,283.3000,280.6800,281.9000,247.4812,108364800
2018-02-01,281.0700,283.0600,280.6800,281.5800,247.2002,90102500
2018-02-02,280.0800,280.2300,275.4100,275.4500,241.8186,173174800
2018-02-05,273.4500,275.8500,263.3100,263.9300,231.7052,294681800
2018-02-06,259.9400,269.7000,258.7000,269.1300,236.2704,355026800
2018-02-07,268.5000,272.3600,267.5800,267.6700,234.9886,167376100
2018-02-08,268.0100,268.1700,257.5900,257.6300,226.1745,246449500
2018-02-09,260.8000,263.6100,252.9200,261.5000,229.5719,283565300
2018-02-12,263.8300,267.0100,261.6600,265.3400,232.9431,143736000
2018-02-13,263.9700,266.6200,263.3100,266.0000,233.5225,81223600
2018-02-14,264.3100,270.0000,264.3000,269.5900,236.6742,120735700
2018-02-15,271.5700,273.0400,268.7700,273.0300,239.6942,111200300
2018-02-16,272.3200,275.3200,272.2700,273.1100,239.7644,160420100
2018-02-20,272.0300,273.6700,270.5000,271.4000,238.2631,86369700
2018-02-21,271.9000,274.7200,269.9400,270.0500,237.0779,98883700
2018-02-22,271.1000,273.0500,269.6400,270.4000,237.3853,110511300
2018-02-23,271.7900,274.7100,271.2500,274.7100,241.1691,92766400
2018-02-26,275.9300,278.0100,275.2600,277.9000,243.9696,86491400
2018-02-27,278.1100,278.9200,274.3600,274.4300,240.9233,99099200
2018-02-28,275.6800,276.1900,271.2900,271.6500,238.4827,121907800
2018-03-01,271.4100,273.1700,266.0000,267.7000,235.0149,176855100
2018-03-02,265.8000,269.7200,264.8200,269.0800,236.2264,139083200
2018-03-05,267.7300,272.8900,267.6100,272.1900,238.9568,97307400
2018-03-06,273.3000,273.3900,271.1800,272.8800,239.5625,79213200
2018-03-07,270.4200,273.1800,270.2000,272.7800,239.4747,87063500
2018-03-08,273.5500,274.2400,272.4200,274.1000,240.6335,66901200
2018-03-09,275.7000,278.8700,275.3400,278.8700,244.8211,113625300
2018-03-12,279.2000,279.9100,278.0800,278.5200,244.5138,71924800
2018-03-13,279.8400,280.4100,276.0300,276.7200,242.9336,91968900
2018-03-14,277.8100,278.0200,274.6700,275.3000,241.6870,105895100
2018-03-15,275.8800,276.6100,274.4300,275.0000,241.4236,83433000
2018-03-16,274.5000,275.3900,274.1400,274.2000,241.6854,100343700
2018-03-19,273.3500,274.4000,268.6200,270.4900,238.4153,109208400
2018-03-20,270.9400,271.6700,270.1800,270.9500,238.8208,59757300
2018-03-21,270.9000,273.2700,270.1900,270.4300,238.3624,78709600
2018-03-22,267.9100,268.8700,263.3600,263.6700,232.4041,148785900
2018-03-23,264.1700,264.5400,257.8300,258.0500,227.4505,183534800
2018-03-26,262.1300,265.4300,259.4100,265.1100,233.6732,141956100
2018-03-27,266.1700,266.7700,258.8400,260.6000,229.6981,129941400
2018-03-28,260.7500,262.6400,258.5800,259.8300,229.0194,146452300
2018-03-29,261.1200,265.2600,259.8400,263.1500,231.9458,111601600
2018-04-02,262.5500,263.1300,254.6700,257.4700,226.9393,186286300
2018-04-03,258.8700,261.3100,256.8400,260.7700,229.8479,119956900
2018-04-04,256.7500,264.3600,256.6000,263.5600,232.3071,123715300
2018-04-05,265.5500,266.6400,264.3200,265.6400,234.1405,82652600
2018-04-06,263.4200,265.1100,258.0000,259.7200,228.9225,179521200
2018-04-09,261.3700,264.8400,259.9400,261.0000,230.0507,105442900
2018-04-10,264.2700,266.0400,262.9800,265.1500,233.7086,103529000
2018-04-11,263.4700,265.6400,263.3900,263.7600,232.4834,91140200
2018-04-12,265.2600,267.0000,265.0600,265.9300,234.3961,68890500
2018-04-13,267.4100,267.5400,264.0100,265.1500,233.7086,85079200
2018-04-16,267.0000,268.2000,266.0700,267.3300,235.6301,63405300
2018-04-17,269.3300,270.8700,268.7500,270.1900,238.1509,64682000
2018-04-18,270.6900,271.3000,269.8700,270.3900,238.3272,57303900
2018-04-19,269.6500,269.8800,267.7200,268.8900,237.0051,77655900
2018-04-20,268.8100,269.0600,265.6100,266.6100,234.9955,99953100
2018-04-23,267.2600,267.8900,265.3500,266.5700,234.9602,65558000
2018-04-24,267.7300,267.9800,261.2800,262.9800,231.7959,112885500
2018-04-25,262.9100,264.1300,260.8500,263.6300,232.3688,103840900
2018-04-26,264.7900,267.2500,264.2900,266.3100,234.7310,67731900
2018-04-27,267.0000,267.3400,265.5000,266.5600,234.9513,57053600
2018-04-30,267.2600,267.8900,264.4300,264.5100,233.1445,82182300
2018-05-01,263.8700,265.1000,262.1100,264.9800,233.5587,74203400
2018-05-02,264.7600,265.6800,262.7600,263.2000,231.9898,86368900
2018-05-03,262.2600,263.3600,259.0500,262.6200,231.4786,136311500
2018-05-04,261.5200,266.7900,261.1500,266.0200,234.4754,91222100
2018-05-07,266.8900,268.0200,266.1100,266.9200,235.2687,55304900
2018-05-08,266.5000,267.3300,265.1500,266.9200,235.2687,67499200
2018-05-09,267.6800,269.8700,267.0900,269.5000,237.5428,59666100
2018-05-10,270.3400,272.3900,270.2200,272.0200,239.7639,72063900
2018-05-11,272.1600,273.1500,271.5800,272.8500,240.4955,59871500
2018-05-14,273.3400,274.0800,272.3600,272.9800,240.6101,54790600
2018-05-15,271.5900,271.6100,270.0300,271.1000,238.9530,87036100
2018-05-16,271.1400,272.7600,271.1100,272.2400,239.9578,53942600
2018-05-17,271.9400,273.2300,271.1300,272.0100,239.7551,56536400
2018-05-18,271.6200,272.0300,270.9300,271.3300,239.1558,64368000
2018-05-21,273.0100,273.9800,272.5700,273.3700,240.9538,58025900
2018-05-22,273.9600,274.2500,272.2400,272.6100,240.2839,52966400
2018-05-23,271.1700,273.3900,270.9900,273.3600,240.9450,64694200
2018-05-24,272.9100,273.2200,270.7800,272.8000,240.4514,76043800
2018-05-25,272.1500,272.8600,271.5800,272.1500,239.8785,56374800
2018-05-29,270.3100,271.1700,267.7600,269.0200,237.1197,115908600
2018-05-30,270.5000,273.1100,270.4200,272.6100,240.2839,69678400
2018-05-31,272.1500,272.4900,270.2600,270.9400,238.8121,93519900
2018-06-01,272.4100,273.9400,272.3300,273.6000,241.1566,71258400
2018-06-04,274.5300,275.1900,274.2600,274.9000,242.3024,45385200
2018-06-05,275.0500,275.5300,274.1800,275.1000,242.4787,51135000
2018-06-06,275.7900,277.5200,275.0900,277.4000,244.5060,62732200
2018-06-07,277.9500,278.2800,276.3400,277.3700,244.4795,72969400
2018-06-08,276.8500,278.2500,276.6600,278.1900,245.2023,72139700
2018-06-11,278.4400,279.3700,278.3100,278.5600,245.5284,58892500
2018-06-12,279.0300,279.3300,278.1900,278.9200,245.8457,72329000
2018-06-13,279.1900,279.4800,277.8000,278.0300,245.0613,79070600
2018-06-14,279.0100,279.3300,278.0600,278.7300,245.6783,77097600
2018-06-15,276.6000,277.5100,275.3500,277.1300,245.3649,120041600
2018-06-18,275.4900,276.7000,274.9500,276.5600,244.8602,52917600
2018-06-19,274.0000,275.7500,273.5300,275.5000,243.9217,97531500
2018-06-20,276.2700,276.7200,275.5900,275.9700,244.3378,53785500
2018-06-21,275.9600,275.9800,273.6800,274.2400,242.8061,71061400
2018-06-22,275.6600,275.7900,274.4900,274.7400,243.2488,54898500
2018-06-25,273.4400,273.6200,269.1000,271.0000,239.9374,137854200
2018-06-26,271.6400,272.5600,270.7900,271.6000,240.4687,68547400
2018-06-27,272.2600,273.8700,269.1800,269.3500,238.4766,105110700
2018-06-28,269.2900,271.7500,268.4900,270.8900,239.8401,76650500
2018-06-29,272.1200,273.6600,271.1500,271.2800,240.1853,97592500
2018-07-02,269.5100,272.0400,269.2400,271.8600,240.6988,63554800
2018-07-03,272.8700,272.9800,270.4200,270.9000,239.8489,42187100
2018-07-05,272.1700,273.1800,270.9600,273.1100,241.8056,56925900
2018-07-06,273.1400,275.8400,272.7100,275.4200,243.8508,66493700
2018-07-09,276.5500,277.9600,276.5000,277.9000,246.0466,50550400
2018-07-10,278.4100,279.0100,278.0800,278.9000,246.9319,51966800
2018-07-11,277.1500,278.0400,276.5200,276.8600,245.1258,77054700
2018-07-12,278.2800,279.4300,277.6000,279.3700,247.3480,60124700
2018-07-13,279.1700,279.9300,278.6600,279.5900,247.5428,48216000
2018-07-16,279.6400,279.8000,278.8400,279.3400,247.3215,48201000
2018-07-17,278.4700,280.9100,278.4100,280.4700,248.3219,52315500
2018-07-18,280.5600,281.1800,280.0600,281.0600,248.8444,44593500
2018-07-19,280.3100,280.7400,279.4600,280.0000,247.9059,61412100
2018-07-20,279.7700,280.4800,279.5000,279.6800,247.6225,82337700
2018-07-23,279.4500,280.4300,279.0600,280.2000,248.0830,47047600
2018-07-24,281.7900,282.5600,280.6300,281.6100,249.3314,68026900
2018-07-25,281.3300,284.3700,281.2800,284.0100,251.4563,78882900
2018-07-26,283.2000,284.1100,283.0900,283.3400,250.8631,57919500
2018-07-27,283.7100,283.8200,280.3800,281.4200,249.1631,76768700
2018-07-30,281.5100,281.6900,279.3600,279.9500,247.8616,63742500
2018-07-31,280.8100,282.0200,280.3800,281.3300,249.0833,68570500
2018-08-01,281.5600,282.1300,280.1300,280.8600,248.6673,53853300
2018-08-02,279.3900,282.5800,279.1600,282.3900,250.0219,63426400
2018-08-03,282.5300,283.6600,282.3300,283.6000,251.0932,53935400
2018-08-06,283.6400,284.9900,283.2000,284.6400,252.0139,39400900
2018-08-07,285.3900,286.0100,285.2400,285.5800,252.8463,43196600
2018-08-08,285.3900,285.9100,284.9400,285.4600,252.7400,42114600
2018-08-09,285.5300,285.9700,284.9200,285.0700,252.3947,35717000
2018-08-10,283.4500,284.0600,282.3600,283.1600,250.7037,77076000
2018-08-13,283.4700,284.1600,281.7700,282.1000,249.7652,65732900
2018-08-14,282.9200,284.1700,282.4800,283.9000,251.3589,43842000
2018-08-15,282.3800,282.5400,280.1600,281.7800,249.4818,102925400
2018-08-16,283.4000,285.0400,283.3600,284.0600,251.5005,69967900
2018-08-17,283.8300,285.5600,283.3700,285.0600,252.3860,65618500
2018-08-20,285.5700,285.9700,285.0600,285.6700,252.9260,39807500
2018-08-21,286.2500,287.3100,285.7100,286.3400,253.5192,67272000
2018-08-22,285.8800,286.7600,285.5800,286.1700,253.3687,44993300
2018-08-23,285.9700,286.9400,285.4300,285.7900,253.0322,49204900
2018-08-24,286.4400,287.6700,286.3800,287.5100,254.5551,57487400
2018-08-27,288.8600,289.9000,288.6800,289.7800,256.5649,57072400
2018-08-28,290.3000,290.4200,289.4000,289.9200,256.6889,46943500
2018-08-29,290.1600,291.7400,289.8900,291.4800,258.0700,61485500
2018-08-30,290.9400,291.3600,289.6300,290.3000,257.0253,61229500
2018-08-31,289.8400,290.8100,289.2900,290.3100,257.0342,66140800
2018-09-04,289.8400,290.2100,288.6800,289.8100,256.5915,57594400
2018-09-05,289.4100,289.6400,287.8900,289.0300,255.9008,72452400
2018-09-06,289.1500,289.4900,287.0000,288.1600,255.1305,65909900
2018-09-07,286.9800,288.7000,286.7100,287.6000,254.6347,73524800
2018-09-10,288.7400,289.0400,287.8800,288.1000,255.0774,50210900
2018-09-11,287.3700,289.5500,286.9800,289.0500,255.9186,50530500
2018-09-12,289.0600,289.8000,288.2300,289.1200,255.9805,59810800
2018-09-13,290.3200,291.0400,290.0000,290.8300,257.4945,51034200
2018-09-14,291.0600,291.2700,290.0000,290.8800,257.5388,55079900
2018-09-17,290.8200,290.8600,289.0300,289.3400,256.1752,68244000
2018-09-18,289.5800,291.5800,289.5500,290.9100,257.5654,61930400
2018-09-19,290.9700,291.6900,290.8300,291.2200,257.8398,49080600
2018-09-20,292.6400,293.9400,291.2400,293.5800,259.9294,100360600
2018-09-21,293.0900,293.2200,291.8100,291.9900,259.6918,105479700
2018-09-24,291.3400,291.5000,290.3700,291.0200,258.8292,53409600
2018-09-25,291.5300,291.6500,290.4800,290.7500,258.5890,44370000
2018-09-26,290.9100,292.2400,289.4100,289.8800,257.8153,79739700
2018-09-27,290.4100,291.9100,290.1000,290.6900,258.5357,59249500
2018-09-28,289.9900,291.2800,289.9500,290.7200,258.5623,70091400
2018-10-01,292.1100,292.9300,290.9800,291.7300,259.4606,62078900
2018-10-02,291.5600,292.3600,291.1400,291.5600,259.3094,47258200
2018-10-03,292.7400,293.2100,291.3200,291.7200,259.4517,64694600
2018-10-04,291.1800,291.2400,287.6600,289.4400,257.4239,111545900
2018-10-05,289.6900,290.2700,286.2200,287.8200,255.9831,105951700
2018-10-08,287.0500,288.2200,285.5000,287.8200,255.9831,87742200
2018-10-09,287.3900,288.8600,286.7700,287.4000,255.6096,74339000
2018-10-10,286.8300,286.9100,277.8800,278.3000,247.5161,214731000
2018-10-11,277.0800,278.9000,270.3600,272.1700,242.0643,274840500
2018-10-12,276.7700,277.0900,272.3700,275.9500,245.4261,183186500
2018-10-15,275.5500,277.0400,274.3000,274.4000,244.0475,102263700
2018-10-16,276.6000,280.8200,276.0700,280.4000,249.3838,118255800
2018-10-17,280.4400,281.1500,277.5600,280.4500,249.4283,110626000
2018-10-18,279.4000,280.0700,274.9700,276.4000,245.8263,134557500
2018-10-19,277.1300,279.3000,275.4700,276.2500,245.6929,139901600
2018-10-22,277.0000,277.3600,274.4100,275.0100,244.5900,82415800
2018-10-23,270.9500,274.8700,268.6100,273.6100,243.3449,146352700
2018-10-24,273.3300,273.7600,264.7000,265.3200,235.9719,177806700
2018-10-25,267.3800,271.8100,266.2300,270.0800,240.2054,138061500
2018-10-26,265.9200,271.0000,262.2900,265.3300,235.9808,201574600
2018-10-29,268.8000,270.2500,259.8500,263.8600,234.6734,160749100
2018-10-30,263.6700,268.1200,263.1200,267.7700,238.1509,157116000
2018-10-31,270.6500,273.2300,270.1200,270.6300,240.6946,128296300
2018-11-01,271.6000,273.7300,270.3800,273.5100,243.2560,99495000
2018-11-02,274.7500,275.2300,269.5900,271.8900,241.8152,122634100
2018-11-05,272.4400,274.0100,271.3500,273.3900,243.1493,65622500
2018-11-06,273.3200,275.3000,273.2500,275.1200,244.6879,60085900
2018-11-07,277.5600,281.1000,277.0800,281.0100,249.9263,102752100
2018-11-08,280.1100,281.2200,279.2200,280.5000,249.4727,65584900
2018-11-09,279.0300,279.2400,276.1800,277.7600,247.0359,98812600
2018-11-12,277.1900,277.4600,271.9900,272.5700,242.4200,99673600
2018-11-13,273.0900,275.3300,271.2500,272.0600,241.9664,98176600
2018-11-14,274.1600,274.6100,268.4500,270.2000,240.3121,125335900
2018-11-15,268.7800,273.5400,267.0100,273.0200,242.8202,135101400
2018-11-16,271.7900,274.7500,271.2100,273.7300,243.4517,126668000
2018-11-19,273.0500,273.3800,268.0700,269.1000,239.3338,103061700
2018-11-20,265.3600,267.0000,263.1500,264.1200,234.9046,136021300
2018-11-21,265.8600,267.1500,265.0100,265.0200,235.7050,75563700
2018-11-23,263.1800,264.8200,263.0700,263.2500,234.1308,42807900
2018-11-26,265.7800,267.7500,265.3400,267.5000,237.9108,79981400
2018-11-27,266.3400,268.4000,265.6600,268.4000,238.7112,75502400
2018-11-28,269.6000,274.5800,268.3300,274.5800,244.2076,127629600
2018-11-29,273.7100,275.5500,272.4300,273.9800,243.6740,82346400
2018-11-30,273.8100,276.2800,273.4500,275.6500,245.1592,98204200
2018-12-03,280.2800,280.4000,277.5100,279.3000,248.4055,103176300
2018-12-04,278.3700,278.8500,269.9000,270.2500,240.3566,177986000
2018-12-06,265.9200,269.9700,262.4400,269.8400,239.9919,204185400
2018-12-07,269.4600,271.2200,262.6300,263.5700,234.4155,161018900
2018-12-10,263.3700,265.1600,258.6200,264.0700,234.8602,151445900
2018-12-11,267.6600,267.8700,262.4800,264.1300,234.9135,121504400
2018-12-12,267.4700,269.0000,265.3700,265.4600,236.0964,97976700
2018-12-13,266.5200,267.4900,264.1200,265.3700,236.0163,96662700
2018-12-14,262.9600,264.0300,259.8500,260.4700,231.6584,116961100
2018-12-17,259.4000,260.6500,253.5300,255.3600,227.1136,165492300
2018-12-18,257.2000,257.9500,253.2800,255.0800,226.8646,134515100
2018-12-19,255.1700,259.4000,249.3500,251.2600,223.4672,214992800
2018-12-20,249.8600,251.6200,244.6500,247.1700,219.8296,252053400
2018-12-21,246.7400,249.7100,239.9800,240.7000,215.3253,255345600
2018-12-24,239.0400,240.8400,234.2700,234.3400,209.6358,147311600
2018-12-26,235.9700,246.1800,233.7600,246.1800,220.2276,218485400
2018-12-27,242.5700,248.2900,238.9600,248.0700,221.9184,186267300
2018-12-28,249.5800,251.4000,246.4500,247.7500,221.6321,153100200
2018-12-31,249.5600,250.1900,247.4700,249.9200,223.5734,144299400
2019-01-02,245.9800,251.2100,245.9500,250.1800,223.8060,126925200
2019-01-03,248.2300,248.5700,243.6700,244.2100,218.4653,144140700
2019-01-04,247.5900,253.1100,247.1700,252.3900,225.7830,142628800
2019-01-07,252.6900,255.9500,251.6900,254.3800,227.5632,103139100
2019-01-08,256.8200,257.3100,254.0000,256.7700,229.7012,102512600
2019-01-09,257.5600,258.9100,256.1900,257.9700,230.7747,95006600
2019-01-10,256.2600,259.1600,255.5000,258.8800,231.5888,96823900
2019-01-11,257.6800,259.0100,257.0300,258.9800,231.6783,73858100
2019-01-14,256.8600,258.3000,256.4100,257.4000,230.2648,70908200
2019-01-15,257.8200,260.7000,257.8100,260.3500,232.9038,85208300
2019-01-16,260.8300,261.9700,260.6000,260.9800,233.4675,77636700
2019-01-17,260.0100,263.9200,259.9600,262.9600,235.2387,96118400
2019-01-18,264.9800,266.9800,263.0000,266.4600,238.3697,127900300
2019-01-22,264.8200,265.0600,261.0600,262.8600,235.1492,115531200
2019-01-23,264.0100,264.7900,260.6600,263.4100,235.6412,86030300
2019-01-24,263.2100,264.2000,262.0800,263.5500,235.7665,59204100
2019-01-25,265.6100,266.7000,263.6600,265.7800,237.7613,96883400
2019-01-28,263.3900,263.8300,261.7900,263.7600,235.9544,85613700
2019-01-29,263.9200,264.5500,262.4800,263.4100,235.6412,66136300
2019-01-30,265.1000,268.5200,264.2500,267.5800,239.3716,92473700
2019-01-31,267.5100,270.4700,267.2700,269.9300,241.4739,104012100
2019-02-01,270.1500,271.2000,269.1800,270.0600,241.5902,85782500
2019-02-04,270.1100,272.0300,269.3600,271.9600,243.2900,60744800
2019-02-05,272.4400,273.4400,271.8800,273.1000,244.3097,79552800
2019-02-06,272.7900,273.3400,271.9200,272.7400,243.9876,58347800
2019-02-07,270.9400,271.5500,268.2900,270.1400,241.6618,95482000
2019-02-08,268.7500,270.5800,267.8300,270.4700,241.9570,75788900
2019-02-11,271.2000,271.4900,270.0300,270.6200,242.0912,68021400
2019-02-12,272.4200,274.5200,272.3400,274.1000,245.2044,72270200
2019-02-13,275.0300,275.9300,274.5600,274.9900,246.0005,65277200
2019-02-14,273.7800,275.6400,272.8700,274.3800,245.4548,83234400
2019-02-15,276.3600,277.4100,276.1300,277.3700,248.1296,97088700
2019-02-19,276.4800,278.5800,276.4700,277.8500,248.5590,59120800
2019-02-20,277.8100,278.9200,277.2500,278.4100,249.0600,76610800
2019-02-21,277.7000,278.1000,276.3500,277.4200,248.1742,64214700
2019-02-22,278.1100,279.3600,277.4000,279.1400,249.7130,78114600
2019-02-25,280.7300,281.3100,279.4300,279.5200,250.0529,69030700
2019-02-26,279.1300,280.3000,278.9000,279.3200,249.8740,56844100
2019-02-27,278.5200,279.5900,277.4800,279.2000,249.7666,56921600
2019-02-28,278.9600,279.4500,278.3200,278.6800,249.3015,69268300
2019-03-01,280.4400,280.8800,278.8200,280.4200,250.8581,78880500
2019-03-04,281.6000,281.8700,276.8400,279.4000,249.9457,106494600
2019-03-05,279.5400,279.7600,278.4100,279.0200,249.6056,59114600
2019-03-06,279.1500,279.1600,276.9700,277.3300,248.0938,75039800
2019-03-07,276.8300,276.9900,274.0700,275.0100,246.0184,94885100
2019-03-08,272.9400,274.6500,272.4200,274.4600,245.5264,85795800
2019-03-11,275.2600,278.6200,275.2300,278.4400,249.0868,65098900
2019-03-12,279.0600,280.0700,278.8500,279.4900,250.0261,79667500
2019-03-13,280.4800,282.3800,280.3000,281.3400,251.6811,80639200
2019-03-14,281.3700,281.8400,280.6700,281.1600,251.5200,67518400
2019-03-15,280.5400,282.2100,280.3300,281.3100,252.7627,81309000
2019-03-18,281.5500,282.6600,281.3000,282.3300,253.6792,62199800
2019-03-19,283.5100,284.3600,281.4100,282.4000,253.7420,90268100
2019-03-20,282.1600,283.5000,280.3200,281.5500,252.9785,84609200
2019-03-21,280.6400,285.1800,280.5900,284.7300,255.8356,79550400
2019-03-22,283.2200,283.8000,279.1800,279.2500,250.9116,122659300
2019-03-25,278.8700,280.1900,277.6400,279.0400,250.7230,85575200
2019-03-26,280.9900,282.1800,279.5600,281.1200,252.5920,68125900
2019-03-27,281.1100,281.7600,277.9300,279.6500,251.2711,72224700
2019-03-28,280.3500,281.2100,279.0700,280.7100,252.2236,56238500
2019-03-29,282.3900,282.8400,281.1400,282.4800,253.8139,82186800
2019-04-01,284.7000,286.1600,284.4000,285.8300,256.8239,77617900
2019-04-02,286.0400,286.2300,285.0900,285.9700,256.9498,40070400
2019-04-03,287.3200,287.7600,285.7500,286.4200,257.3542,68243200
2019-04-04,286.7800,287.4600,286.0100,287.1800,258.0370,48997500
2019-04-05,287.9200,288.6300,287.6000,288.5700,259.2859,58621700
2019-04-08,288.1000,288.9100,287.3700,288.7900,259.4836,53566300
2019-04-09,287.7200,288.0800,286.7000,287.3100,258.1538,66142300
2019-04-10,287.7700,288.3900,287.3100,288.2900,259.0343,52601500
2019-04-11,288.8300,288.8400,287.5800,288.2100,258.9624,55093100
2019-04-12,290.0000,290.4700,288.2600,290.1600,260.7146,69727800
2019-04-15,290.2400,290.3500,289.0800,289.9700,260.5439,49596700
2019-04-16,290.9500,291.0100,289.5000,290.1600,260.7146,52153200
2019-04-17,291.4000,291.4300,288.9900,289.4500,260.0767,58268300
2019-04-18,290.1000,290.3200,288.6600,290.0200,260.5889,68708500
2019-04-22,289.1700,290.4400,289.0700,290.2700,260.8135,40160100
2019-04-23,290.6800,293.1400,290.4200,292.8800,263.1586,52246600
2019-04-24,292.7900,293.1600,292.0700,292.2300,262.5745,50392900
2019-04-25,292.1200,292.7800,290.7300,292.0500,262.4128,57770900
2019-04-26,292.1000,293.4900,291.2400,293.4100,263.6348,50916400
2019-04-29,293.5100,294.4500,293.4100,293.8700,264.0481,57197700
2019-04-30,293.4900,294.3400,291.9200,294.0200,264.1828,81111700
2019-05-01,294.7200,294.9500,291.8000,291.8100,262.1972,71671900
2019-05-02,291.6800,292.7000,289.5200,291.1800,261.6311,65030200
2019-05-03,292.8200,294.3400,291.3000,294.0300,264.1918,56543700
2019-05-06,289.2500,293.3100,288.9000,292.8200,263.1047,107198100
2019-05-07,290.1500,290.8100,285.8100,287.9300,258.7109,144729900
2019-05-08,287.5300,289.4300,286.8700,287.5300,258.3515,91568300
2019-05-09,285.2300,287.3300,283.3000,286.6600,257.5698,103471100
2019-05-10,285.6200,288.9400,282.3000,288.1000,258.8636,112429300
2019-05-13,282.4200,283.4900,279.9300,280.8600,252.3583,127290500
2019-05-14,281.9900,285.1000,281.8500,283.4000,254.6406,77003200
2019-05-15,281.5900,285.7700,281.3600,285.0600,256.1322,73956400
2019-05-16,285.8400,289.2100,285.7600,287.7000,258.5043,76749600
2019-05-17,285.1400,288.6000,285.1200,285.8400,256.8330,100353000
2019-05-20,284.0600,285.9600,283.1200,283.9500,255.1348,62877600
2019-05-21,285.8300,286.9300,285.5500,286.5100,257.4351,46847100
2019-05-22,285.4500,286.6900,285.1000,285.6300,256.6443,49482500
2019-05-23,283.1600,283.2100,280.5700,282.1400,253.5085,98733800
2019-05-24,283.7400,284.2000,282.0900,282.7800,254.0836,55268100
2019-05-28,283.0900,284.1500,280.1300,280.1500,251.7204,70029400
2019-05-29,278.9100,279.3600,276.7100,278.2700,250.0313,104972900
2019-05-30,279.1100,280.0400,277.8100,279.0300,250.7140,62523800
2019-05-31,276.2000,277.1200,275.2400,275.2700,247.3356,86862800
2019-06-03,275.3100,276.5500,273.0900,274.5700,246.7066,96428000
2019-06-04,277.1200,280.6800,276.6200,280.5300,252.0619,77231900
2019-06-05,282.3300,282.9900,280.3200,282.9600,254.2452,71169700
2019-06-06,283.2900,285.5500,282.5700,284.8000,255.8985,69430400
2019-06-07,285.9300,288.8500,285.7400,287.6500,258.4592,74272200
2019-06-10,289.3700,290.8200,288.8700,288.9700,259.6453,60799100
2019-06-11,290.9900,291.4000,288.1800,288.9000,259.5825,58641300
2019-06-12,288.6400,289.2600,287.8200,288.3900,259.1242,47096300
2019-06-13,289.4000,289.9800,288.6200,289.5800,260.1934,48945200
2019-06-14,289.2600,289.9300,288.4100,289.2600,259.9059,52324700
2019-06-17,289.5200,290.2200,289.1800,289.3700,260.0047,39205700
2019-06-18,291.3900,293.5700,290.9900,292.4000,262.7273,85434800
2019-06-19,292.5500,293.6500,291.4700,293.0600,263.3203,78674400
2019-06-20,296.0400,296.3100,293.1300,295.8600,265.8362,116570000
2019-06-21,294.1300,295.5200,293.7600,294.0000,265.4497,83309500
2019-06-24,294.2300,294.5800,293.4700,293.6400,265.1247,47582700
2019-06-25,293.7000,293.7300,290.6400,290.7600,262.5243,82028700
2019-06-26,291.7500,292.3100,290.3500,290.4700,262.2625,51584900
2019-06-27,291.3100,292.0600,290.8900,291.5000,263.1925,40355200
2019-06-28,292.5800,293.5500,292.0100,293.0000,264.5468,59350900
2019-07-01,296.6800,296.9200,294.3300,295.6600,266.9485,78705600
2019-07-02,295.6100,296.4900,294.6800,296.4300,267.6437,61504500
2019-07-03,297.1800,298.8200,297.0200,298.8000,269.7836,40898900
2019-07-05,297.4400,298.6400,296.0100,298.4600,269.4766,51677300
2019-07-08,297.0100,298.2600,296.2200,296.8200,267.9958,45841800
2019-07-09,295.5400,297.5200,295.4800,297.1900,268.3300,41101300
2019-07-10,298.3700,299.6600,297.7800,298.6100,269.6121,58448500
2019-07-11,299.3200,299.5800,298.2000,299.3100,270.2441,50826100
2019-07-12,299.8500,300.7300,299.5100,300.6500,271.4539,40326000
2019-07-15,301.1300,301.1300,300.1900,300.7500,271.5442,33900000
2019-07-16,300.6500,300.8800,299.4400,299.7800,270.6685,36650100
2019-07-17,299.7500,299.9300,297.7400,297.7400,268.8264,36036300
2019-07-18,297.1900,299.2500,296.7000,298.8300,269.8107,51392600
2019-07-19,300.0400,300.0700,296.9800,297.1700,268.3118,58678600
2019-07-22,297.6100,298.5000,297.0400,297.9000,268.9709,43638100
2019-07-23,299.1400,300.0300,298.2200,300.0300,270.8942,44564500
2019-07-24,299.1900,301.4400,299.0900,301.4400,272.1672,47213200
2019-07-25,300.9400,301.0000,299.1100,300.0000,270.8671,55394100
2019-07-26,300.7600,302.2300,300.6200,302.0100,272.6819,45084100
2019-07-29,301.8800,302.0100,300.8500,301.4600,272.1853,38126500
2019-07-30,299.9100,301.1700,299.4900,300.7200,271.5171,45849000
2019-07-31,300.9900,301.2000,295.2000,297.4300,268.5467,104245200
2019-08-01,297.6000,300.8700,293.9600,294.8400,266.2082,142646600
2019-08-02,293.8500,294.1200,290.9000,292.6200,264.2036,116749700
2019-08-05,288.0900,288.2100,281.7200,283.8200,256.2583,178745400
2019-08-06,285.9100,288.0400,284.2800,287.8000,259.8518,120711700
2019-08-07,284.4000,288.8200,282.0400,287.9700,260.0052,140572300
2019-08-08,289.6200,293.6200,289.0100,293.6200,265.1067,87713900
2019-08-09,292.5800,293.2400,289.6500,291.6200,263.3009,93730000
2019-08-12,289.9600,291.6100,287.0200,288.0700,260.0956,65527600
2019-08-13,287.7400,294.1500,287.3600,292.5500,264.1406,94299800
2019-08-14,288.0700,288.7400,283.7600,283.9000,256.3305,135622100
2019-08-15,284.8800,285.6400,282.3900,284.6500,257.0077,99556600
2019-08-16,286.4800,289.3300,284.7100,288.8500,260.7999,83018300
2019-08-19,292.1900,293.0800,291.4400,292.3300,263.9419,53571800
2019-08-20,291.7700,292.3600,289.9500,290.0900,261.9193,51596400
2019-08-21,292.4800,292.8600,291.7200,292.4500,264.0503,49524700
2019-08-22,293.2300,293.9300,290.4000,292.3600,263.9690,51666400
2019-08-23,290.9200,292.7600,283.4700,284.8500,257.1883,149161500
2019-08-26,287.2700,288.0000,285.5800,288.0000,260.0322,72423800
2019-08-27,289.5400,289.9500,286.0300,286.8700,259.0121,66668900
2019-08-28,286.1400,289.0700,285.2500,288.8900,260.8360,59696700
2019-08-29,291.7200,293.1600,290.6100,292.5800,264.1676,57899400
2019-08-30,294.2200,294.2400,291.4200,292.4500,264.0503,62901200
2019-09-03,290.5700,291.5800,289.2700,290.7400,262.5063,69101400
2019-09-04,293.1400,294.0600,292.3100,294.0400,265.4859,46887300
2019-09-05,296.7900,298.8300,294.0000,297.8200,268.8987,83258100
2019-09-06,298.1700,298.7600,297.4200,298.0500,269.1064,49584300
2019-09-09,299.1400,299.2400,297.1600,298.2000,269.2419,51260300
2019-09-10,297.3600,298.2000,295.9700,298.1300,269.1786,57947100
2019-09-11,298.4700,300.3400,297.7500,300.2500,271.0928,68821100
2019-09-12,301.2500,302.4600,300.4100,301.2900,272.0319,72908700
2019-09-13,301.7800,302.1700,300.6800,301.0900,271.8513,62104800
2019-09-16,299.8400,301.1400,299.4500,300.1600,271.0116,58191200
2019-09-17,299.9400,301.0200,299.7500,300.9200,271.6978,41475500
2019-09-18,300.4900,301.2200,298.2400,301.1000,271.8603,73375800
2019-09-19,301.5300,302.6300,300.7100,301.0800,271.8422,76560500
2019-09-20,300.3600,300.6700,297.4100,298.2800,270.5578,89565000
2019-09-23,297.5500,299.0000,297.2700,298.2100,270.4943,43476800
2019-09-24,299.4100,299.8400,294.8100,295.8700,268.3717,94869400
2019-09-25,295.9600,298.1100,294.3300,297.6200,269.9592,71854000
2019-09-26,297.6300,297.8600,295.4500,297.0000,269.3968,56179700
2019-09-27,297.8300,297.9500,293.6900,295.4000,267.9455,84746600
2019-09-30,295.9700,297.5500,295.9200,296.7700,269.1882,51662400
2019-10-01,297.7400,298.4600,293.0000,293.2400,265.9862,88242400
2019-10-02,291.5000,291.5100,286.6400,288.0600,261.2876,122539500
2019-10-03,287.8100,290.4500,284.8200,290.4200,263.4283,85278800
2019-10-04,291.1400,294.6300,291.0800,294.3500,266.9930,65091200
2019-10-07,293.4700,295.2600,292.7700,293.0800,265.8411,59610500
2019-10-08,291.0400,291.8500,288.4900,288.5300,261.7140,95708100
2019-10-09,290.7500,292.3000,290.0600,291.2700,264.1993,62359400
2019-10-10,291.1800,294.2100,291.0000,293.2400,265.9862,55296300
2019-10-11,296.2700,298.7400,296.1400,296.2800,268.7437,98720400
2019-10-14,295.9300,296.6700,295.5700,295.9500,268.4443,40394800
2019-10-15,297.1000,299.7000,296.9700,298.8800,271.1020,46754500
2019-10-16,298.3700,299.1600,297.9200,298.4000,270.6667,48928200
2019-10-17,299.6800,300.2400,298.5200,299.2800,271.4649,45736600
2019-10-18,298.6900,299.4000,297.0300,297.9700,270.2766,64304000
2019-10-21,299.4200,300.2100,298.9400,299.9900,272.1089,39048600
2019-10-22,300.5800,300.9000,298.9100,299.0100,271.2200,48594700
2019-10-23,298.7300,299.9400,298.5000,299.8800,272.0091,34352200
2019-10-24,300.9100,301.0700,299.4600,300.3700,272.4535,35453100
2019-10-25,299.7400,302.2000,299.6800,301.6000,273.5692,45205400
2019-10-28,302.9400,303.8500,302.9100,303.3000,275.1112,42147000
2019-10-29,303.0000,304.2300,302.8600,303.2100,275.0296,44284900
2019-10-30,303.4300,304.5500,301.9900,304.1400,275.8732,49643900
2019-10-31,304.1300,304.1300,301.7300,303.3300,275.1384,69053800
2019-11-01,304.9200,306.1900,304.7400,306.1400,277.6873,71141500
2019-11-04,307.8500,308.0000,306.9600,307.3700,278.8029,60606900
2019-11-05,307.5900,307.9200,306.7100,307.0300,278.4945,42933200
2019-11-06,307.0300,307.4000,306.0600,307.1000,278.5581,46487100
2019-11-07,308.5700,309.6500,307.6600,308.1800,279.5377,54272300
2019-11-08,307.8000,309.0000,307.0300,308.9400,280.2269,49032100
2019-11-11,307.4200,308.5400,307.2700,308.3500,279.6919,35797300
2019-11-12,308.7500,309.9900,308.1500,309.0000,280.2815,46484600
2019-11-13,307.9100,309.5400,307.6600,309.1000,280.3723,53917700
2019-11-14,308.7900,309.6400,308.0900,309.5500,280.7803,51219900
2019-11-15,311.0200,311.8400,310.2600,311.7900,282.8122,62023600
2019-11-18,311.5300,312.2800,311.0300,312.0200,283.0208,49228000
2019-11-19,312.6800,312.6900,311.2200,311.9300,282.9391,67804700
2019-11-20,311.2800,311.8500,309.0600,310.7700,281.8870,79406200
2019-11-21,310.8900,311.0100,309.3900,310.2700,281.4334,54664700
2019-11-22,311.0900,311.2400,309.8500,310.9600,282.0593,44850200
2019-11-25,311.9800,313.3700,311.9800,313.3700,284.2453,48647200
2019-11-26,313.4100,314.2800,313.0600,314.0800,284.8893,37569000
2019-11-27,314.6100,315.4800,314.3700,315.4800,286.1592,44444600
2019-11-29,314.8600,315.1300,314.0600,314.3100,285.0980,36592700
2019-12-02,314.5900,314.6600,311.1700,311.6400,282.6761,75767800
2019-12-03,308.6500,309.6400,307.1300,309.5500,280.7803,73941700
2019-12-04,310.7000,312.1200,310.3200,311.4600,282.5129,49080000
2019-12-05,312.2300,312.2500,310.5800,312.0200,283.0208,40709000
2019-12-06,314.1200,315.3100,314.1100,314.8700,285.6058,48927000
2019-12-09,314.4400,315.1800,313.8000,313.8800,284.7079,34838500
2019-12-10,313.8200,314.5500,312.8100,313.5300,284.3904,52649800
2019-12-11,314.0300,314.7000,313.4400,314.4200,285.1978,53429100
2019-12-12,314.4300,317.9900,314.1700,317.1300,287.6559,96389600
2019-12-13,316.8700,318.6700,316.0200,317.3200,287.8282,81503900
2019-12-16,319.2200,320.1500,317.2500,319.5000,289.8056,82749700
2019-12-17,319.9200,320.2500,319.4800,319.5700,289.8691,61097700
2019-12-18,320.0000,320.2500,319.5300,319.5900,289.8873,48133000
2019-12-19,319.8000,320.9800,319.5200,320.9000,291.0754,85310500
2019-12-20,320.4600,321.9700,319.3900,320.7300,292.3516,147142100
2019-12-23,321.5900,321.6500,321.0600,321.2200,292.7982,52990000
2019-12-24,321.4700,321.5200,320.9000,321.2300,292.8073,20270000
2019-12-26,321.6500,322.9500,321.6400,322.9400,294.3660,30911200
2019-12-27,323.7400,323.8000,322.2800,322.8600,294.2931,42528800
2019-12-30,322.9500,323.1000,320.5500,321.0800,292.6706,49729100
2019-12-31,320.5300,322.1300,320.1500,321.8600,293.3815,57077300
2020-01-02,323.5400,324.8900,322.5300,324.8700,296.1253,59151200
2020-01-03,321.1600,323.6400,321.1000,322.4100,293.8829,77709700
2020-01-06,320.4900,323.7300,320.3600,323.6400,295.0041,55653900
2020-01-07,323.0200,323.5400,322.2400,322.7300,294.1746,40496400
2020-01-08,322.9400,325.7800,322.6700,324.4500,295.7425,68296000
2020-01-09,326.1600,326.7300,325.5200,326.6500,297.7478,48473300
2020-01-10,327.2900,327.4600,325.2000,325.7100,296.8910,53029300
2020-01-13,326.3900,327.9600,325.9200,327.9500,298.9328,47086800
2020-01-14,327.4700,328.6200,326.8400,327.4500,298.4771,62832800
2020-01-15,327.3500,329.0200,327.2600,328.1900,299.1515,72056600
2020-01-16,329.7000,330.9200,329.4500,330.9200,301.6400,54050300
2020-01-17,331.7000,332.1800,330.8500,331.9500,302.5789,95846000
2020-01-21,330.9000,332.1800,330.8200,331.3000,301.9864,77742400
2020-01-22,332.2400,332.9500,331.1700,331.3400,302.0228,48914900
2020-01-23,330.6300,332.1700,329.4100,331.7200,302.3692,51963000
2020-01-24,332.4400,332.5300,327.3600,328.7700,299.6802,87578400
2020-01-27,323.0300,325.1200,322.6600,323.5000,294.8766,84062500
2020-01-28,325.0600,327.8500,323.6000,326.8900,297.9666,63834000
2020-01-29,328.3800,328.6300,326.4000,326.6200,297.7204,53888900
2020-01-30,324.3600,327.9100,323.5400,327.6800,298.6867,75491800
2020-01-31,327.0000,327.1700,320.7300,321.7300,293.2632,113845600
2020-02-03,323.3500,326.1600,323.2200,324.1200,295.4417,69083000
2020-02-04,328.0700,330.0100,327.7200,329.0600,299.9445,62573200
2020-02-05,332.2700,333.0900,330.6700,332.8600,303.4083,65951100
2020-02-06,333.9100,334.1900,332.8000,333.9800,304.4292,50359700
2020-02-07,332.8200,333.9900,331.6000,332.2000,302.8068,64139400
2020-02-10,331.2300,334.7500,331.1900,334.6800,305.0672,42070000
2020-02-11,336.1600,337.0200,334.6800,335.2600,305.5959,54864500
2020-02-12,336.8300,337.6500,336.4300,337.4200,307.5648,43992700
2020-02-13,335.8600,338.1200,335.5600,337.0600,307.2367,54501900
2020-02-14,337.5100,337.7300,336.2000,337.6000,307.7290,64582200
2020-02-18,336.5100,337.6700,335.2100,336.7300,306.9360,57226200
2020-02-19,337.7900,339.0800,337.4800,338.3400,308.4035,48814700
2020-02-20,337.7400,338.6400,333.6800,336.9500,307.1364,74163400
2020-02-21,335.4700,335.8100,332.5800,333.4800,303.9734,113788200
2020-02-24,323.1400,333.5600,321.2400,322.4200,293.8921,161088400
2020-02-25,323.9400,324.6100,311.6900,312.6500,284.9866,218913200
2020-02-26,314.1800,318.1100,310.7000,311.5000,283.9383,194773800
2020-02-27,305.4600,311.5600,297.5100,297.5100,271.1861,284353500
2020-02-28,288.7000,297.8900,285.5400,296.2600,270.0468,384975800
2020-03-02,298.2100,309.1600,294.4600,309.0900,281.7416,238703600
2020-03-03,309.5000,313.8400,297.5700,300.2400,273.6746,300139100
2020-03-04,306.1200,313.1000,303.3300,312.8600,285.1779,176613400
2020-03-05,304.9800,308.4700,300.0100,302.4600,275.6981,186366800
2020-03-06,293.1500,298.7800,290.2300,297.4600,271.1405,228667200
2020-03-09,275.3000,284.1900,273.4500,274.2300,249.9660,309417300
2020-03-10,284.6400,288.5200,273.5000,288.4200,262.9004,276444100
2020-03-11,280.7000,281.9400,270.8800,274.3600,250.0844,255316300
2020-03-12,256.0000,266.6600,247.6800,248.1100,226.1571,392220700
2020-03-13,263.0900,271.4800,248.5200,269.3200,245.4904,329566100
2020-03-16,241.1800,256.9000,237.3600,239.8500,218.6279,297240000
2020-03-17,245.0400,256.1700,237.0700,252.8000,230.4321,262070500
2020-03-18,236.2500,248.3700,228.0200,240.0000,218.7646,327597100
2020-03-19,239.2500,247.3800,232.2200,240.5100,219.2295,289322000
2020-03-20,242.5300,244.4700,228.5000,228.8000,209.7820,347158800
2020-03-23,228.1900,229.6800,218.2600,222.9500,204.4182,326025200
2020-03-24,234.4200,244.1000,233.8000,243.1500,222.9392,235494500
2020-03-25,244.8700,256.3500,239.7500,246.7900,226.2767,299430300
2020-03-26,249.5200,262.8000,249.0500,261.2000,239.4888,257632800
2020-03-27,253.2700,260.8100,251.0500,253.4200,232.3555,224341200
2020-03-30,255.7000,262.4300,253.5300,261.6500,239.9015,171369500
2020-03-31,260.5600,263.3300,256.2200,257.7500,236.3257,194881100
2020-04-01,247.9800,257.6600,243.9000,246.1500,225.6898,189554600
2020-04-02,245.1900,252.6800,244.5900,251.8300,230.8977,177660400
2020-04-03,250.7600,253.3200,245.2200,248.1900,227.5603,135561200
2020-04-06,257.8400,267.0000,248.1700,264.8600,242.8446,188061200
2020-04-07,274.2100,275.0300,264.8900,265.1300,243.0922,201427200
2020-04-08,267.9600,276.0000,265.2500,274.0300,251.2525,153774500
2020-04-09,277.5800,281.2000,275.4700,278.2000,255.0759,189999200
2020-04-13,277.1400,277.5100,271.4100,275.6600,252.7469,114839100
2020-04-14,280.9800,284.9000,275.5100,283.7900,260.2012,134143400
2020-04-15,277.5700,283.9400,275.4600,277.7600,254.6724,121775000
2020-04-16,279.1500,280.0300,275.7600,279.1000,255.9011,131798300
2020-04-17,285.3800,287.3000,282.4000,286.6400,262.8143,146684800
2020-04-20,282.6100,286.7900,281.3500,281.5900,258.1841,100109300
2020-04-21,276.7300,278.0400,272.0200,273.0400,250.3448,126385700
2020-04-22,278.3500,281.0000,276.9100,279.1000,255.9011,92951600
2020-04-23,280.4900,283.9400,278.7500,279.0800,255.8826,104709700
2020-04-24,280.7300,283.7000,278.5000,282.9700,259.4494,85063200
2020-04-27,285.1200,288.2700,284.6200,287.0500,263.1902,77896600
2020-04-28,291.0200,291.4000,285.4000,285.7300,261.9800,105270000
2020-04-29,291.5300,294.8800,290.4100,293.2100,268.8381,118745600
2020-04-30,291.7100,293.3200,288.5900,290.4800,266.3351,122901700
2020-05-01,285.3100,290.6600,281.5200,282.7900,259.2842,125180000
2020-05-04,280.7400,283.9000,279.1300,283.5700,259.9995,80873200
2020-05-05,286.6400,289.2500,283.7100,286.1900,262.4017,79569900
2020-05-06,288.0400,288.4600,283.7800,284.2500,260.6230,73632600
2020-05-07,287.7500,289.7800,287.1300,287.6800,263.7679,75250400
2020-05-08,291.0900,292.9500,289.8600,292.4400,268.1322,76452400
2020-05-11,290.3400,294.0000,289.8800,292.5000,268.1872,79514200
2020-05-12,293.7900,294.2400,286.5200,286.6700,262.8419,95870800
2020-05-13,286.0600,287.1900,278.9600,281.6000,258.1932,144721100
2020-05-14,278.9500,285.1100,272.9900,284.9700,261.2831,121977900
2020-05-15,282.3700,286.3300,281.3400,286.2800,262.4843,111146300
2020-05-18,293.0500,296.7500,292.7000,295.0000,270.4794,119703800
2020-05-19,294.3500,296.2100,291.9500,291.9700,267.7013,95189300
2020-05-20,295.8200,297.8700,295.5700,296.9300,272.2490,85861700
2020-05-21,296.7900,297.6700,293.6900,294.8800,270.3694,78293900
2020-05-22,294.5700,295.6300,293.2200,295.4400,270.8828,63958200
2020-05-26,301.9300,302.1900,295.4600,299.0800,274.2203,88951400
2020-05-27,302.1200,303.5700,296.8700,303.5300,278.3004,104817400
2020-05-28,304.6500,306.8400,302.2400,302.9700,277.7869,90405200
2020-05-29,302.4600,304.9600,299.4700,304.3200,279.0247,119090800
2020-06-01,303.6200,306.2100,303.0600,305.5500,280.1524,55758300
2020-06-02,306.5500,308.1300,305.1000,308.0800,282.4721,74267200
2020-06-03,310.2400,313.2200,309.9400,312.1800,286.2314,92567600
2020-06-04,311.1100,313.0000,309.0800,311.3600,285.4795,75794400
2020-06-05,317.2300,321.2700,317.1600,319.3400,292.7963,150524700
2020-06-08,320.2200,323.4100,319.6300,323.2000,296.3354,73641200
2020-06-09,320.3000,323.2800,319.3600,320.7900,294.1257,77479200
2020-06-10,321.4200,322.3900,318.2200,319.0000,292.4846,95000800
2020-06-11,311.4600,312.1500,300.0100,300.6100,275.6231,209243600
2020-06-12,308.2400,309.0800,298.6000,304.2100,278.9239,194678900
2020-06-15,298.0200,308.2800,296.7400,307.0500,281.5278,135782700
2020-06-16,315.4800,315.6400,307.6700,312.9600,286.9466,137627500
2020-06-17,314.0700,314.3900,310.8600,311.6600,285.7546,83398900
2020-06-18,310.0100,312.3000,309.5100,311.7800,285.8647,80828700
2020-06-19,314.1700,314.3800,306.5300,308.6400,284.2310,135549600
2020-06-22,307.9900,311.0500,306.7500,310.6200,286.0543,74649400
2020-06-23,313.4900,314.5000,311.6100,312.0500,287.3712,68471200
2020-06-24,309.8400,310.5100,302.1000,304.0900,280.0408,132813500
2020-06-25,303.4700,307.6400,301.2800,307.3500,283.0430,89468000
2020-06-26,306.1600,306.3900,299.4200,300.0500,276.3203,127961000
2020-06-29,301.4100,304.6100,298.9300,304.4600,280.3816,79773300
2020-06-30,303.9900,310.2000,303.8200,308.3600,283.9731,113394800
2020-07-01,309.5700,311.8900,309.0700,310.5200,285.9623,72396500
2020-07-02,314.2400,315.7000,311.5100,312.2300,287.5371,69344200
2020-07-06,316.3700,317.6800,315.5600,317.0500,291.9759,61713800
2020-07-07,315.3800,317.5200,313.3700,313.7800,288.9645,82910000
2020-07-08,314.6100,316.3000,312.7000,316.1800,291.1746,54638600
2020-07-09,316.8400,317.1000,310.6800,314.3800,289.5171,83354200
2020-07-10,314.3100,317.8800,312.7600,317.5900,292.4731,57550400
2020-07-13,320.1300,322.7100,314.1300,314.8400,289.9406,102997500
2020-07-14,313.3000,319.7600,312.0000,318.9200,293.6979,93657000
2020-07-15,322.4100,323.0400,319.2700,321.8500,296.3962,87196500
2020-07-16,319.7900,321.2800,319.0900,320.7900,295.4201,54622500
2020-07-17,321.8800,322.5700,319.7400,321.7200,296.2766,62774900
2020-07-20,321.4300,325.1300,320.6200,324.3200,298.6709,56308800
2020-07-21,326.4500,326.9300,323.9400,325.0100,299.3063,57292200
2020-07-22,324.6200,327.2000,324.5000,326.8600,301.0100,57792900
2020-07-23,326.4700,327.2300,321.4800,322.9600,297.4185,75738000
2020-07-24,320.9500,321.9900,319.2500,320.8800,295.5029,73766600
2020-07-27,321.6300,323.4100,320.7700,323.2200,297.6579,48293000
2020-07-28,322.4300,323.6400,320.8500,321.1700,295.7700,57495000
2020-07-29,322.1200,325.7300,322.0800,325.1200,299.4076,48454200
2020-07-30,321.9000,324.4100,319.6400,323.9600,298.3394,61861700
2020-07-31,325.9000,326.6300,321.3300,326.5200,300.6969,84986800
2020-08-03,328.3200,329.6200,327.7300,328.7900,302.7874,53077900
2020-08-04,327.8600,330.0600,327.8600,330.0600,303.9569,41917900
2020-08-05,331.4700,332.3900,331.1800,332.1100,305.8447,42697700
2020-08-06,331.4800,334.4600,331.1300,334.3300,307.8892,43679400
2020-08-07,333.2800,334.8800,332.3000,334.5700,308.1103,57308300
2020-08-10,335.0600,335.7700,332.9600,335.5700,309.0312,44282100
2020-08-11,336.8500,337.5400,332.0100,332.8000,306.4802,69601100
2020-08-12,335.4400,338.2800,335.4100,337.4400,310.7533,53774400
2020-08-13,336.6100,338.2500,335.8300,336.8300,310.1915,41816100
2020-08-14,336.4100,337.4200,335.6200,336.8400,310.2007,47260400
2020-08-17,337.9400,338.3400,336.8500,337.9100,311.1860,35481000
2020-08-18,338.3400,339.1000,336.6100,338.6400,311.8584,38733900
2020-08-19,339.0500,339.6100,336.6200,337.2300,310.5599,68054200
2020-08-20,335.3600,338.8000,335.2200,338.2800,311.5269,42207800
2020-08-21,337.9200,339.7200,337.5500,339.4800,312.6320,55106600
2020-08-24,342.1200,343.0000,339.4500,342.9200,315.7999,48588700
2020-08-25,343.5300,344.2100,342.2700,344.1200,316.9049,38463400
2020-08-26,344.7600,347.8600,344.1700,347.5700,320.0822,50790200
2020-08-27,348.5100,349.9000,346.5300,348.3300,320.7820,58034100
2020-08-28,349.4400,350.7200,348.1500,350.5800,322.8541,48588900
2020-08-31,350.3500,351.3000,349.0600,349.3100,321.6845,66099200
2020-09-01,350.2100,352.7100,349.2400,352.6000,324.7143,54908700
2020-09-02,354.6700,358.7500,353.4300,357.7000,329.4110,69540000
2020-09-03,355.8700,356.3800,342.5900,345.3900,318.0746,148011100
2020-09-04,346.1300,347.8300,334.8700,342.5700,315.4775,139156300
2020-09-08,336.7100,342.6400,332.8800,333.2100,306.8578,114465300
2020-09-09,337.5500,342.4600,336.6100,339.7900,312.9174,91462300
2020-09-10,341.8200,342.5300,332.8500,333.8900,307.4840,90569500
2020-09-11,335.8200,336.9700,331.0000,334.0600,307.6406,84680200
2020-09-14,337.4900,340.3800,334.2200,338.4600,311.6926,65605700
2020-09-15,341.1200,342.0200,338.4700,340.1700,313.2673,52920900
2020-09-16,341.5100,343.0600,338.5200,338.8200,312.0242,82096000
2020-09-17,333.5600,337.7000,332.9900,335.8400,309.2798,91523300
2020-09-18,335.3700,335.4900,327.9700,330.6500,305.7192,105877900
2020-09-21,325.7000,327.1300,321.7300,326.9700,302.3167,99450800
2020-09-22,328.5700,330.9000,325.8600,330.3000,305.3956,63612100
2020-09-23,330.9000,331.2000,322.1000,322.6400,298.3131,93112200
2020-09-24,321.2200,326.8000,319.8000,323.5000,299.1083,76681300
2020-09-25,322.5800,329.5800,321.6400,328.7300,303.9439,71069400
2020-09-28,333.2200,334.9600,332.1500,334.1900,308.9923,64584600
2020-09-29,333.9700,334.7700,331.6200,332.3700,307.3095,51304000
2020-09-30,333.0900,338.2900,332.8800,334.8900,309.6395,104081100
2020-10-01,337.6900,338.7400,335.0100,337.0400,311.6273,88698700
2020-10-02,331.7000,337.0100,331.1900,333.8400,308.6686,89431100
2020-10-05,336.0600,339.9600,336.0100,339.7600,314.1423,45713100
2020-10-06,339.9100,342.1700,334.3800,334.9300,309.6765,90128900
2020-10-07,338.1200,341.6300,338.0900,340.7600,315.0670,56999600
2020-10-08,342.8500,343.8500,341.8600,343.7800,317.8592,45242500
2020-10-09,345.5600,347.3500,344.8900,346.8500,320.6977,59528600
2020-10-12,349.5900,354.0200,349.0600,352.4300,325.8570,80388500
2020-10-13,352.2800,352.4700,349.0900,350.1300,323.7304,73255500
2020-10-14,350.7500,351.9300,347.1400,347.9300,321.6963,57727900
2020-10-15,343.7100,348.0200,343.1300,347.5000,321.2987,60357700
2020-10-16,348.9600,350.7500,347.1000,347.2900,321.1045,89501900
2020-10-19,348.6500,349.3300,341.0400,342.0100,316.2226,68425600
2020-10-20,343.4600,346.8800,342.6400,343.3800,317.4893,60051900
2020-10-21,343.3300,345.6700,342.4000,342.7300,316.8884,63575000
2020-10-22,342.9600,345.2400,340.6500,344.6100,318.6266,55399300
2020-10-23,345.9300,345.9900,343.1300,345.7800,319.7083,49143900
2020-10-26,342.1300,342.9800,335.6200,339.3900,313.8003,91473000
2020-10-27,339.7600,340.1200,337.9900,338.2200,312.7184,65994100
2020-10-28,332.1000,338.2500,326.1300,326.6600,302.0300,127094300
2020-10-29,326.9100,333.4000,325.0900,329.9800,305.0997,90597700
2020-10-30,328.2800,329.6900,322.6000,326.5400,301.9191,120287300
2020-11-02,330.2000,332.3600,327.2400,330.2000,305.3031,86068300
2020-11-03,333.6900,338.2500,330.2900,336.0300,310.6935,93294200
2020-11-04,340.8600,347.9400,339.5900,343.5400,317.6374,126959700
2020-11-05,349.2400,352.1900,348.8600,350.2400,323.8322,82039700
2020-11-06,349.9300,351.5100,347.6500,350.1600,323.7581,74973000
2020-11-09,363.9700,364.3800,354.0600,354.5600,327.8264,172304200
2020-11-10,353.4900,355.1800,350.5100,354.0400,327.3456,85552000
2020-11-11,356.4000,357.5600,355.0600,356.6700,329.7773,58649000
2020-11-12,355.5800,356.7200,351.2600,353.2100,326.5782,67546200
2020-11-13,355.2700,358.9000,354.7100,358.1000,331.0995,62892200
2020-11-16,360.9800,362.7800,359.5900,362.5700,335.2324,74541100
2020-11-17,359.9700,361.9200,358.3400,360.6200,333.4294,66111000
2020-11-18,360.9100,361.5000,356.2400,356.2800,329.4167,70591300
2020-11-19,355.6000,358.1800,354.1500,357.7800,330.8036,59940900
2020-11-20,357.5000,357.7200,355.2500,355.3300,328.5383,70417300
2020-11-23,357.2800,358.8200,354.8700,357.4600,330.5077,63230600
2020-11-24,360.2100,363.8100,359.2900,363.2200,335.8335,62415900
2020-11-25,363.1300,363.1600,361.4800,362.6600,335.3156,45330900
2020-11-27,363.8400,364.1800,362.5800,363.6700,336.2495,28514100
2020-11-30,362.8300,363.1200,359.1700,362.0600,334.7608,83872700
2020-12-01,365.5700,367.6800,364.9300,366.0200,338.4223,74231400
2020-12-02,364.8200,366.9600,364.2000,366.7900,339.1343,45927000
2020-12-03,366.6800,368.1900,365.5000,366.6900,339.0418,62882000
2020-12-04,367.3200,369.8500,367.2200,369.8500,341.9635,50749900
2020-12-07,369.0200,369.6200,367.7200,369.0900,341.2608,48944300
2020-12-08,367.7200,370.7800,367.6700,370.1700,342.2594,42458900
2020-12-09,370.8800,371.0500,365.9500,366.8500,339.1897,74098300
2020-12-10,365.3700,367.8600,364.4300,366.7300,339.0788,57735400
2020-12-11,364.9000,366.7400,363.2600,366.3000,338.6811,57698600
2020-12-14,368.6400,369.8000,364.4700,364.6600,337.1648,69216200
2020-12-15,367.4000,369.5900,365.9200,369.5900,341.7231,63865300
2020-12-16,369.8200,371.1600,368.8700,370.1700,342.2594,58420500
2020-12-17,371.9400,372.4600,371.0500,372.2400,344.1734,64119500
2020-12-18,370.9700,371.1500,367.0200,369.1800,342.7990,136542300
2020-12-21,364.9700,378.4600,362.0300,367.8600,341.5733,96386700
2020-12-22,368.2100,368.3300,366.0300,367.2400,340.9977,47949000
2020-12-23,368.2800,369.6200,367.2200,367.5700,341.3041,46201400
2020-12-24,368.0800,369.0300,367.4500,369.0000,342.6319,26457900
2020-12-28,371.7400,372.5900,371.0700,372.1700,345.5754,39000400
2020-12-29,373.8100,374.0000,370.8300,371.4600,344.9161,53680500
2020-12-30,372.3400,373.1000,371.5700,371.9900,345.4082,49455300
2020-12-31,371.7800,374.6600,371.2300,373.8800,347.1632,78520700
2021-01-04,375.3100,375.4500,364.8200,368.7900,342.4370,110210800
2021-01-05,368.1000,372.5000,368.0500,371.3300,344.7955,66426200
2021-01-06,369.7100,376.9800,369.1200,373.5500,346.8568,107997700
2021-01-07,376.1000,379.9000,375.9100,379.1000,352.0102,68766800
2021-01-08,380.5900,381.4900,377.1000,381.2600,354.0159,71677200
2021-01-11,377.8500,380.5800,377.7200,378.6900,351.6295,51034700
2021-01-12,378.8900,379.8600,376.3600,378.7700,351.7038,52547700
2021-01-13,378.6900,380.8600,377.8500,379.7900,352.6509,45303600
2021-01-14,380.5900,381.1300,378.1000,378.4600,351.4159,49989100
2021-01-15,376.7200,377.5800,373.7000,375.7000,348.8532,107160000
2021-01-19,378.3400,379.2300,376.7500,378.6500,351.5923,51233300
2021-01-20,381.1100,384.7900,380.6900,383.8900,356.4579,61836100
2021-01-21,384.4900,384.9500,383.2500,384.2400,356.7828,47840100
2021-01-22,382.2500,384.1300,381.8400,382.8800,355.5201,52860500
2021-01-25,383.6700,384.7700,378.4600,384.3900,356.9222,70402000
2021-01-26,385.4100,385.8500,383.5400,383.7900,356.3651,42665300
2021-01-27,380.2200,380.3200,372.0100,374.4100,347.6553,123351100
2021-01-28,376.3600,381.9300,375.8900,377.6300,350.6453,94198100
2021-01-29,375.6300,376.6700,368.2700,370.0700,343.6255,126765100
2021-02-01,373.7200,377.3400,370.3800,376.2300,349.3452,75817600
2021-02-02,379.6500,383.2200,376.3200,381.5500,354.2852,64450700
2021-02-03,382.4400,383.7000,380.4800,381.8500,354.5637,52427100
2021-02-04,382.9600,386.2400,381.9700,386.1900,358.5936,47142600
2021-02-05,388.2000,388.4700,386.1400,387.7100,360.0049,48669800
2021-02-08,389.2700,390.5600,388.3500,390.5100,362.6049,38365200
2021-02-09,389.6100,390.8900,389.1700,390.2500,362.3635,35551100
2021-02-10,392.1200,392.2800,387.5000,390.0800,362.2056,59154400
2021-02-11,391.2400,391.6900,388.1000,390.7100,362.7905,42913300
2021-02-12,389.8500,392.9000,389.7700,392.6400,364.5827,50593300
2021-02-16,393.9600,394.1700,391.5300,392.3000,364.2669,50972400
2021-02-17,390.4200,392.6600,389.3300,392.3900,364.3505,52290600
2021-02-18,389.5900,391.5200,387.7400,390.7200,362.7999,59712800
2021-02-19,392.0700,392.3800,389.5500,390.0300,362.1592,83241000
2021-02-22,387.0600,389.6200,386.7400,387.0300,359.3735,67414200
2021-02-23,384.6600,388.9500,380.2000,387.5000,359.8099,107284100
2021-02-24,386.3300,392.2300,385.2700,391.7700,363.7748,72433900
2021-02-25,390.4100,391.8800,380.7800,382.3300,355.0093,146670500
2021-02-26,384.3500,385.5800,378.2300,380.3600,353.1801,152701600
2021-03-01,385.5900,390.9200,380.5700,389.5800,361.7413,105348800
2021-03-02,389.8200,390.0700,386.0000,386.5400,358.9186,79595300
2021-03-03,385.7900,386.8300,381.3100,381.4200,354.1644,119940200
2021-03-04,381.2200,384.0000,371.8800,376.7000,349.7817,183433000
2021-03-05,380.4600,384.7600,372.6400,383.6300,356.2165,152039600
2021-03-08,384.6600,387.6800,381.4200,381.7200,354.4430,123149200
2021-03-09,385.8500,389.9100,385.3100,387.1700,359.5035,113633600
2021-03-10,389.6900,391.4000,388.1700,389.5800,361.7413,109899400
2021-03-11,392.2300,395.6500,391.7400,393.5300,365.4091,86245000
2021-03-12,392.0700,394.2100,391.2000,394.0600,365.9012,64653600
2021-03-15,394.3300,396.6900,392.0300,396.4100,368.0833,73427200
2021-03-16,397.0700,397.8300,395.0800,395.9100,367.6190,73722500
2021-03-17,394.5300,398.1200,393.3000,397.2600,368.8725,97959300
2021-03-18,394.4800,396.7200,390.7500,391.4800,363.5056,115349100
2021-03-19,389.8800,391.5700,387.1500,389.4800,362.8330,113624500
2021-03-22,390.0300,394.0700,389.9700,392.5900,365.7302,73778600
2021-03-23,391.9100,393.4600,388.6600,389.5000,362.8515,90686600
2021-03-24,391.0000,392.7500,387.4700,387.5200,361.0070,97588600
2021-03-25,385.9800,390.5500,383.9000,389.7000,363.0379,116128600
2021-03-26,390.9300,396.4100,390.2900,395.9800,368.8882,114409100
2021-03-29,394.4000,396.7500,392.8100,395.7800,368.7019,108107600
2021-03-30,394.4200,395.4500,393.0200,394.7300,367.7238,76262200
2021-03-31,395.3400,398.0000,395.3100,396.3300,369.2143,112734200
2021-04-01,398.4000,400.6700,398.1800,400.6100,373.2014,99682900
2021-04-05,403.4600,406.9400,403.3800,406.3600,378.5581,91684800
2021-04-06,405.7600,407.2400,405.4000,406.1200,378.3344,62021000
2021-04-07,405.9400,406.9600,405.4500,406.5900,378.7723,55836300
2021-04-08,407.9300,408.5800,406.9300,408.5200,380.5703,57863100
2021-04-09,408.3900,411.6700,408.2600,411.4900,383.3370,61104600
2021-04-12,410.8500,411.9300,410.2000,411.6400,383.4768,56704900
2021-04-13,411.5300,413.5300,411.1200,412.8600,384.6134,56551000
2021-04-14,412.8300,413.9600,410.8700,411.4500,383.2998,61659900
2021-04-15,413.7400,416.1600,413.6900,415.8700,387.4174,60229800
2021-04-16,417.2500,417.9100,415.7300,417.2600,388.7124,82037300
2021-04-19,416.2600,416.7400,413.7900,415.2100,386.8026,78498500
2021-04-20,413.9100,415.0900,410.5900,412.1700,383.9706,81851800
2021-04-21,411.5100,416.2900,411.3600,416.0700,387.6038,66793000
2021-04-22,415.8900,416.7800,411.1300,412.2700,384.0637,97582800
2021-04-23,412.8700,418.2500,412.7900,416.7400,388.2279,73209200
2021-04-26,417.4400,418.2200,416.8100,417.6100,389.0384,52182400
2021-04-27,417.9300,418.1400,416.3000,417.5200,388.9546,51303100
2021-04-28,417.8100,419.0100,416.9000,417.4000,388.8427,51238900
2021-04-29,420.3200,420.7200,416.4400,420.0600,391.3207,78544300
2021-04-30,417.6300,418.5400,416.3400,417.3000,388.7496,85527000
2021-05-03,419.4300,419.8400,417.6700,418.2000,389.5880,68128300
2021-05-04,416.0700,416.6000,411.6700,415.6200,387.1845,101591200
2021-05-05,417.3800,417.6300,415.1500,415.7500,387.3056,60162200
2021-05-06,415.8300,419.2100,413.6800,419.0700,390.3985,74321400
2021-05-07,419.8900,422.8200,419.1600,422.1200,393.2397,67733800
2021-05-10,422.5000,422.7400,417.8100,417.9400,389.3458,81852400
2021-05-11,413.1000,415.2700,410.0600,414.2100,385.8710,116888000
2021-05-12,411.2300,412.5900,404.0000,405.4100,377.6731,134811000
2021-05-13,407.0700,412.3500,407.0200,410.2800,382.2098,106394000
2021-05-14,413.2100,417.4900,413.1800,416.5800,388.0789,82201600
2021-05-17,415.3900,416.3900,413.3600,415.5200,387.0914,65129200
2021-05-18,415.8000,416.0600,411.7700,411.9400,383.7563,59810200
2021-05-19,406.9200,411.0500,405.3300,410.8600,382.7501,106467100
2021-05-20,411.8000,416.6300,411.6700,415.2800,386.8678,78022200
2021-05-21,416.8700,418.2000,414.4500,414.9400,386.5511,76578700
2021-05-24,417.3400,420.3200,417.0800,419.1700,390.4916,51376700
2021-05-25,420.3300,420.7100,417.6200,418.2400,389.6253,57451400
2021-05-26,418.8700,419.6100,417.7600,419.0700,390.3985,43088600
2021-05-27,420.1700,420.7200,418.9900,419.2900,390.6035,56707700
2021-05-28,420.9700,421.2500,419.7900,420.0400,391.3021,58520200
2021-06-01,422.5700,422.7200,419.2000,419.6700,390.9574,54216600
2021-06-02,420.3700,421.2300,419.2900,420.3300,391.5722,49097100
2021-06-03,417.8500,419.9900,416.2800,418.7700,390.1190,58138800
2021-06-04,420.7500,422.9200,418.8400,422.6000,393.6870,55938800
2021-06-07,422.5900,422.7800,421.1900,422.1900,393.3050,51555000
2021-06-08,423.1100,423.2100,420.3200,422.2800,393.3888,47134300
2021-06-09,423.1800,423.2600,421.4100,421.6500,392.8019,48436300
2021-06-10,422.9600,424.6300,421.5500,423.6100,394.6278,51020100
2021-06-11,424.2000,424.4300,422.8200,424.3100,395.2800,45570800
2021-06-14,424.4300,425.3700,423.1000,425.2600,396.1650,42358500
2021-06-15,425.4200,425.4600,423.5400,424.4800,395.4384,51508500
2021-06-16,424.6300,424.8700,419.9200,422.1100,393.2304,80386100
2021-06-17,421.6700,423.0200,419.3200,421.9700,393.1001,90949700
2021-06-18,417.0900,417.8300,414.7000,414.9200,387.7970,118676300
2021-06-21,416.8000,421.0600,415.9300,420.8600,393.3487,72822000
2021-06-22,420.8500,424.0000,420.0800,423.1100,395.4516,57700300
2021-06-23,423.1900,424.0500,422.5100,422.6000,394.9749,49445400
2021-06-24,424.8900,425.5500,424.6200,425.1000,397.3116,45110300
2021-06-25,425.9000,427.0900,425.5500,426.6100,398.7228,58129500
2021-06-28,427.1700,427.6500,425.8900,427.4700,399.5265,53159600
2021-06-29,427.8800,428.5600,427.1300,427.7000,399.7415,35970500
2021-06-30,427.2100,428.7800,427.1800,428.0600,400.0780,64827900
2021-07-01,428.8700,430.6000,428.8000,430.4300,402.2931,53441000
2021-07-02,431.6700,434.1000,430.5200,433.7200,405.3681,57697700
2021-07-06,433.7800,434.0100,430.0100,432.9300,404.6297,68710400
2021-07-07,433.6600,434.7600,431.5100,434.4600,406.0597,63549500
2021-07-08,428.7800,431.7300,427.5200,430.9200,402.7511,97595200
2021-07-09,432.5300,435.8400,430.7100,435.5200,407.0504,76238600
2021-07-12,435.4300,437.3500,434.9700,437.0800,408.5083,52889600
2021-07-13,436.2400,437.8400,435.3100,435.5900,407.1158,52911300
2021-07-14,437.4000,437.9200,434.9100,436.2400,407.7233,64130400
2021-07-15,434.8100,435.5300,432.7200,434.7500,406.3308,55126400
2021-07-16,436.0100,436.0600,430.9200,431.3400,403.1436,75874700
2021-07-19,426.1900,431.4100,421.9700,424.9700,397.1900,147987000
2021-07-20,425.6800,432.4200,424.8300,431.0600,402.8819,99608200
2021-07-21,432.3400,434.7000,431.0100,434.5500,406.1438,64724400
2021-07-22,434.7400,435.7200,433.6900,435.4600,406.9943,47878500
2021-07-23,437.5200,440.3000,436.7900,439.9400,411.1814,63766600
2021-07-26,439.3100,441.0300,439.2600,441.0200,412.1909,43719200
2021-07-27,439.9100,439.9400,435.9900,439.0100,410.3122,67397100
2021-07-28,439.6800,440.3000,437.3100,438.8300,410.1440,52472400
2021-07-29,439.8200,441.8000,439.8100,440.6500,411.8450,47435300
2021-07-30,437.9100,440.0600,437.7700,438.5100,409.8449,68951200
2021-08-02,440.3400,440.9300,437.2100,437.5900,408.9851,58783300
2021-08-03,438.4400,441.2800,436.1000,441.1500,412.3123,58053900
2021-08-04,439.7800,441.1200,438.7300,438.9800,410.2842,46732200
2021-08-05,440.2200,441.8500,439.8800,441.7600,412.8825,38969700
2021-08-06,442.1000,442.9400,441.8000,442.4900,413.5648,46930000
2021-08-09,442.4600,442.8000,441.3100,442.1300,413.2283,41222600
2021-08-10,442.6100,443.4400,441.8800,442.6800,413.7423,43339300
2021-08-11,443.8200,443.8800,442.6200,443.7800,414.7704,44034300
2021-08-12,443.6200,445.2600,442.6600,445.1100,416.0135,38909400
2021-08-13,445.5900,445.9400,445.0700,445.9200,416.7706,39470300
2021-08-16,444.5300,447.1100,442.8700,446.9700,417.7519,73740000
2021-08-17,444.2400,444.9600,440.8500,444.0400,415.0135,92673900
2021-08-18,442.9600,444.6300,438.9200,439.1800,410.4712,89351900
2021-08-19,436.2700,441.1400,436.1200,439.8600,411.1067,92812200
2021-08-20,440.2300,443.7100,439.7100,443.3600,414.3779,72008700
2021-08-23,445.1600,448.2300,443.4400,447.2600,418.0229,54973000
2021-08-24,447.9700,448.5400,447.4200,447.9700,418.6865,38744700
2021-08-25,448.1700,449.4600,447.7700,448.9100,419.5651,40529700
2021-08-26,448.6100,448.8600,446.1600,446.2600,417.0883,57829600
2021-08-27,447.1200,450.6500,447.0600,450.2500,420.8175,77235100
2021-08-30,450.9700,453.0700,450.7100,452.2300,422.6681,48357400
2021-08-31,452.1300,452.4900,450.9200,451.5600,422.0418,59300200
2021-09-01,452.5600,453.1100,451.5500,451.8000,422.2661,48721400
2021-09-02,453.3200,454.0500,451.9100,453.1900,423.5653,42501000
2021-09-03,451.9800,453.6300,451.5500,453.0800,423.4625,47170500
2021-09-07,452.7100,452.8100,450.7400,451.4600,421.9484,51671500
2021-09-08,450.8900,451.6700,448.8600,450.9100,421.4344,56181900
2021-09-09,450.7000,452.5700,448.7200,448.9800,419.6306,57970400
2021-09-10,451.0400,451.4900,445.3100,445.4400,416.3219,89948200
2021-09-13,448.6400,448.9200,444.1100,446.5800,417.3874,83738600
2021-09-14,448.1200,448.3400,443.2200,444.1700,415.1349,78197100
2021-09-15,444.6200,448.4100,443.4400,447.8800,418.6024,78792200
2021-09-16,447.3200,448.3600,444.0200,447.1700,417.9388,77786700
2021-09-17,444.9200,445.3700,441.0200,441.4000,413.8676,118425000
2021-09-20,434.8800,436.5600,428.8600,434.0400,406.9668,166445500
2021-09-21,436.5300,437.9100,433.0700,433.6300,406.5823,92526100
2021-09-22,436.0500,440.0300,433.7500,437.8600,410.5484,102350100
2021-09-23,439.8500,444.8900,439.6000,443.1800,415.5366,76396000
2021-09-24,441.4400,444.6700,441.2100,443.9100,416.2211,62094800
2021-09-27,442.8100,444.0500,441.9000,442.6400,415.0304,61371100
2021-09-28,439.6900,440.0400,432.9400,433.7200,406.6667,130436300
2021-09-29,435.1900,437.0400,433.8500,434.4500,407.3512,82329200
2021-09-30,436.0200,436.7700,428.7800,429.1400,402.3724,140506000
2021-10-01,430.9800,436.0300,427.2300,434.2400,407.1543,129240100
2021-10-04,433.0000,433.9600,426.3600,428.6400,401.9037,128570000
2021-10-05,430.2400,435.4900,429.3900,433.1000,406.0854,90682500
2021-10-06,429.2700,435.1200,427.5400,434.9000,407.7731,113032200
2021-10-07,438.3900,441.6800,438.2000,438.6600,411.2986,72437500
2021-10-08,439.4800,439.8900,437.1900,437.8600,410.5484,74557400
2021-10-11,437.1600,440.2600,434.6200,434.6900,407.5762,65233300
2021-10-12,435.6700,436.1000,432.7800,433.6200,406.5729,71181200
2021-10-13,434.7100,436.0500,431.5400,435.1800,408.0356,72974000
2021-10-14,439.0800,442.6600,438.5800,442.5000,414.8991,70236800
2021-10-15,444.7500,446.2600,444.0900,445.8700,418.0588,66260200
2021-10-18,443.9700,447.5500,443.2700,447.1900,419.2965,62213200
2021-10-19,448.9200,450.7100,448.2700,450.6400,422.5313,46996800
2021-10-20,451.1300,452.7300,451.0100,452.4100,424.1910,49571600
2021-10-21,451.7700,453.8300,451.3100,453.5900,425.2972,41305400
2021-10-22,453.1300,454.6700,451.0500,453.1200,424.8566,58845100
2021-10-25,454.2800,455.9000,452.3900,455.5500,427.1350,45214500
2021-10-26,457.2000,458.4900,455.5600,455.9600,427.5195,56075100
2021-10-27,456.4500,457.1600,453.8600,453.9400,425.6255,72438000
2021-10-28,455.4600,458.4000,455.4500,458.3200,429.7323,51437900
2021-10-29,455.8700,459.5600,455.5600,459.2500,430.6042,70162400
2021-11-01,460.3000,460.7000,458.2000,460.0400,431.3450,48433600
2021-11-02,460.2200,462.2300,460.0800,461.9000,433.0890,48908400
2021-11-03,461.3000,465.1500,460.8300,464.7200,435.7331,52509800
2021-11-04,465.3600,467.0000,464.9900,466.9100,437.7865,52847100
2021-11-05,469.2800,470.6500,466.9200,468.5300,439.3055,66390600
2021-11-08,469.7000,470.2300,468.2000,468.9300,439.6805,50405200
2021-11-09,469.3200,469.5700,465.8800,467.3800,438.2271,51149100
2021-11-10,465.5800,467.3800,462.0400,463.6200,434.7017,69429700
2021-11-11,465.2100,465.2900,463.7500,463.7700,434.8424,34848500
2021-11-12,465.1200,467.8600,464.1100,467.2700,438.1239,53466700
2021-11-15,468.6400,468.8100,466.2300,467.4300,438.2740,46980500
2021-11-16,467.1500,470.4900,467.0700,469.2800,440.0087,48857500
2021-11-17,469.0000,469.1900,467.4800,468.1400,438.9398,47858300
2021-11-18,469.2400,470.0100,466.3400,469.7300,440.4306,50625600
2021-11-19,469.6100,470.9400,468.5000,468.8900,439.6430,57315600
2021-11-22,470.8900,473.5400,467.3500,467.5700,438.4053,72762000
2021-11-23,467.2200,469.1000,464.4500,468.1900,438.9867,73206500
2021-11-24,466.0600,469.5700,465.1900,469.4400,440.1587,61858800
2021-11-26,462.3400,463.9000,457.7700,458.9700,430.3418,112669600
2021-11-29,464.0700,466.5600,461.7300,464.6000,435.6206,86268800
2021-11-30,462.0000,464.0300,455.3000,455.5600,427.1444,148559600
2021-12-01,461.6400,464.6700,450.2900,450.5000,422.4001,131939200
2021-12-02,450.7300,459.0700,450.3100,457.4000,428.8697,127637800
2021-12-03,459.1700,460.3000,448.9200,453.4200,425.1379,137331600
2021-12-06,456.1300,460.7900,453.5600,458.7900,430.1730,98977500
2021-12-07,464.4100,468.8800,458.6500,468.2800,439.0710,95484700
2021-12-08,468.7000,470.0000,466.8300,469.5200,440.2337,72238800
2021-12-09,468.1500,469.6300,466.1400,466.3500,437.2614,61272600
2021-12-10,469.2300,470.9000,466.5100,470.7400,441.3776,77159800
2021-12-13,470.1900,470.5600,466.2700,466.5700,437.4677,87724700
2021-12-14,463.0900,465.7400,460.2500,463.3600,434.4579,97264100
2021-12-15,463.4200,470.8600,460.7400,470.6000,441.2463,116899300
2021-12-16,472.5700,472.8700,464.8000,466.4500,437.3552,116568600
2021-12-17,461.5500,464.7400,458.0600,459.8700,432.7005,135511600
2021-12-20,454.4800,455.4000,451.1400,454.9800,428.0994,107134800
2021-12-21,458.6100,463.2100,456.3100,463.0600,435.7020,69806300
2021-12-22,462.7900,467.8100,462.5800,467.6900,440.0584,58890200
2021-12-23,468.7500,472.1900,468.6400,470.6000,442.7966,56439700
2021-12-27,472.0600,477.3100,472.0100,477.2600,449.0630,56808600
2021-12-28,477.7200,478.8100,476.0600,476.8700,448.6961,47274600
2021-12-29,476.9800,478.5600,475.9200,477.4800,449.2701,54503000
2021-12-30,477.9300,479.0000,475.6700,476.1600,448.0280,55329000
2021-12-31,475.6400,476.8600,474.6700,474.9600,446.8990,65237400
2022-01-03,476.3000,477.8500,473.8500,477.7100,449.4865,72668200
2022-01-04,479.2200,479.9800,475.5800,477.5500,449.3358,71178700
2022-01-05,477.1600,477.9800,468.2800,468.3800,440.7077,104538900
2022-01-06,467.8900,470.8200,465.4300,467.9400,440.2937,86858900
2022-01-07,467.9500,469.2000,464.6500,466.0900,438.5529,85111600
2022-01-10,462.7000,465.7400,456.6000,465.5100,438.0073,119362000
2022-01-11,465.2300,469.8500,462.0500,469.7500,441.9968,74303100
2022-01-12,471.5900,473.2000,468.9400,471.0200,443.1917,67605400
2022-01-13,472.1900,472.8800,463.4400,464.5300,437.0851,91173100
2022-01-14,461.1900,465.0900,459.9000,464.7200,437.2639,95890900
2022-01-18,459.7400,459.9600,455.3100,456.4900,429.5202,109709100
2022-01-19,458.1300,459.6100,451.4600,451.7500,425.0602,109357600
2022-01-20,453.7500,458.7400,444.5000,446.7500,420.3556,122379700
2022-01-21,445.5600,448.0600,437.9500,437.9800,412.1038,202271200
2022-01-24,432.0300,440.3800,420.7600,439.8400,413.8538,251783900
2022-01-25,433.0600,439.7200,427.1500,434.4700,408.8012,167997300
2022-01-26,440.7200,444.0400,428.8600,433.3800,407.7755,186391100
2022-01-27,438.2600,441.5900,429.4500,431.2400,405.7619,149878300
2022-01-28,432.6800,442.0000,427.8200,441.9500,415.8392,164457400
2022-01-31,441.2400,450.2800,439.8100,449.9100,423.3289,152251400
2022-02-01,450.6800,453.6300,446.9400,452.9500,426.1893,123155400
2022-02-02,455.5000,458.1200,453.0500,457.3500,430.3294,117361000
2022-02-03,450.9500,452.9700,445.7100,446.6000,420.2144,118024400
2022-02-04,446.3500,452.7800,443.8300,448.7000,422.1904,118454400
2022-02-07,449.5100,450.9900,445.8500,447.2600,420.8355,84472900
2022-02-08,446.7300,451.9200,445.2200,450.9400,424.2981,81012000
2022-02-09,455.2200,457.8800,455.0100,457.5400,430.5081,92589900
2022-02-10,451.3400,457.7100,447.2000,449.3200,422.7738,140103700
2022-02-11,449.4100,451.6100,438.9400,440.4600,414.4372,153214600
2022-02-14,439.9200,441.6000,435.3400,439.0200,413.0823,123006300
2022-02-15,443.7300,446.2800,443.1800,446.1000,419.7440,88482700
2022-02-16,443.9300,448.0600,441.9400,446.6000,420.2144,84863600
2022-02-17,443.2200,446.5700,436.4200,437.0600,411.2381,102259100
2022-02-18,437.3300,438.6600,431.8200,434.2300,408.5753,132642900
2022-02-22,431.8900,435.5000,425.8600,429.5700,404.1907,124391800
2022-02-23,432.6600,433.2600,421.3500,421.9500,397.0208,132578000
2022-02-24,411.0200,428.7600,410.6400,428.3000,402.9956,213942900
2022-02-25,429.6100,437.8400,427.8600,437.7500,411.8874,121804500
2022-02-28,432.0300,438.2000,430.7000,436.6300,410.8335,145615000
2022-03-01,435.0400,437.1700,427.1100,429.9800,404.5764,137785900
2022-03-02,432.3700,439.7200,431.5700,437.8900,412.0190,117726500
2022-03-03,440.4700,441.1100,433.8000,435.7100,409.9678,105501700
2022-03-04,431.7500,433.3700,427.8800,432.1700,406.6370,113978200
2022-03-07,431.5500,432.3000,419.3600,419.4300,394.6497,137896600
2022-03-08,419.6200,427.2100,415.1200,416.2500,391.6575,164772700
2022-03-09,425.1400,429.5100,422.8200,427.4100,402.1582,116990800
2022-03-10,422.5200,426.4300,420.4400,425.4800,400.3422,93972700
2022-03-11,428.1200,428.7700,419.5300,420.0700,395.2518,95636300
2022-03-14,420.8900,424.5500,415.7900,417.0000,392.3633,95729200
2022-03-15,419.7700,426.8400,418.4200,426.1700,400.9915,106219100
2022-03-16,429.8900,435.6800,424.8000,435.6200,409.8831,144954800
2022-03-17,433.5900,441.0700,433.1900,441.0700,415.0112,102676900
2022-03-18,438.0000,444.8600,437.2200,444.5200,419.5567,106345500
2022-03-21,444.3400,446.4600,440.6800,444.3900,419.4341,88349800
2022-03-22,445.8600,450.5800,445.8600,449.5900,424.3420,74650400
2022-03-23,446.9100,448.4900,443.7100,443.8000,418.8772,79426100
2022-03-24,445.9400,450.5000,444.7600,450.4900,425.1914,64736900
2022-03-25,451.1600,452.9800,448.4300,452.6900,427.2679,77101300
2022-03-28,452.0600,455.9100,450.0600,455.9100,430.3071,68529800
2022-03-29,460.0200,462.0700,457.1800,461.5500,435.6303,86581500
2022-03-30,460.3400,461.2000,456.4700,458.7000,432.9404,79666900
2022-03-31,457.8900,458.7600,451.1600,451.6400,426.2769,121699900
2022-04-01,453.3100,453.4600,449.1400,452.9200,427.4850,89048800
2022-04-04,453.1300,456.9100,452.2600,456.8000,431.1471,59601000
2022-04-05,455.2200,457.8300,449.8200,451.0300,425.7010,74214500
2022-04-06,446.8900,448.9300,443.4700,446.5200,421.4444,106898000
2022-04-07,445.5900,450.6900,443.5300,448.7700,423.5681,78097200
2022-04-08,447.9700,450.6300,445.9400,447.5700,422.4354,79272700
2022-04-11,444.1100,445.0000,439.3900,439.9200,415.2150,89770500
2022-04-12,443.0800,445.7500,436.6500,438.2900,413.6765,84363600
2022-04-13,438.0300,444.1100,437.8400,443.3100,418.4146,74070400
2022-04-14,443.5500,444.7300,437.6800,437.7900,413.2046,97869500
2022-04-18,436.8100,439.7500,435.6100,437.9700,413.3746,66002500
2022-04-19,437.8600,445.8000,437.6800,445.0400,420.0475,77821000
2022-04-20,446.9200,447.5700,443.4800,444.7100,419.7361,65224400
2022-04-21,448.5400,450.0100,437.1000,438.0600,413.4595,85417300
2022-04-22,436.9100,438.0800,425.4400,426.0400,402.1145,132471800
2022-04-25,423.6700,428.6900,418.8400,428.5100,404.4459,119647700
2022-04-26,425.8300,426.0400,416.0700,416.1000,392.7327,103996300
2022-04-27,417.2400,422.9200,415.0100,417.2700,393.8370,122030000
2022-04-28,422.2900,429.6400,417.6000,427.8100,403.7851,105449100
2022-04-29,423.5900,425.8700,411.2100,412.0000,388.8629,145491100
2022-05-02,412.0700,415.9200,405.0200,414.4800,391.2037,158312500
2022-05-03,415.0100,418.9300,413.3600,416.3800,392.9971,100028200
2022-05-04,417.0800,429.6600,413.7100,429.0600,404.9650,144247900
2022-05-05,424.5500,425.0000,409.4400,413.8100,390.5713,172929100
2022-05-06,411.1000,414.8000,405.7300,411.3400,388.2401,151770800
2022-05-09,405.1000,406.4100,396.5000,398.1700,375.8096,155586100
2022-05-10,404.4900,406.0800,394.8200,399.0900,376.6779,132497200
2022-05-11,398.0700,404.0400,391.9600,392.7500,370.6941,142361000
2022-05-12,389.3700,395.8000,385.1500,392.3400,370.3071,125090800
2022-05-13,396.7100,403.1800,395.6100,401.7200,379.1603,104174400
2022-05-16,399.9800,403.9700,397.6000,400.0900,377.6219,78622400
2022-05-17,406.5300,408.5700,402.5800,408.3200,385.3896,83029700
2022-05-18,403.5000,403.8000,390.5500,391.8600,369.8540,117674500
2022-05-19,388.6200,394.1400,387.1100,389.4600,367.5887,98510700
2022-05-20,393.2500,397.0300,380.5400,389.6300,367.7492,131432200
2022-05-23,392.8300,397.7300,390.3800,396.9200,374.6298,76414900
2022-05-24,392.5600,395.1500,386.9600,393.8900,371.7699,91448800
2022-05-25,392.3100,399.4500,391.8900,397.3700,375.0546,91472900
2022-05-26,398.6700,407.0400,398.4500,405.3100,382.5487,82168300
2022-05-27,407.9100,415.3800,407.7000,415.2600,391.9399,84768700
2022-05-31,413.5500,416.4600,410.0300,412.9300,389.7408,95937000
2022-06-01,415.1700,416.2400,406.9300,409.5900,386.5883,86585800
2022-06-02,409.4200,417.4400,407.0400,417.3900,393.9502,79609600
2022-06-03,412.4000,414.0400,409.5100,410.5400,387.4850,71874300
2022-06-06,414.7800,416.6100,410.5500,411.7900,388.6647,57508900
2022-06-07,408.1000,416.2200,407.6100,415.7400,392.3930,59272400
2022-06-08,413.9300,415.8200,410.3800,411.2200,388.1267,64350000
2022-06-09,409.3400,411.7400,401.4400,401.4400,378.8960,86289800
2022-06-10,394.8800,395.7800,389.7500,389.8000,367.9097,132893900
2022-06-13,379.8500,381.8100,373.3000,375.0000,353.9408,170004900
2022-06-14,376.8500,377.9400,370.5900,373.8700,352.8743,104011800
2022-06-15,377.3600,383.9000,372.1200,379.2000,357.9049,125666800
2022-06-16,370.5100,370.9400,364.0800,366.6500,346.0597,134473300
2022-06-17,365.5100,369.3800,362.1700,365.8600,346.8058,111113900
2022-06-21,371.8900,376.5300,371.8100,375.0700,355.5361,76811900
2022-06-22,370.6200,378.7200,370.1800,374.3900,354.8915,90059400
2022-06-23,376.6400,378.8300,372.8900,378.0600,358.3704,79292100
2022-06-24,381.4000,390.0900,381.3700,390.0800,369.7643,98050300
2022-06-27,391.0500,391.3600,387.4400,388.5900,368.3520,66009600
2022-06-28,390.2300,393.1600,380.5300,380.6500,360.8255,86548900
2022-06-29,381.2300,382.2700,378.4200,380.3400,360.5316,65676000
2022-06-30,376.2400,380.6600,372.5600,377.2500,357.6026,112508300
2022-07-01,376.5600,381.7000,373.8000,381.2400,361.3847,74839700
2022-07-05,375.8800,381.9800,372.9000,381.9600,362.0673,81438000
2022-07-06,382.1100,385.8700,379.6000,383.2500,363.2900,70426200
2022-07-07,385.1200,389.8300,383.2700,388.9900,368.7311,64525900
2022-07-08,387.2700,390.6400,385.6600,388.6700,368.4278,72397800
2022-07-11,385.8500,386.8700,383.5000,384.2300,364.2190,58366900
2022-07-12,383.6500,386.1600,378.9900,380.8300,360.9960,62219200
2022-07-13,375.1000,381.9200,374.6600,378.8300,359.1003,84224600
2022-07-14,373.6100,379.0500,371.0400,377.9100,358.2282,89704800
2022-07-15,382.5500,385.2500,380.5400,385.1300,365.0721,79060400
2022-07-18,388.3800,389.0900,380.6600,381.9500,362.0578,63203600
2022-07-19,386.0800,392.8700,385.3900,392.2700,371.8403,78506000
2022-07-20,392.4700,396.2600,391.0300,394.7700,374.2101,71843800
2022-07-21,394.1600,398.8400,391.6300,398.7900,378.0207,64903900
2022-07-22,398.9200,400.1800,392.7500,395.0900,374.5134,72197300
2022-07-25,395.7500,396.4700,393.2100,395.5700,374.9684,53631500
2022-07-26,393.8400,394.0600,389.9500,390.8900,370.5322,52946400
2022-07-27,394.3600,402.8800,394.0500,401.0400,380.1536,82342100
2022-07-28,401.8900,406.8000,398.1500,406.0700,384.9216,73966600
2022-07-29,407.5800,413.0300,406.7700,411.9900,390.5333,87003700
2022-08-01,409.1500,413.4100,408.4000,410.7700,389.3768,69997500
2022-08-02,409.1200,413.0000,406.8200,408.0600,386.8080,63435400
2022-08-03,410.3000,415.6800,410.0000,414.4500,392.8652,67820600
2022-08-04,414.3700,415.0900,412.4400,414.1700,392.5997,45656600
2022-08-05,409.6600,414.1500,409.6000,413.4700,391.9362,56814900
2022-08-08,415.2500,417.6200,411.8300,412.9900,391.4812,53886100
2022-08-09,412.2200,412.7500,410.2200,411.3500,389.9266,44931800
2022-08-10,418.7800,420.1400,416.7200,419.9900,398.1166,68665700
2022-08-11,422.9900,424.9500,419.2100,419.9900,398.1166,59489700
2022-08-12,422.0300,427.2100,421.0300,427.1000,404.8563,61694500
2022-08-15,424.7700,429.4100,424.7100,428.8600,406.5246,54048300
2022-08-16,427.7300,431.7300,426.8800,429.7000,407.3210,59289000
2022-08-17,425.9100,429.5000,424.5400,426.6500,404.4297,63563400
2022-08-18,426.8600,428.6100,425.5000,427.8900,405.6052,49023200
2022-08-19,424.9800,425.2600,421.2200,422.1400,400.1547,68016900
2022-08-22,417.0500,417.2300,412.4000,413.3500,391.8224,77695600
2022-08-23,412.9000,415.4200,411.7700,412.3500,390.8745,49105200
2022-08-24,412.1100,415.1100,411.3900,413.6700,392.1257,49177800
2022-08-25,415.2400,419.5600,414.0900,419.5100,397.6617,50942300
2022-08-26,419.3900,419.9600,405.2500,405.3100,384.2012,103087000
2022-08-29,402.2000,405.8400,401.2000,402.6300,381.6608,65370800
2022-08-30,403.8500,404.1000,396.0000,398.2100,377.4710,85652400
2022-08-31,399.9300,401.2400,395.0400,395.1800,374.5987,76029700
2022-09-01,392.8900,396.7800,390.0400,396.4200,375.7741,78740100
2022-09-02,400.2800,401.5600,390.3300,392.2400,371.8118,99632100
2022-09-06,393.1300,394.1200,388.4200,390.7600,370.4090,76637400
2022-09-07,390.4300,398.5900,390.2000,397.7800,377.0633,70964200
2022-09-08,395.3900,400.8600,394.1200,400.3800,379.5279,80821700
2022-09-09,402.7400,407.5100,402.4600,406.6000,385.4241,76706900
2022-09-12,408.7800,411.7300,408.4600,410.9700,389.5664,69256300
2022-09-13,401.8300,403.1000,391.9200,393.1000,372.6271,122947100
2022-09-14,394.4700,396.2000,391.1200,394.6000,374.0490,85023700
2022-09-15,392.9600,395.9600,388.7800,390.1200,369.8023,87633800
2022-09-16,384.1400,386.2500,382.1100,385.5600,366.9810,103084800
2022-09-19,382.2600,388.5500,382.1800,388.5500,369.8270,73278500
2022-09-20,385.0600,386.1200,381.2000,384.0900,365.5819,77274900
2022-09-21,386.1100,389.3100,377.3800,377.3900,359.2048,106746600
2022-09-22,376.5800,378.3000,373.4400,374.2200,356.1875,89472600
2022-09-23,370.5800,370.6200,363.2900,367.9500,350.2197,122346900
2022-09-26,366.4100,370.2100,363.0300,364.3100,346.7551,92581200
2022-09-27,368.0200,370.4000,360.8700,363.3800,345.8699,108294100
2022-09-28,364.3800,372.3000,362.6000,370.5300,352.6754,110802200
2022-09-29,366.8100,367.1100,359.7000,362.7900,345.3083,112952300
2022-09-30,361.8000,365.9100,357.0400,357.1800,339.9686,153711200
2022-10-03,361.0800,368.5500,359.2100,366.6100,348.9443,89756500
2022-10-04,372.4000,378.0000,366.5700,377.9700,359.7568,103602800
2022-10-05,373.3900,379.4600,370.9500,377.0900,358.9192,88065700
2022-10-06,375.6200,378.7200,372.6800,373.2000,355.2167,82333500
2022-10-07,368.9700,373.2900,360.9400,362.7900,345.3083,107789500
2022-10-10,363.9600,364.2100,357.6700,360.0200,342.6718,76042800
2022-10-11,358.2400,363.0300,355.7100,357.7400,340.5016,92482800
2022-10-12,358.1700,359.8200,356.3000,356.5600,339.3785,76991800
2022-10-13,349.2100,367.5100,348.1100,365.9700,348.3351,147254500
2022-10-14,368.5500,370.2600,356.9600,357.6300,340.3969,123737000
2022-10-17,364.0100,367.9800,357.2800,366.8200,349.1441,93168200
2022-10-18,375.1300,375.4500,367.5200,371.1300,353.2464,97162900
2022-10-19,368.9900,371.8500,365.5500,368.5000,350.7431,79746900
2022-10-20,368.0300,372.6700,364.6100,365.4100,347.8020,88283100
2022-10-21,365.1200,374.8000,363.5400,374.2900,356.2542,131038400
2022-10-24,375.8900,380.0600,373.1100,378.8700,360.6135,85436900
2022-10-25,378.7900,385.2500,378.6700,384.9200,366.3719,78846300
2022-10-26,381.6200,387.5800,381.3500,382.0200,363.6117,104087300
2022-10-27,383.0700,385.0000,379.3300,379.9800,361.6699,81971800
2022-10-28,379.8700,389.5200,379.6800,389.0200,370.2743,100302000
2022-10-31,386.4400,388.4000,385.2600,386.2100,367.5997,96631300
2022-11-01,390.1400,390.3900,383.2900,384.5200,365.9912,85407600
2022-11-02,383.9000,388.6300,374.7600,374.8700,356.8062,126990400
2022-11-03,371.4700,374.2000,368.7900,371.0100,353.1322,87100100
2022-11-04,377.0000,378.8700,370.0000,376.3500,358.2149,103505200
2022-11-07,377.7100,380.5700,375.5300,379.9500,361.6414,68286900
2022-11-08,381.1100,385.1200,377.7200,382.0000,363.5926,84641100
2022-11-09,379.9300,381.1400,373.6100,374.1300,356.1018,78495500
2022-11-10,388.0500,395.0400,385.6400,394.6900,375.6711,141455800
2022-11-11,395.5900,399.3500,393.6100,398.5100,379.3071,93839900
2022-11-14,396.6600,400.1800,394.8300,395.1200,376.0804,71903500
2022-11-15,401.1500,402.3100,394.4900,398.4900,379.2880,93194500
2022-11-16,396.7800,397.7800,394.7900,395.4500,376.3945,68508500
2022-11-17,390.4600,394.9500,390.1400,394.2400,375.2428,74496300
2022-11-18,397.7400,397.8100,393.0400,396.0300,376.9466,92922500
2022-11-21,394.6400,395.8200,392.6600,394.5900,375.5760,51243200
2022-11-22,396.6300,400.0700,395.1500,399.9000,380.6301,60429000
2022-11-23,399.5500,402.9300,399.3100,402.4200,383.0287,68261600
2022-11-25,401.8300,402.9100,401.5400,402.3300,382.9430,30545400
2022-11-28,399.0900,400.8100,395.1100,395.9100,376.8324,67881600
2022-11-29,396.0500,397.3000,393.3000,395.2300,376.1852,52310000
2022-11-30,395.4900,407.6800,393.4800,407.6800,388.0352,144566700
2022-12-01,408.7700,410.0000,404.7500,407.3800,387.7497,76398200
2022-12-02,402.2500,407.8600,402.1400,406.9100,387.3024,85342700
2022-12-05,403.9500,404.9300,398.1700,399.5900,380.3350,77289800
2022-12-06,399.4200,399.9900,391.6400,393.8300,374.8526,77972200
2022-12-07,392.9400,395.6400,391.9700,393.1600,374.2149,65927900
2022-12-08,395.1400,397.3600,393.2700,396.2400,377.1464,60737900
2022-12-09,394.9400,397.6200,393.1500,393.2800,374.3291,81447700
2022-12-12,394.1100,398.9500,393.4100,398.9500,379.7258,75405800
2022-12-13,410.2200,410.4900,399.0700,401.9700,382.6003,123782500
2022-12-14,401.6100,405.5000,396.3100,399.4000,380.1541,108111300
2022-12-15,394.3000,395.2500,387.8900,389.6300,370.8550,117705900
2022-12-16,385.1800,386.5800,381.0400,383.2700,366.4766,119858000
2022-12-19,383.4700,383.8200,378.2800,380.0200,363.3690,79878100
2022-12-20,379.2300,382.2300,377.8500,380.5400,363.8663,74427200
2022-12-21,383.2500,387.4100,382.6900,386.2300,369.3069,78167400
2022-12-22,383.0500,386.2100,374.7700,380.7200,364.0384,100120900
2022-12-23,379.6500,383.0600,378.0300,382.9100,366.1324,59857300
2022-12-27,382.7900,383.1500,379.6500,381.4000,364.6885,51638200
2022-12-28,381.3300,383.3900,376.4200,376.6600,360.1562,70911500
2022-12-29,379.6300,384.3500,379.0800,383.4400,366.6391,66970900
2022-12-30,380.6400,382.5800,378.4300,382.4300,365.6734,84022200
2023-01-03,384.3700,386.4300,377.8300,380.8200,364.1340,74850700
2023-01-04,383.1800,385.8800,380.0000,383.7600,366.9451,85934100
2023-01-05,381.7200,381.8400,378.7600,379.3800,362.7571,76970500
2023-01-06,382.6100,389.2500,379.4100,388.0800,371.0758,104189600
2023-01-09,390.3700,393.7000,387.6700,387.8600,370.8655,73978100
2023-01-10,387.2500,390.6500,386.2700,390.5800,373.4663,65358100
2023-01-11,392.2300,395.6000,391.3800,395.5200,378.1899,68881100
2023-01-12,396.6700,398.4900,392.4200,396.9600,379.5668,90157700
2023-01-13,393.6200,399.1000,393.3400,398.5000,381.0392,63903900
2023-01-17,398.4800,400.2300,397.0600,397.7700,380.3413,62677300
2023-01-18,399.0100,400.1200,391.2800,391.4900,374.3364,99632300
2023-01-19,389.3600,391.0800,387.2600,388.6400,371.6114,86958900
2023-01-20,390.1000,396.0400,388.3800,395.8800,378.5341,91806400
2023-01-23,396.7200,402.6500,395.7200,400.6300,383.0760,84178800
2023-01-24,398.8800,401.1500,397.6400,400.2000,382.6648,59524900
2023-01-25,395.9500,400.7000,393.5600,400.3500,382.8082,84800300
2023-01-26,403.1300,404.9200,400.0300,404.7500,387.0155,72287400
2023-01-27,403.6600,408.1600,403.4400,405.6800,387.9047,68346200
2023-01-30,402.8000,405.1300,400.2800,400.5900,383.0378,74202000
2023-01-31,401.1300,406.5300,400.7700,406.4800,388.6696,86811800
2023-02-01,405.2100,413.6700,402.3500,410.8000,392.8004,101459200
2023-02-02,414.8600,418.3100,412.8800,416.7800,398.5184,101654500
2023-02-03,411.5900,416.9700,411.0900,412.3500,394.2824,94736800
2023-02-06,409.7900,411.2900,408.1000,409.8300,391.8728,60295300
2023-02-07,408.8700,416.4900,407.5700,415.1900,396.9980,90990700
2023-02-08,413.1300,414.5300,409.9300,410.6500,392.6569,76227500
2023-02-09,414.4100,414.5700,405.8100,407.0900,389.2529,78694900
2023-02-10,405.8600,408.4400,405.0100,408.0400,390.1613,70769700
2023-02-13,408.7200,412.9700,408.2400,412.8300,394.7414,64913500
2023-02-14,411.2400,415.0500,408.5100,412.6400,394.5598,88389300
2023-02-15,410.3500,414.0600,409.4700,413.9800,395.8410,61555700
2023-02-16,408.7900,412.9100,408.1400,408.2800,390.3908,76431500
2023-02-17,406.0600,407.5100,404.0500,407.2600,389.4155,89257800
2023-02-21,403.0600,404.1600,398.8200,399.0900,381.6034,82655900
2023-02-22,399.5200,401.1300,397.0200,398.5400,381.0775,83742300
2023-02-23,401.5600,402.2000,396.2500,400.6600,383.1047,96242400
2023-02-24,395.4200,397.2500,393.6400,396.3800,379.0122,108194400
2023-02-27,399.8700,401.2900,396.7500,397.7300,380.3031,80444700
2023-02-28,397.2300,399.2800,396.1500,396.2600,378.8975,96438600
2023-03-01,395.4100,396.6900,393.3800,394.7400,377.4441,99706800
2023-03-02,392.6800,398.6900,392.3300,397.8100,380.3795,85127800
2023-03-03,399.7100,404.4500,399.0300,404.1900,386.4799,90120000
2023-03-06,405.0500,407.4500,404.0100,404.4700,386.7477,72795900
2023-03-07,404.4200,404.6700,397.6300,398.2700,380.8194,108310600
2023-03-08,398.3900,399.7100,396.5900,398.9200,381.4409,74746600
2023-03-09,399.7400,401.4800,390.5300,391.5600,374.4034,111945300
2023-03-10,390.9900,393.1600,384.3200,385.9100,369.0009,189253000
2023-03-13,381.8100,390.3900,380.6500,385.3600,368.4750,157790000
2023-03-14,390.5000,393.4500,387.0500,391.7300,374.5660,149752400
2023-03-15,385.8900,389.4900,383.7100,389.2800,372.2233,172996900
2023-03-16,386.8200,396.4700,386.2900,396.1100,378.7540,143254200
2023-03-17,393.2200,394.4000,388.5500,389.9900,374.3253,140553400
2023-03-20,390.8000,394.1700,390.0700,393.7400,377.9247,93055800
2023-03-21,397.2400,399.4100,395.5800,398.9100,382.8871,91524200
2023-03-22,398.7300,402.4900,392.0700,392.1100,376.3602,111746600
2023-03-23,395.0900,399.2900,390.3500,393.1700,377.3776,119351300
2023-03-24,391.8400,395.8400,389.4000,395.7500,379.8540,107682400
2023-03-27,398.1200,398.9200,395.5600,396.4900,380.5643,74010400
2023-03-28,395.7700,396.4900,393.6900,395.6000,379.7100,62871700
2023-03-29,399.9300,401.6000,398.6800,401.3500,385.2291,77497900
2023-03-30,404.0900,404.3500,401.7600,403.7000,387.4846,69840000
2023-03-31,404.6600,409.7000,404.5500,409.3900,392.9461,112062600
2023-04-03,408.8500,411.3700,408.4400,410.9500,394.4435,67391100
2023-04-04,411.6200,411.9200,407.2400,408.6700,392.2551,66601500
2023-04-05,407.9100,408.7000,405.8800,407.6000,391.2280,65200200
2023-04-06,406.7700,409.4800,405.6800,409.1900,392.7542,63743300
2023-04-10,406.6100,409.6900,405.9700,409.6100,393.1572,63681000
2023-04-11,410.2600,411.1800,408.9200,409.7200,393.2628,59297900
2023-04-12,411.8700,412.1700,407.4400,408.0500,391.6599,86420400
2023-04-13,409.1800,413.8400,407.9900,413.4700,396.8622,85814800
2023-04-14,412.8100,415.0900,410.0600,412.4600,395.8928,78161500
2023-04-17,412.3700,413.9600,411.0900,413.9400,397.3134,66436400
2023-04-18,415.5800,415.7200,412.7800,414.2100,397.5724,63560000
2023-04-19,412.2200,415.0800,412.1600,414.1400,397.5053,55227300
2023-04-20,411.2100,413.7000,410.2700,411.8800,395.3361,75840400
2023-04-21,412.1900,412.6800,410.1700,412.2000,395.6433,73457400
2023-04-24,411.9900,413.0700,410.6000,412.6300,396.0560,64332100
2023-04-25,410.5800,411.1600,406.0200,406.0800,389.7691,97766700
2023-04-26,406.7200,407.8400,403.7800,404.3600,388.1182,80447000
2023-04-27,407.0000,412.6900,406.7400,412.4100,395.8448,92968400
2023-04-28,411.4900,415.9400,411.4300,415.9300,399.2234,89433100
2023-05-01,415.4700,417.6200,415.2700,415.5100,398.8203,62122300
2023-05-02,414.7700,414.8200,407.8200,410.8400,394.3379,103998500
2023-05-03,411.3600,413.8700,407.7700,408.0200,391.6311,91531800
2023-05-04,406.9300,407.2700,403.7400,405.1300,388.8572,94901900
2023-05-05,408.9100,413.7200,408.6400,412.6300,396.0560,87891800
2023-05-08,412.9700,413.2400,411.2800,412.7400,396.1615,50046800
2023-05-09,411.1300,412.0900,410.6900,410.9300,394.4243,49220100
2023-05-10,413.8800,414.5400,408.8700,412.8500,396.2671,96142900
2023-05-11,411.9500,412.4300,409.9700,412.1300,395.5760,70157100
2023-05-12,413.4200,413.6400,409.0700,411.5900,395.0578,70481500
2023-05-15,412.2200,413.4300,410.2300,413.0100,396.4207,54289400
2023-05-16,411.8600,412.8200,410.2400,410.2500,393.7716,57705500
2023-05-17,412.3500,415.8600,410.6400,415.2300,398.5515,87287000
2023-05-18,414.9000,419.6700,414.6700,419.2300,402.3909,97177200
2023-05-19,420.1700,420.7200,417.3500,418.6200,401.8054,103793300
2023-05-22,418.6400,420.3900,417.3500,418.7900,401.9685,60745400
2023-05-23,417.0800,418.7200,413.6800,414.0900,397.4573,86383500
2023-05-24,412.4200,412.8200,409.8800,411.0900,394.5778,89213700
2023-05-25,414.7400,416.1600,412.4100,414.6500,397.9948,90961600
2023-05-26,415.3300,420.7700,415.2500,420.0200,403.1491,93830000
2023-05-30,422.0300,422.5800,418.7400,420.1800,403.3027,72216000
2023-05-31,418.2800,419.2200,416.2200,417.8500,401.0663,110811800
2023-06-01,418.0900,422.9200,416.7900,421.8200,404.8769,88865000
2023-06-02,424.5000,428.7400,423.9500,427.9200,410.7318,91426200
2023-06-05,428.2800,429.6200,426.3700,427.1000,409.9448,65460200
2023-06-06,426.6700,428.5800,425.9900,428.0300,410.8373,64022200
2023-06-07,428.4400,429.6200,426.1100,426.5500,409.4168,85373300
2023-06-08,426.6200,429.6000,425.8200,429.1300,411.8932,61952800
2023-06-09,429.9600,431.9900,428.8700,429.9000,412.6323,85742800
2023-06-12,430.9200,433.8800,430.1700,433.8000,416.3756,76104300
2023-06-13,435.3200,437.3300,434.6300,436.6600,419.1207,95899700
2023-06-14,437.0100,439.0600,433.5900,437.1800,419.6198,100612100
2023-06-15,436.3300,443.9000,436.2300,442.6000,424.8221,110303100
2023-06-16,443.0200,443.6100,438.9700,439.4600,423.3751,114165800
2023-06-20,437.4500,438.3700,435.0300,437.1800,421.1786,76160400
2023-06-21,436.1600,436.9900,434.3300,434.9400,419.0205,76982300
2023-06-22,433.9500,436.6200,433.6000,436.5100,420.5331,70637200
2023-06-23,432.9300,435.0600,432.4700,433.2100,417.3539,92074500
2023-06-26,432.6200,434.6100,431.1900,431.4400,415.6487,72823600
2023-06-27,432.3500,436.8100,431.8800,436.1700,420.2056,72813700
2023-06-28,435.0500,437.4400,434.4100,436.3900,420.4175,75636000
2023-06-29,435.9600,438.2800,435.5400,438.1100,422.0745,67882300
2023-06-30,441.4400,444.3000,441.1100,443.2800,427.0553,104964000
2023-07-03,442.9200,444.0800,442.6300,443.7900,427.5467,32793400
2023-07-05,441.9100,443.8900,441.9000,443.1300,426.9109,58418400
2023-07-06,439.4200,440.1000,437.0600,439.6600,423.5678,80658300
2023-07-07,438.6300,442.6400,438.3000,438.5500,422.4984,86134200
2023-07-10,438.1800,439.8400,437.5900,439.6600,423.5678,62443500
2023-07-11,440.4500,442.9700,439.4400,442.4600,426.2653,64463800
2023-07-12,446.3900,447.4800,444.9100,446.0200,429.6951,91924500
2023-07-13,447.9000,450.3800,447.4500,449.5600,433.1055,72425200
2023-07-14,450.4800,451.3600,448.4900,449.2800,432.8357,69815800
2023-07-17,449.1300,451.9300,449.0800,450.8400,434.3386,52680200
2023-07-18,450.5000,454.8600,450.0500,454.1900,437.5659,80668200
2023-07-19,455.0100,456.4300,454.1100,455.2000,438.5390,65891700
2023-07-20,454.1700,455.1000,451.4400,452.1800,435.6295,70591600
2023-07-21,453.9600,454.1700,452.1700,452.1800,435.6295,71275600
2023-07-24,453.3700,455.0400,452.3000,454.2000,437.5756,54023400
2023-07-25,453.9200,456.7400,453.8700,455.4400,438.7703,55191200
2023-07-26,454.4700,456.9900,453.3800,455.5100,438.8378,71052900
2023-07-27,459.0200,459.4400,451.5500,452.4900,435.9282,92194400
2023-07-28,455.8800,457.7800,452.4900,456.9200,440.1961,80011800
2023-07-31,457.4100,458.1600,456.0500,457.7900,441.0343,62040400
2023-08-01,456.2700,457.2500,455.4900,456.4800,439.7722,55291500
2023-08-02,453.2500,453.5200,449.3500,450.1300,433.6546,93933400
2023-08-03,448.0400,450.7900,447.3700,448.8400,432.4119,64276100
2023-08-04,450.7200,452.9000,446.2700,446.8100,430.4561,100128900
2023-08-07,448.7100,450.8700,447.9900,450.7100,434.2134,58357500
2023-08-08,448.0800,450.7000,445.2700,448.7500,432.3251,71361300
2023-08-09,449.0300,449.2000,444.9600,445.7500,429.4350,78789600
2023-08-10,448.1900,451.7000,444.7000,445.9100,429.5891,93005500
2023-08-11,443.9700,446.7000,443.3500,445.6500,429.3386,68690900
2023-08-14,444.7000,448.1100,444.3800,448.1100,431.7085,47867400
2023-08-15,446.2700,446.6400,442.3000,442.8900,426.6796,75707500
2023-08-16,442.4600,444.1800,439.5300,439.6400,423.5486,80107200
2023-08-17,441.1600,441.4300,435.7500,436.2900,420.3212,95711300
2023-08-18,433.3700,437.5700,433.0100,436.5000,420.5235,98852000
2023-08-21,437.5500,440.1100,435.3200,439.3400,423.2596,68719000
2023-08-22,441.1800,441.1800,437.5700,438.1500,422.1131,64994200
2023-08-23,439.2500,443.6700,439.1000,443.0300,426.8145,68441000
2023-08-24,444.6900,445.2200,436.8600,436.8900,420.8992,88517300
2023-08-25,438.6800,441.3000,435.0000,439.9700,423.8665,102325100
2023-08-28,442.2400,443.4000,439.9700,442.7600,426.5544,61595400
2023-08-29,442.6500,449.4500,442.4600,449.1600,432.7201,83081900
2023-08-30,449.5100,451.6700,448.7800,451.0100,434.5023,69053900
2023-08-31,451.6500,452.8300,450.1600,450.3500,433.8666,66084600
2023-09-01,453.1700,453.6700,449.6800,451.1900,434.6758,58944100
2023-09-05,450.7300,451.0600,449.1700,449.2400,432.7971,55166200
2023-09-06,448.4000,448.5100,443.8100,446.2200,429.8878,70758500
2023-09-07,443.1100,445.5500,442.7500,444.8500,428.5679,70355400
2023-09-08,444.9000,447.1100,444.5300,445.5200,429.2134,61659700
2023-09-11,448.2400,448.7700,446.4700,448.4500,432.0361,60180100
2023-09-12,446.9500,448.5300,445.3900,445.9900,429.6662,67565400
2023-09-13,446.2200,447.7100,445.0800,446.5100,430.1671,60199300
2023-09-14,449.0700,451.0800,447.7200,450.3600,433.8762,83430800
2023-09-15,447.1400,447.4800,442.9200,443.3700,428.6487,111848900
2023-09-18,443.0500,444.9700,442.5600,443.6300,428.9001,55752200
2023-09-19,442.6800,443.2900,439.9400,442.7100,428.0107,66514600
2023-09-20,444.0100,444.4400,438.4300,438.6400,424.0757,82562600
2023-09-21,435.7000,435.9700,431.2300,431.3900,417.0665,104095800
2023-09-22,432.4500,434.1000,429.9900,430.4200,416.1287,100829700
2023-09-25,429.1700,432.2700,428.7200,432.2300,417.8786,70874500
2023-09-26,429.0900,429.8200,425.0200,425.8800,411.7394,96168400
2023-09-27,427.0900,427.6700,422.2900,426.0500,411.9038,104705800
2023-09-28,425.4800,430.2500,424.8700,428.5200,414.2918,92258300
2023-09-29,431.6700,431.8500,425.9100,427.4800,413.2863,115111300
2023-10-02,426.6200,428.6000,424.4600,427.3100,413.1219,83798600
2023-10-03,425.0600,427.3700,420.1800,421.5900,407.5919,103760600
2023-10-04,422.0700,425.4300,420.5600,424.6600,410.5599,87453000
2023-10-05,424.3600,425.3700,421.1700,424.5000,410.4052,70142700
2023-10-06,421.9700,431.1300,420.6000,429.5400,415.2780,113273300
2023-10-09,427.5800,432.8800,427.0100,432.2900,417.9366,80374400
2023-10-10,432.9400,437.2200,432.5300,434.5400,420.1119,78607300
2023-10-11,435.6400,436.5800,433.1800,436.3200,421.8328,62451700
2023-10-12,436.9500,437.3400,431.2300,433.6600,419.2611,81154200
2023-10-13,435.2100,436.4500,429.8800,431.5000,417.1729,95143100
2023-10-16,433.8200,437.1400,433.5700,436.0400,421.5621,75433200
2023-10-17,432.8100,438.1400,432.4500,436.0200,421.5427,75324700
2023-10-18,434.1900,435.1800,429.0900,430.2100,415.9257,93559800
2023-10-19,430.9500,432.8200,425.7300,426.4300,412.2711,121323000
2023-10-20,425.9800,426.5400,421.0800,421.1900,407.2052,123919900
2023-10-23,419.6100,424.4500,417.8000,420.4600,406.4994,92035100
2023-10-24,422.6500,424.8200,420.7400,423.6300,409.5641,78564200
2023-10-25,421.8900,421.9200,417.0200,417.5500,403.6860,94223200
2023-10-26,416.4500,417.3300,411.6000,412.5500,398.8521,115156800
2023-10-27,414.1900,414.6000,409.2100,410.6800,397.0441,107367700
2023-10-30,413.5600,416.6800,412.2200,415.5900,401.7911,86562700
2023-10-31,416.1800,418.5300,414.2100,418.2000,404.3145,79665200
2023-11-01,419.2000,423.5000,418.6500,422.6600,408.6264,98068100
2023-11-02,426.5800,430.9200,426.5600,430.7600,416.4574,94938900
2023-11-03,433.1400,436.2900,433.0100,434.6900,420.2570,100167800
2023-11-06,435.4700,436.1500,433.6800,435.6900,421.2237,67831700
2023-11-07,435.6900,437.5900,434.5100,436.9300,422.4225,64256100
2023-11-08,437.5500,438.0900,434.8700,437.2500,422.7319,61746000
2023-11-09,438.4300,438.4700,433.4000,433.8400,419.4352,83174400
2023-11-10,435.9800,440.9300,433.8300,440.6100,425.9803,89462200
2023-11-13,439.2300,441.3300,438.4200,440.1900,425.5743,52236100
2023-11-14,446.3200,450.0600,446.0900,448.7300,433.8307,97176900
2023-11-15,450.1100,451.3800,448.8000,449.6800,434.7492,77327600
2023-11-16,449.2200,450.5600,448.1200,450.2300,435.2809,66665800
2023-11-17,450.2400,451.4200,449.2900,450.7900,435.8223,83133200
2023-11-20,450.5300,455.1300,450.5200,454.2600,439.1772,69936200
2023-11-21,453.1800,454.1300,451.9600,453.2700,438.2200,49244600
2023-11-22,454.9800,456.3800,453.8900,455.0200,439.9119,59394900
2023-11-24,455.0700,455.5000,454.7300,455.3000,440.1826,29737400
2023-11-27,454.6500,455.4900,454.0800,454.4800,439.3898,50506000
2023-11-28,454.0800,456.2700,453.5000,454.9300,439.8249,62115000
2023-11-29,457.1500,458.3200,454.2000,454.6100,439.5155,63146000
2023-11-30,455.4800,456.7600,453.3400,456.4000,441.2461,79752700
2023-12-01,455.7700,459.6500,455.1600,459.1000,443.8564,89183400
2023-12-04,455.6000,459.1200,454.3400,456.6900,441.5264,72430900
2023-12-05,455.2600,457.5900,454.8700,456.6000,441.4395,69793500
2023-12-06,458.8100,458.8400,454.3100,454.7600,439.6605,69124700
2023-12-07,456.9100,458.9000,456.2900,458.2300,443.0153,66995400
2023-12-08,457.4600,460.7500,457.2100,460.2000,444.9200,83194400
2023-12-11,459.6900,462.1700,459.4700,461.9900,446.6505,65002200
2023-12-12,461.6300,464.2000,460.6000,464.1000,448.6904,68327600
2023-12-13,464.4900,470.7600,464.1200,470.5000,454.8780,93278000
2023-12-14,472.5000,473.7300,469.2500,472.0100,456.3378,119026000
2023-12-15,469.4900,470.7000,467.4300,469.3300,455.5865,141553700
2023-12-18,470.9800,472.9800,469.8900,471.9700,458.1491,70375300
2023-12-19,472.5300,474.9200,472.4500,474.8400,460.9351,55761800
2023-12-20,473.9600,475.9000,467.8200,468.2600,454.5478,102921000
2023-12-21,471.3300,472.9800,468.8400,472.7000,458.8578,86667500
2023-12-22,473.8600,475.3800,471.7000,473.6500,459.7799,67160400
2023-12-26,474.0700,476.5800,473.9900,475.6500,461.7213,55387000
2023-12-27,475.4400,476.6600,474.8900,476.5100,462.5562,68000300
2023-12-28,476.8800,477.5500,476.2600,476.6900,462.7309,77158100
2023-12-29,476.4900,477.0300,473.3000,475.3100,461.3913,122283100
2024-01-02,472.1600,473.6700,470.4900,472.6500,458.8092,123623700
2024-01-03,470.4300,471.1900,468.1700,468.7900,455.0623,103585900
2024-01-04,468.3000,470.9600,467.0500,467.2800,453.5964,84232200
2024-01-05,467.4900,470.4400,466.4300,467.9200,454.2177,86118900
2024-01-08,468.4300,474.7500,468.3000,474.6000,460.7021,74879100
2024-01-09,471.8700,474.9300,471.3500,473.8800,460.0032,65931400
2024-01-10,474.1600,477.4500,473.8700,476.5600,462.6047,67310600
2024-01-11,477.5900,478.1200,472.2600,476.3500,462.4008,77940700
2024-01-12,477.8400,478.6000,475.2300,476.6800,462.7212,58026400
2024-01-16,475.2600,476.6100,473.0600,474.9300,461.0224,85014900
2024-01-17,471.8200,472.7900,469.8700,472.2900,458.4598,68843900
2024-01-18,474.0100,477.0600,472.4200,476.4900,462.5367,91856200
2024-01-19,477.6500,482.7200,476.5400,482.4300,468.3029,110834500
2024-01-22,484.0100,485.2200,482.7800,483.4500,469.2930,75844900
2024-01-23,484.0100,485.1100,482.8900,484.8600,470.6617,49945300
2024-01-24,487.8100,488.7700,484.8800,485.3900,471.1762,81765000
2024-01-25,487.5800,488.3100,485.3900,488.0300,473.7389,72525000
2024-01-26,487.5900,489.1200,486.5400,487.4100,473.1370,76641600
2024-01-29,487.7300,491.4200,487.1700,491.2700,476.8839,61322800
2024-01-30,490.5600,491.6200,490.1100,490.8900,476.5151,58618400
2024-01-31,488.6200,489.0800,482.8600,482.8800,468.7396,126011100
2024-02-01,484.6300,489.2300,483.8000,489.2000,474.8746,91891600
2024-02-02,489.6500,496.0500,489.3000,494.3500,479.8738,99228200
2024-02-05,493.7000,494.3800,490.2300,492.5500,478.1265,75757100
2024-02-06,493.5200,494.3200,492.0500,493.9800,479.5146,55918600
2024-02-07,496.2900,498.5300,495.3600,498.1000,483.5140,70556500
2024-02-08,498.1000,498.7100,497.2600,498.3200,483.7275,52343600
2024-02-09,498.8400,501.6500,498.4900,501.2000,486.5232,63979400
2024-02-12,501.1700,503.5000,500.2400,500.9800,486.3096,56502300
2024-02-13,494.5300,497.0900,490.7200,494.0800,479.6116,113099200
2024-02-14,496.7900,499.0700,494.4000,498.5700,483.9702,68387800
2024-02-15,499.2900,502.2000,498.8000,502.0100,487.3094,61683000
2024-02-16,501.7000,502.8700,498.7500,499.5100,484.8827,75532900
2024-02-20,497.7200,498.4100,494.4500,496.7600,482.2132,71736700
2024-02-21,495.4200,497.3700,493.5600,497.2100,482.6500,59293400
2024-02-22,504.0100,508.4900,503.0200,507.5000,492.6387,76402500
2024-02-23,509.2700,510.1300,507.1000,507.8500,492.9785,61321800
2024-02-26,508.3000,508.7500,505.8600,505.9900,491.1729,50386700
2024-02-27,506.7000,507.1600,504.7500,506.9300,492.0854,48854500
2024-02-28,505.3300,506.8600,504.9600,506.2600,491.4350,56506600
2024-02-29,508.0700,509.7400,505.3500,508.0800,493.2017,83924800
2024-03-01,508.9800,513.2900,508.5600,512.8500,497.8320,76844800
2024-03-04,512.0300,514.2000,512.0000,512.3000,497.2982,49799300
2024-03-05,510.2400,510.7000,504.9100,507.1800,492.3281,72855600
2024-03-06,510.5500,512.0700,508.4200,509.7500,494.8228,68382400
2024-03-07,513.1400,515.8900,509.8100,514.8100,499.7346,58652100
2024-03-08,515.4600,518.2200,511.1300,511.7200,496.7351,86532500
2024-03-11,510.4800,511.8800,508.5000,511.2800,496.3080,62557200
2024-03-12,513.4500,517.3800,510.8600,516.7800,501.6470,73114400
2024-03-13,517.1100,517.2900,514.4900,515.9700,500.8606,55104100
2024-03-14,516.9700,517.1300,511.8200,514.9500,499.8706,110171800
2024-03-15,510.2100,511.7000,508.1200,509.8300,496.4381,107646300
2024-03-18,514.0000,515.4800,512.4400,512.8600,499.3885,88893300
2024-03-19,512.1500,516.0000,511.1200,515.7100,502.1636,60755300
2024-03-20,515.7700,520.6200,515.0800,520.4800,506.8083,69594600
2024-03-21,523.3900,524.1100,521.9100,522.2000,508.4832,60256100
2024-03-22,522.1100,522.6100,520.9700,521.2100,507.5191,79070800
2024-03-25,519.8000,520.9500,519.6100,519.7700,506.1171,48512100
2024-03-26,521.2300,521.5800,518.4000,518.8100,505.1822,65463700
2024-03-27,521.7100,523.2100,519.4900,523.1700,509.4278,82999800
2024-03-28,523.2100,524.6100,522.7800,523.0700,509.3303,96294900
2024-04-01,523.8300,524.3800,520.9700,522.1600,508.4442,62477500
2024-04-02,518.2400,518.9800,516.4800,518.8400,505.2115,74230300
2024-04-03,517.7200,520.9500,517.6700,519.4100,505.7665,59155800
2024-04-04,523.5200,523.8700,512.7600,513.0700,499.5930,96858100
2024-04-05,514.4600,520.4400,514.0100,518.4300,504.8122,74546500
2024-04-08,519.1500,520.1800,517.8900,518.7200,505.0946,48401800
2024-04-09,520.5000,520.7500,514.3500,519.3200,505.6788,68049200
2024-04-10,513.4800,516.1600,512.0900,514.1200,500.6154,82652800
2024-04-11,515.6800,519.4800,512.0800,518.0000,504.3936,70099000
2024-04-12,514.3700,515.8200,509.0800,510.8500,497.4314,92561100
2024-04-15,515.1300,515.3000,503.5800,504.4500,491.1995,92101400
2024-04-16,504.9400,506.5000,502.2100,503.5300,490.3036,73484000
2024-04-17,506.0500,506.2200,499.1200,500.5500,487.4019,75910300
2024-04-18,501.9800,504.1300,498.5600,499.5200,486.3990,74548100
2024-04-19,499.4400,500.4600,493.8600,495.1600,482.1535,102212600
2024-04-22,497.8300,502.3800,495.4300,499.7200,486.5937,67961000
2024-04-23,501.7800,506.0900,499.5300,505.6500,492.3679,64633600
2024-04-24,506.5600,507.3700,503.1300,505.4100,492.1342,55928100
2024-04-25,499.1800,504.2700,497.4900,503.4900,490.2647,69122400
2024-04-26,506.3500,509.8800,505.7000,508.2600,494.9094,64306100
2024-04-29,510.0900,510.7500,507.2500,510.0600,496.6621,46415400
2024-04-30,508.5600,509.5600,501.9800,501.9800,488.7944,77483600
2024-05-01,501.3800,508.1900,499.8700,500.3500,487.2071,80242800
2024-05-02,504.1500,505.8900,499.5500,505.0300,491.7642,62550200
2024-05-03,511.1600,512.5500,508.5600,511.2900,497.8598,72756700
2024-05-06,513.7500,516.6100,513.3000,516.5700,503.0011,47264700
2024-05-07,517.5600,518.5700,516.4500,517.1400,503.5562,52561300
2024-05-08,515.2600,517.7400,515.1400,517.1900,503.6048,42047200
2024-05-09,517.3800,520.2100,516.7100,520.1700,506.5065,43643700
2024-05-10,521.8100,522.6400,519.5900,520.8400,507.1590,52233200
2024-05-13,522.5600,522.6700,519.7400,520.9100,507.2271,36716400
2024-05-14,521.1100,523.8300,520.5600,523.3000,509.5544,57535900
2024-05-15,525.8300,530.0800,525.1800,529.7800,515.8641,59504900
2024-05-16,529.8800,531.5200,528.5400,528.6900,514.8027,50244800
2024-05-17,528.8100,529.5200,527.3200,529.4500,515.5428,59187600
2024-05-20,529.5700,531.5600,529.1700,530.0600,516.1367,37764200
2024-05-21,529.2800,531.5200,529.0700,531.3600,517.4025,33437000
2024-05-22,530.6500,531.3800,527.6000,529.8300,515.9128,48390000
2024-05-23,532.9600,533.0700,524.7200,525.9600,512.1445,57211200
2024-05-24,527.8500,530.2700,526.8800,529.4400,515.5331,41291100
2024-05-28,530.2700,530.5100,527.1100,529.8100,515.8934,36269600
2024-05-29,525.6800,527.3100,525.3700,526.1000,512.2808,45190300
2024-05-30,524.5200,525.2000,521.3300,522.6100,508.8824,46377600
2024-05-31,523.5900,527.5000,518.3600,527.3700,513.5174,90785800
2024-06-03,529.0200,529.3100,522.6000,527.8000,513.9360,46835700
2024-06-04,526.4600,529.1500,524.9600,528.3900,514.5107,34632700
2024-06-05,530.7700,534.6900,528.7300,534.6700,520.6257,47610400
2024-06-06,534.9800,535.4200,532.6800,534.6600,520.6159,30808500
2024-06-07,533.6600,536.8900,532.5400,534.0100,519.9830,43224500
2024-06-10,533.1800,535.9900,532.5700,535.6600,521.5896,35686100
2024-06-11,534.0700,537.0100,532.0500,536.9500,522.8457,36383400
2024-06-12,541.6300,544.1200,540.3000,541.3600,527.1399,63251300
2024-06-13,543.1500,543.3300,539.5900,542.4500,528.2013,44760900
2024-06-14,540.8800,542.8100,539.8500,542.7800,528.5226,40089900
2024-06-17,542.0800,548.5300,541.6100,547.1000,532.7292,55839500
2024-06-18,547.1600,548.6200,546.7300,548.4900,534.0827,41376400
2024-06-20,549.4400,550.1200,545.1800,547.0000,532.6318,70328200
2024-06-21,544.4000,545.6500,543.0200,544.5100,531.9177,64338600
2024-06-24,544.3300,546.9500,542.6200,542.7400,530.1886,45528700
2024-06-25,543.9900,545.2000,542.4400,544.8300,532.2302,37936200
2024-06-26,543.6900,546.2400,543.0300,545.5100,532.8945,38550600
2024-06-27,545.3700,546.9600,544.6100,546.3700,533.7347,35041500
2024-06-28,547.1600,550.2800,542.9500,544.2200,531.6343,76144500
2024-07-01,545.6300,545.8800,542.5200,545.3400,532.7285,40297800
2024-07-02,543.7000,549.0100,543.6500,549.0100,536.3137,40434800
2024-07-03,548.6900,551.8300,548.6500,551.4600,538.7070,32789900
2024-07-05,551.7700,555.0500,551.1200,554.6400,541.8135,41488400
2024-07-08,555.4400,556.2500,554.1900,555.2800,542.4387,36110500
2024-07-09,556.2600,557.1800,555.5200,555.8200,542.9662,27289700
2024-07-10,557.0700,561.6700,556.7700,561.3200,548.3389,38701200
2024-07-11,561.4400,562.3300,555.8300,556.4800,543.6109,53054200
2024-07-12,557.6300,563.6700,557.1500,559.9900,547.0397,53084400
2024-07-15,562.0300,564.8400,559.6300,561.5300,548.5441,40584300
2024-07-16,562.8700,565.1600,562.1000,564.8600,551.7970,36475300
2024-07-17,558.8000,560.5100,556.6100,556.9400,544.0602,57119000
2024-07-18,558.5100,559.5200,550.4300,552.6600,539.8792,56270400
2024-07-19,552.4200,554.0800,547.9100,548.9900,536.2941,65509100
2024-07-22,553.0000,555.2700,551.0200,554.6500,541.8233,43346700
2024-07-23,554.5400,556.7400,553.2800,553.7800,540.9733,34439600
2024-07-24,548.8600,549.1700,540.2900,541.2300,528.7135,74515300
2024-07-25,541.3500,547.4600,537.4500,538.4100,525.9587,61158300
2024-07-26,542.2800,547.1900,541.4900,544.4400,531.8494,53763800
2024-07-29,546.0200,547.0500,542.7200,544.7600,532.1619,39515800
2024-07-30,546.2600,547.3400,538.5200,542.0000,529.4658,46853600
2024-07-31,548.9800,553.5000,547.5800,550.8100,538.0719,65663400
2024-08-01,552.5700,554.8700,539.4300,543.0100,530.4524,76428700
2024-08-02,535.7500,536.9900,528.6000,532.9000,520.5762,82789100
2024-08-05,511.6400,523.5800,510.2700,517.3800,505.4151,146267400
2024-08-06,519.2200,529.7500,517.8700,522.1500,510.0748,84826300
2024-08-07,528.4700,531.5900,518.0500,518.6600,506.6654,70698300
2024-08-08,523.9100,531.2900,521.8400,530.6500,518.3782,63276600
2024-08-09,529.8100,534.5100,528.5600,532.9900,520.6641,45619600
2024-08-12,534.2100,535.7300,530.9500,533.2700,520.9377,42542100
2024-08-13,536.5300,542.2800,536.2800,542.0400,529.5048,52333100
2024-08-14,542.8500,544.9600,540.1200,543.7500,531.1752,42446900
2024-08-15,549.5000,553.3600,548.8800,553.0700,540.2797,60846800
2024-08-16,551.4200,555.0200,551.2600,554.3100,541.4911,44430700
2024-08-19,554.7300,559.6100,553.8600,559.6100,546.6685,39121800
2024-08-20,559.1500,560.8400,557.3300,558.7000,545.7795,33732300
2024-08-21,559.7700,562.1100,554.7300,560.6200,547.6551,41514600
2024-08-22,562.5600,563.1800,554.9800,556.2200,543.3569,56121500
2024-08-23,559.5300,563.0900,557.2900,562.1300,549.1302,50639400
2024-08-26,563.1800,563.9100,559.0500,560.7900,547.8212,35788600
2024-08-27,559.4900,562.0600,558.3200,561.5600,548.5734,32693900
2024-08-28,561.2100,561.6500,555.0400,558.3000,545.3887,41066000
2024-08-29,560.3100,563.6800,557.1800,558.3500,545.4377,38715200
2024-08-30,560.7700,564.2000,557.1400,563.6800,550.6443,62700100
2024-09-03,560.4700,560.8100,549.5100,552.0800,539.3126,60600100
2024-09-04,550.2000,554.4300,549.4600,550.9500,538.2087,47224900
2024-09-05,550.8900,553.8000,547.1000,549.6100,536.8997,44264300
2024-09-06,549.9400,551.6000,539.4400,540.3600,527.8636,68493800
2024-09-09,544.6500,547.7100,542.6800,546.4100,533.7737,40445800
2024-09-10,548.3600,549.1500,543.3800,548.7900,536.0987,36394600
2024-09-11,548.7000,555.3600,539.9600,554.4200,541.5986,75248600
2024-09-12,555.0100,559.4000,552.7400,559.0900,546.1606,51819600
2024-09-13,559.7100,563.0300,559.4500,562.0100,549.0129,39310500
2024-09-16,561.7400,563.1100,559.9000,562.8400,549.8238,36656100
2024-09-17,565.1000,566.5800,560.7900,563.0700,550.0485,49321000
2024-09-18,563.7400,568.6900,560.8300,561.4000,548.4172,59044900
2024-09-19,571.0100,572.8800,568.0800,570.9800,557.7755,75315500
2024-09-20,567.8400,569.3100,565.1700,568.2500,556.8113,77503100
2024-09-23,569.3400,570.3300,568.1000,569.6700,558.2028,44116900
2024-09-24,570.4800,571.3600,567.6000,571.3000,559.7999,46805700
2024-09-25,571.1400,571.8900,568.9100,570.0400,558.5652,38428600
2024-09-26,574.3800,574.7100,569.9000,572.3000,560.7798,48336000
2024-09-27,573.3900,574.2200,570.4200,571.4700,559.9664,42100900
2024-09-30,570.4200,574.3800,568.0800,573.7600,562.2105,63557400
2024-10-01,573.4000,574.0600,566.0000,568.6200,557.1740,72668800
2024-10-02,567.7100,569.9000,565.2700,568.8600,557.4091,38097800
2024-10-03,567.3600,569.8000,565.4900,567.8200,556.3900,40846500
2024-10-04,572.3500,573.3600,568.1000,572.9800,561.4462,42939100
2024-10-07,571.3000,571.9600,566.6300,567.8000,556.3704,49964700
2024-10-08,570.4200,573.7800,569.5300,573.1700,561.6323,37398700
2024-10-09,573.1600,577.7100,572.5500,577.1400,565.5224,37912200
2024-10-10,575.7700,577.5800,574.4900,576.1300,564.5328,44138100
2024-10-11,576.0500,580.3300,575.9100,579.5800,567.9133,42268000
2024-10-14,581.2200,585.2700,580.7300,584.3200,572.5579,36217200
2024-10-15,584.5900,584.9000,578.5400,579.7800,568.1093,54203600
2024-10-16,579.7800,582.8300,578.9600,582.3000,570.5784,30725400
2024-10-17,585.9100,586.1200,582.1600,582.3500,570.6276,34393700
2024-10-18,584.0700,585.3900,582.5800,584.5900,572.8224,37416800
2024-10-21,583.8500,584.8500,580.6000,583.6300,571.8818,36439000
2024-10-22,581.0500,584.5000,580.3800,583.3200,571.5780,34183800
2024-10-23,581.2600,581.7100,574.4200,577.9900,566.3553,49314600
2024-10-24,579.9800,580.0600,576.5700,579.2400,567.5801,34979900
2024-10-25,581.5100,584.4600,578.0800,579.0400,567.3842,47268200
2024-10-28,582.5800,582.7100,580.5200,580.8300,569.1381,30174700
2024-10-29,579.8500,582.9100,578.4300,581.7700,570.0591,42899700
2024-10-30,581.2900,583.3200,579.2900,580.0100,568.3347,41435800
2024-10-31,575.5600,575.6300,568.4400,568.6400,557.1935,60182500
2024-11-01,571.3200,575.5500,570.6200,571.0400,559.5452,45667500
2024-11-04,571.1800,572.5000,567.8900,569.8100,558.3400,38217000
2024-11-05,570.7400,576.7400,570.5200,576.7000,565.0912,39478300
2024-11-06,589.2000,591.9300,585.3900,591.0400,579.1426,68182000
2024-11-07,593.0800,596.6500,593.0000,595.6100,583.6206,47233200
2024-11-08,596.1700,599.6400,596.1700,598.1900,586.1487,46444900
2024-11-11,599.8100,600.1700,597.0000,598.7600,586.7072,37586800
2024-11-12,598.6800,599.2900,594.3700,596.9000,584.8846,43006100
2024-11-13,597.3700,599.2300,594.9600,597.1900,585.1688,47388600
2024-11-14,597.3200,597.8100,592.6500,593.3500,581.4061,38904100
2024-11-15,589.7200,590.2000,583.8600,585.7500,573.9591,75988800
2024-11-18,586.2200,589.4900,585.3400,588.1500,576.3108,37001700
2024-11-19,584.7100,591.0400,584.0300,590.3000,578.4175,49412000
2024-11-20,590.3800,590.7900,584.6300,590.5000,578.6134,50032600
2024-11-21,593.4000,595.1200,587.4500,593.6700,581.7197,46750300
2024-11-22,593.6600,596.1500,593.1500,595.5100,583.5226,38226400
2024-11-25,599.5200,600.8600,595.2000,597.5300,585.5020,42441400
2024-11-26,598.8000,601.3300,598.0700,600.6500,588.5591,45621300
2024-11-27,600.4600,600.8500,597.2800,598.8300,586.7758,34000200
2024-11-29,599.6600,603.3500,599.3800,602.5500,590.4210,30177400
2024-12-02,602.9700,604.3200,602.4700,603.6300,591.4792,31746000
2024-12-03,603.3900,604.1600,602.3400,603.9100,591.7535,26906600
2024-12-04,605.6300,607.9100,604.9500,607.6600,595.4280,42787600
2024-12-05,607.6600,608.4800,606.3000,606.6600,594.4482,28762200
2024-12-06,607.4400,609.0700,607.0200,607.8100,595.5751,31241500
2024-12-09,607.6900,607.8600,604.0800,604.6800,592.5081,34742700
2024-12-10,605.3700,605.8000,602.1300,602.8000,590.6659,37234500
2024-12-11,605.7800,608.4300,605.5000,607.4600,595.2321,28677700
2024-12-12,606.5800,607.1600,604.3300,604.3300,592.1651,31543800
2024-12-13,606.4000,607.1300,602.8100,604.2100,592.0475,35904700
2024-12-16,606.0000,607.7800,605.2100,606.7900,594.5756,43695200
2024-12-17,604.1900,605.1700,602.8900,604.2900,592.1258,55773500
2024-12-18,603.9800,606.4100,585.8900,586.2800,574.4785,108248700
2024-12-19,591.3600,593.0000,585.8500,586.1000,574.3021,85919500
2024-12-20,581.7700,595.7500,580.9100,591.1500,581.2000,125716700
2024-12-23,590.8900,595.3000,587.6600,594.6900,584.6804,57635800
2024-12-24,596.0600,601.3400,595.4700,601.3000,591.1790,33160100
2024-12-26,599.5000,602.4800,598.0800,601.3400,591.2186,41219100
2024-12-27,597.5400,597.7800,590.7600,595.0100,584.9950,64969300
2024-12-30,587.8900,591.7400,584.4100,588.2200,578.3193,56578800
2024-12-31,589.9100,590.6400,584.4200,586.0800,576.2153,57052700
2025-01-02,589.3900,591.1300,580.5000,584.6400,574.7995,50204000
2025-01-03,587.5300,592.6000,586.4300,591.9500,581.9865,37888500
2025-01-06,596.2700,599.7000,593.6000,595.3600,585.3391,47679400
2025-01-07,597.4200,597.7500,586.7800,588.6300,578.7224,60393100
2025-01-08,588.7000,590.5800,585.2000,589.4900,579.5679,47304700
2025-01-10,585.8800,585.9500,578.5500,580.4900,570.7193,73105000
2025-01-13,575.7700,581.7500,575.3500,581.3900,571.6042,47910100
2025-01-14,584.3600,585.0000,578.3500,582.1900,572.3907,48420600
2025-01-15,590.3300,593.9400,589.2000,592.7800,582.8025,56900200
2025-01-16,594.1700,594.3500,590.9300,591.6400,581.6817,43319700
2025-01-17,596.9600,599.3600,595.6100,597.5800,587.5217,58070600
2025-01-21,600.6700,603.0600,598.6700,603.0500,592.8996,42532900
2025-01-22,605.9200,607.8200,605.3600,606.4400,596.2327,48196000
2025-01-23,605.8000,609.7500,605.5200,609.7500,599.4869,41152100
2025-01-24,609.8100,610.7800,606.8000,607.9700,597.7368,34604700
2025-01-27,594.8100,599.6900,594.6400,599.3700,589.2816,70361100
2025-01-28,600.6200,605.3700,597.2500,604.5200,594.3450,44433300
2025-01-29,603.7200,604.1300,599.2200,601.8100,591.6805,37177400
2025-01-30,603.9600,606.6000,600.7200,605.0400,594.8561,39281300
2025-01-31,607.5000,609.9600,601.0500,601.8200,591.6904,66566900
2025-02-03,592.6700,600.2900,590.4900,597.7700,587.7084,65857200
2025-02-04,597.8300,602.3000,597.2800,601.7800,591.6511,33457800
2025-02-05,600.6400,604.3700,598.5800,604.2200,594.0499,30653100
2025-02-06,605.9900,606.4500,602.6300,606.3200,596.1146,35771500
2025-02-07,606.8900,608.1300,600.0500,600.7700,590.6580,50788500
2025-02-10,604.0300,605.5000,602.7400,604.8500,594.6693,26048700
2025-02-11,602.5500,605.8600,602.4300,605.3100,595.1216,30056700
2025-02-12,599.2000,604.5500,598.5100,603.3600,593.2044,45076100
2025-02-13,604.4800,609.9400,603.2000,609.7300,599.4672,40921300
2025-02-14,609.9400,610.9900,609.0700,609.7000,599.4377,26910400
2025-02-18,610.8800,611.4900,608.3800,611.4900,601.1976,26749000
2025-02-19,610.0800,613.2300,609.5600,612.9300,602.6133,31011100
2025-02-20,611.5400,611.6800,607.0200,610.3800,600.1062,36554000
2025-02-21,610.1600,610.3000,599.4700,599.9400,589.8420,76519800
2025-02-24,602.0200,603.0300,596.4900,597.2100,587.1580,50737200
2025-02-25,597.1500,597.8900,589.5600,594.2400,584.2379,58266500
2025-02-26,595.9300,599.5800,591.8600,594.5400,584.5328,43321600
2025-02-27,596.8500,598.0200,584.6500,585.0500,575.2025,74196700
2025-02-28,585.5600,594.7200,582.4400,594.1800,584.1789,88744100
2025-03-03,596.1800,597.3400,579.9000,583.7700,573.9442,74249200
2025-03-04,579.7100,585.3900,572.2500,576.8600,567.1504,109648200
2025-03-05,576.6900,584.8800,573.0800,583.0600,573.2462,71230500
2025-03-06,575.4800,580.1700,570.1200,572.7100,563.0704,80094900
2025-03-07,570.9000,577.3900,565.6300,575.9200,566.2263,81158800
2025-03-10,567.5900,569.5400,555.5900,560.5800,551.1445,99326600
2025-03-11,559.4000,564.0200,552.0200,555.9200,546.5629,88102100
2025-03-12,562.1700,563.1100,553.6900,558.8700,549.4632,69588200
2025-03-13,558.4900,559.1100,549.6800,551.4200,542.1387,74079400
2025-03-14,556.1100,563.8300,551.4900,562.8100,553.3369,62660300
2025-03-17,562.7900,569.7100,562.3500,567.1500,557.6039,49008700
2025-03-18,564.8000,565.0200,559.0600,561.0200,551.5771,66041400
2025-03-19,562.8300,570.9500,561.6300,567.1300,557.5842,66556000
2025-03-20,563.3300,570.5700,562.6000,565.4900,555.9718,62958200
2025-03-21,559.2800,564.8900,558.0300,563.9800,556.1552,83763000
2025-03-24,570.8000,575.1500,570.2000,574.0800,566.1152,58766800
2025-03-25,575.3000,576.4100,573.6900,575.4600,567.4760,38355700
2025-03-26,575.1900,576.3300,567.1900,568.5900,560.7014,51848300
2025-03-27,567.1800,570.9000,564.9400,567.0800,559.2122,42164200
2025-03-28,565.5300,566.2700,555.0700,555.6600,547.9507,71662700
2025-03-31,549.8300,560.7100,546.8700,559.3900,551.6289,95328200
2025-04-01,557.4500,562.9400,553.6800,560.9700,553.1870,54609600
2025-04-02,555.0500,567.4200,554.8100,564.5200,556.6878,76014500
2025-04-03,545.1100,547.9700,536.7000,536.7000,529.2538,125986000
2025-04-04,523.6700,525.8700,505.0600,505.2800,498.2697,217965100
2025-04-07,489.1900,523.1700,481.8000,504.3800,497.3822,256611400
2025-04-08,521.8600,524.9800,489.1600,496.4800,489.5918,165816600
2025-04-09,493.4400,548.6200,493.0500,548.6200,541.0085,241867300
2025-04-10,532.1700,533.5000,509.3200,524.5800,517.3019,162331200
2025-04-11,523.0100,536.4300,520.0700,533.9400,526.5321,97866300
2025-04-14,544.0500,544.2800,533.8600,539.1200,531.6401,68034000
2025-04-15,539.6700,543.2300,536.8100,537.6100,530.1512,56892900
2025-04-16,531.6800,537.8900,520.2900,525.6600,518.3669,83484800
2025-04-17,527.6400,531.1700,523.9100,526.4100,519.1065,79868100
2025-04-21,521.1600,521.7000,508.4600,513.8800,506.7503,69368100
2025-04-22,520.1400,529.3000,519.1900,527.2500,519.9349,75948100
2025-04-23,540.4300,545.4300,533.8800,535.4200,527.9915,90590700
2025-04-24,536.7200,547.4300,535.4500,546.6900,539.1051,64150400
2025-04-25,546.6500,551.0500,543.6900,550.6400,543.0004,61119600
2025-04-28,551.3900,553.5500,545.0200,550.8500,543.2075,47613800
2025-04-29,548.9100,555.4500,548.5500,554.3200,546.6293,47775100
2025-04-30,547.5700,556.5200,541.5200,554.5400,546.8462,93101500
2025-05-01,560.3700,564.0700,557.8600,558.4700,550.7217,63186100
2025-05-02,564.7300,568.3800,562.3800,566.7600,558.8967,60717300
2025-05-05,562.5700,566.6500,561.7000,563.5100,555.6918,38659200
2025-05-06,557.9300,563.3500,556.9600,558.8000,551.0472,48264700
2025-05-07,560.1500,563.8200,556.0400,561.1500,553.3646,55588000
2025-05-08,565.2400,570.3100,561.7000,565.0600,557.2203,65130800
2025-05-09,566.4800,567.5000,562.7600,564.3400,556.5103,37603400
2025-05-12,581.4700,583.0000,577.0400,582.9900,574.9016,78993600
2025-05-13,583.4100,589.0800,582.8400,586.8400,578.6981,67947200
2025-05-14,587.8100,588.9800,585.5400,587.5900,579.4376,66283500
2025-05-15,585.5600,590.9700,585.1000,590.4600,582.2679,71268100
2025-05-16,591.2500,594.5000,589.2800,594.2000,585.9560,76052100
2025-05-19,588.1000,595.5400,588.1000,594.8500,586.5969,68168500
2025-05-20,593.0900,594.0500,589.6000,592.8500,584.6247,60614500
2025-05-21,588.4400,592.5800,581.8200,582.8600,574.7733,95197700
2025-05-22,582.6600,586.6200,581.4100,583.0900,575.0002,70860400
2025-05-23,575.9800,581.8100,575.6000,579.1100,571.0753,76029000
2025-05-27,586.0700,591.3100,578.4300,591.1500,582.9483,72588500
2025-05-28,591.5600,592.7700,586.9900,587.7300,579.5757,68445500
2025-05-29,593.0600,593.2000,586.0700,590.0500,581.8636,69973300
2025-05-30,588.9300,591.1300,583.2400,589.3900,581.2128,90601200
2025-06-02,587.7600,592.7900,585.0600,592.7100,584.4867,61630500
2025-06-03,592.3400,597.0800,591.8500,596.0900,587.8198,63606200
2025-06-04,596.9600,597.9500,595.4900,595.9300,587.6620,57314200
2025-06-05,597.6300,599.0000,591.0500,593.0500,584.8219,92278700
2025-06-06,598.6600,600.8300,596.8600,599.1400,590.8274,66588700
2025-06-09,599.7200,601.2500,598.4900,599.6800,591.3599,53016400
2025-06-10,600.2200,603.4700,599.0900,603.0800,594.7128,66247000
2025-06-11,604.1900,605.0600,599.2700,601.3600,593.0167,73658200
2025-06-12,600.0100,603.7500,599.5200,603.7500,595.3735,64129000
2025-06-13,598.5000,601.8500,595.4800,597.0000,588.7172,89506000
2025-06-16,600.4000,604.4500,600.2200,602.6800,594.3183,79984100
2025-06-17,600.2100,601.7500,596.7600,597.5300,589.2399,82209400
2025-06-18,598.4400,601.2200,596.4700,597.4400,589.1510,76605000
2025-06-20,598.3800,599.4600,592.8600,594.2800,587.7674,94051400
2025-06-23,595.0400,600.5400,591.8900,600.1500,593.5731,87426000
2025-06-24,604.3300,607.8500,603.4100,606.7800,600.1304,67735300
2025-06-25,607.9100,608.6100,605.5400,607.1200,600.4667,62114800
2025-06-26,608.9900,612.3100,608.3700,611.8700,605.1647,78548400
2025-06-27,612.8800,616.3900,610.8300,614.9100,608.1713,86258400
2025-06-30,617.3800,619.2200,615.0400,617.8500,611.0791,92502500
2025-07-01,616.3600,618.8300,615.5200,617.6500,610.8813,70030100
2025-07-02,617.2400,620.4900,616.6100,620.4500,613.6506,66510400
2025-07-03,622.4500,626.2800,622.4300,625.3400,618.4870,51065800
2025-07-07,623.3600,624.0300,617.8700,620.6800,613.8781,74814500
2025-07-08,621.3500,622.1100,619.5200,620.3400,613.5418,59024600
2025-07-09,622.7700,624.7200,620.9100,624.0600,617.2210,66113300
2025-07-10,624.2000,626.8700,623.0100,625.8200,618.9617,57529000
2025-07-11,622.7400,624.8600,621.5300,623.6200,616.7858,63670200
2025-07-14,623.1600,625.1600,621.8000,624.8100,617.9627,51898500
2025-07-15,627.5200,627.8600,622.0600,622.1400,615.3221,74317300
2025-07-16,623.7400,624.7300,618.0500,624.2200,617.3792,88987500
2025-07-17,624.4000,628.4000,624.1800,628.0400,621.1573,68885700
2025-07-18,629.3000,629.4700,626.4600,627.5800,620.7025,65621600
2025-07-21,628.7700,631.5400,628.3400,628.7700,621.8794,63375000
2025-07-22,629.1000,629.7300,626.1900,628.8600,621.9684,60046300
2025-07-23,631.5500,634.2100,629.7300,634.2100,627.2598,70511000
2025-07-24,634.6000,636.1500,633.9900,634.4200,627.4675,71307100
2025-07-25,635.0900,637.5800,634.8400,637.1000,630.1180,56865400
2025-07-28,637.4800,638.0400,635.5400,636.9400,629.9598,54917100
2025-07-29,638.3500,638.6700,634.3400,635.2600,628.2983,60556300
2025-07-30,635.9200,637.6800,631.5400,634.4600,627.5071,80418900
2025-07-31,639.4600,639.8500,630.7700,632.0800,625.1531,103385200
2025-08-01,626.3000,626.3400,619.2900,621.7200,614.9066,140103600
2025-08-04,625.6700,631.2200,625.5800,631.1700,624.2531,73218000
2025-08-05,631.7900,632.6100,627.0400,627.9700,621.0881,68051400
2025-08-06,629.0500,633.4400,628.1300,632.7800,625.8455,64357500
2025-08-07,636.2400,636.9800,629.1100,632.2500,625.3212,74205800
2025-08-08,634.0600,637.6500,633.7400,637.1800,630.1973,64051600
2025-08-11,637.4600,638.9500,634.6600,635.9200,628.9510,58742300
2025-08-12,638.2900,642.8500,636.7900,642.6900,635.6469,64730800
2025-08-13,644.9100,646.1900,642.6800,644.8900,637.8228,60092800
2025-08-14,642.7900,645.6200,642.3400,644.9500,637.8821,59327500
2025-08-15,645.9900,646.0900,642.5200,643.4400,636.3887,68592500
2025-08-18,642.8600,644.0000,642.1800,643.3000,636.2501,43804900
2025-08-19,643.1200,644.1100,638.4800,639.8100,632.7984,69750700
2025-08-20,639.4000,639.6600,632.9500,638.1100,631.1170,88890300
2025-08-21,636.2800,637.9700,633.8100,635.5500,628.5851,54805800
2025-08-22,637.7600,646.5000,637.2500,645.3100,638.2382,84083200
2025-08-25,644.0400,645.2900,642.3500,642.4700,635.4292,51274300
2025-08-26,642.2000,645.5100,641.5700,645.1600,638.0898,51581600
2025-08-27,644.5700,647.3700,644.4200,646.6300,639.5436,48341100
2025-08-28,647.2400,649.4800,645.3400,648.9200,641.8085,61519500
2025-08-29,647.4700,647.8400,643.1400,645.0500,637.9810,74522200
2025-09-02,637.5000,640.4900,634.9200,640.2700,633.2534,81983500
2025-09-03,642.6700,644.2100,640.4600,643.7400,636.6854,70820900
2025-09-04,644.4200,649.1500,643.5100,649.1200,642.0063,65219200
2025-09-05,651.4800,652.2100,643.3300,647.2400,640.1470,85178900
2025-09-08,648.6200,649.8400,647.2300,648.8300,641.7195,63133100
2025-09-09,648.9700,650.8600,647.2200,650.3300,643.2031,66133900
2025-09-10,653.6200,654.5500,650.6300,652.2100,645.0626,78034500
2025-09-11,654.1800,658.3300,653.5900,657.6300,650.4232,69934400
2025-09-12,657.6000,659.1100,656.9000,657.4100,650.2054,72780100
2025-09-15,659.6400,661.0400,659.3400,660.9100,653.6671,63772400
2025-09-16,661.4700,661.7800,659.2100,660.0000,652.7671,61169000
2025-09-17,660.0100,661.7200,654.3000,659.1800,651.9562,101952200
2025-09-18,661.8900,664.8900,660.2700,662.2600,655.0024,90459200
2025-09-19,662.3300,664.5500,660.3700,663.7000,658.2465,97945600
2025-09-22,662.2000,667.2900,662.1700,666.8400,661.3608,69452200
2025-09-23,666.7200,667.3400,661.9800,663.2100,657.7606,81708900
2025-09-24,664.5100,664.6100,659.6700,661.1000,655.6678,68082200
2025-09-25,657.9400,659.4100,654.4100,658.0500,652.6429,89622100
2025-09-26,659.5100,662.3700,657.8800,661.8200,656.3820,69179200
2025-09-29,664.3600,665.2800,661.8600,663.6800,658.2267,73499000
2025-09-30,662.9300,666.6500,661.6100,666.1800,660.7061,86288000
2025-10-01,663.1700,669.3700,663.0600,668.4500,662.9575,72545400
2025-10-02,670.4500,670.5700,666.7800,669.2200,663.7211,56896000
2025-10-03,669.9900,672.6800,668.1600,669.2100,663.7112,70494400
2025-10-06,671.6200,672.5100,669.4600,671.6100,666.0915,54623300
2025-10-07,672.5400,672.9900,667.6700,669.1200,663.6219,72020100
2025-10-08,670.2500,673.2100,669.4200,673.1100,667.5792,60702200
2025-10-09,673.5300,673.9400,669.2100,671.1600,665.6452,66501900
2025-10-10,672.1300,673.9500,652.8400,653.0200,647.6542,159422600
2025-10-13,660.6500,665.1300,659.7700,663.0400,657.5919,79560500
2025-10-14,657.1700,665.8300,653.1700,662.2300,656.7886,88779600
2025-10-15,666.8200,670.2300,658.9300,665.1700,659.7044,81702600
2025-10-16,666.8200,668.7100,657.1100,660.6400,655.2116,110563300
2025-10-17,659.5000,665.7600,658.1400,664.3900,658.9308,96500900
2025-10-20,667.3200,672.2100,667.2700,671.3000,665.7841,60493400
2025-10-21,671.4400,672.9900,669.9800,671.2900,665.7741,56249000
2025-10-22,672.0000,672.0000,663.3000,667.8000,662.3128,80564000
2025-10-23,668.1200,672.7100,667.8000,671.7600,666.2403,65604500
2025-10-24,676.4600,678.4700,675.6500,677.2500,671.6852,74356500
2025-10-27,682.7300,685.5400,682.1200,685.2400,679.6095,63339800
2025-10-28,687.0500,688.9100,684.8300,687.0600,681.4146,61738100
2025-10-29,688.7200,689.7000,682.8700,687.3900,681.7419,85657100
2025-10-30,683.9000,685.9400,679.8300,679.8300,674.2440,76335800
2025-10-31,685.0400,685.0800,679.2400,682.0600,676.4556,87164100
2025-11-03,685.6700,685.8000,679.9400,683.3400,677.7252,57315000
2025-11-04,676.1100,679.9600,674.5800,675.2400,669.6917,78427000
2025-11-05,674.9800,680.8600,674.1700,677.5800,672.0125,74402400
2025-11-06,676.4700,677.3800,668.7200,670.3100,664.8022,85035300
2025-11-07,667.9100,671.0800,661.2100,670.9700,665.4567,100592400
2025-11-10,677.2400,682.1800,675.0300,681.4400,675.8407,75842900
2025-11-11,679.9500,683.5700,678.7300,683.0000,677.3879,58953400
2025-11-12,684.7900,684.9600,680.9500,683.3800,677.7648,62312500
2025-11-13,680.5000,680.8600,670.5200,672.0400,666.5180,103457800
2025-11-14,665.3800,675.6600,663.2700,671.9300,666.4089,96846700
2025-11-17,669.7000,673.7100,662.1700,665.6700,660.2003,90456100
2025-11-18,662.1000,665.1200,655.8600,660.0800,654.6563,114467500
2025-11-19,660.7800,667.3400,658.7500,662.6300,657.1853,94703000
2025-11-20,672.9100,675.5600,651.8900,652.5300,647.1683,165293500
2025-11-21,655.0500,664.5500,650.8500,659.0300,653.6149,123956200
2025-11-24,662.6900,670.0600,661.5900,668.7300,663.2351,80437900
2025-11-25,668.6300,676.2100,664.4800,675.0200,669.4735,81077100
2025-11-26,677.6300,681.7000,676.7200,679.6800,674.0952,71879600
2025-11-28,680.8600,683.6700,680.5000,683.3900,677.7747,49212000
2025-12-01,678.8100,682.9900,678.7400,680.2700,674.6803,61201200
2025-12-02,681.9200,683.8200,679.3300,681.5300,675.9301,62953800
2025-12-03,680.5700,684.9100,679.6900,683.8900,678.2706,57238500
2025-12-04,685.3000,685.3700,681.3400,684.3900,678.7665,61970300
2025-12-05,685.4700,688.3900,684.5800,685.6900,680.0558,79241000
2025-12-08,686.5900,686.6400,681.5700,683.6300,678.0128,55231500
2025-12-09,683.1500,685.3900,682.5900,683.0400,677.4276,58310100
2025-12-10,682.5600,688.9700,681.3100,687.5700,681.9204,85671300
2025-12-11,685.1400,689.2500,682.1700,689.1700,683.5072,86173700
2025-12-12,688.1700,688.8800,679.1700,681.7600,676.1581,113160300
2025-12-15,685.7400,685.7600,679.2500,680.7300,675.1365,90811000
2025-12-16,679.2300,681.0800,674.9800,678.8700,673.2919,122030600
2025-12-17,679.8900,680.4400,671.2000,671.4000,665.8832,110625200
2025-12-18,677.6000,680.7400,674.9000,676.4700,670.9115,108650100
2025-12-19,676.5900,681.0900,676.4700,680.5900,676.9923,103599500
2025-12-22,683.9400,685.3600,680.5900,684.8300,681.2099,69556700
2025-12-23,683.9200,688.2000,683.8700,687.9600,684.3233,64840000
2025-12-24,687.9500,690.8300,687.8000,690.3800,686.7305,39445600
2025-12-26,690.6400,691.6600,689.2700,690.3100,686.6609,41613300
2025-12-29,687.5400,689.2000,686.0700,687.8500,684.2139,62559500
2025-12-30,687.4500,688.5600,686.5800,687.0100,683.3784,47160700
2025-12-31,687.1400,687.3600,681.7100,681.9200,678.3152,74144800
2026-01-02,685.7100,686.8700,679.8200,683.1700,679.5586,89377200
2026-01-05,686.5400,689.4300,686.3800,687.7200,684.0845,71927200
2026-01-06,687.9300,692.3200,687.7800,691.8100,688.1530,69273800
2026-01-07,692.1900,693.9600,689.3200,689.5800,685.9348,75588300
2026-01-08,688.8200,690.6200,687.4900,689.5100,685.8651,64019200
2026-01-09,690.6300,695.3100,689.1800,694.0700,690.4010,80125500
2026-01-12,690.6800,696.0900,690.6300,695.1600,691.4852,63976000
2026-01-13,695.4900,696.0900,691.3500,693.7700,690.1026,78309700
2026-01-14,691.0000,691.7200,686.0400,690.3600,686.7106,94676700
2026-01-15,694.5700,695.4500,691.2500,692.2400,688.5807,77862000
2026-01-16,693.6600,694.2500,690.1000,691.6600,688.0037,79289200
2026-01-20,681.4900,684.7700,676.5700,677.5800,673.9982,111623300
2026-01-21,679.6500,688.7400,678.1300,685.4000,681.7769,127844500
2026-01-22,689.8500,691.1300,686.9200,688.9800,685.3380,77112200
2026-01-23,688.1500,690.9600,687.1600,689.2300,685.5865,63059600
2026-01-26,690.4900,694.1300,689.9200,692.7300,689.0681,60473800
2026-01-27,694.1800,696.5300,693.5700,695.4900,691.8135,55506100
2026-01-28,697.0500,697.8400,693.9400,695.4200,691.7438,61172200
2026-01-29,696.3900,697.0600,684.8300,694.0400,690.3712,97486200
2026-01-30,691.7900,694.2100,687.1200,691.9700,688.3121,101835100
2026-02-02,689.5800,696.9300,689.4200,695.4100,691.7339,79286500
2026-02-03,696.2100,696.9600,684.0300,689.5300,685.8850,107904600
2026-02-04,690.3500,691.4500,681.7600,686.1900,682.5627,105204600
2026-02-05,680.9400,683.6900,675.7900,677.6200,674.0380,113610800
2026-02-06,681.4600,692.3100,680.8500,690.6200,686.9692,89127600
2026-02-09,689.4200,695.8700,688.3400,693.9500,690.2817,73885200
2026-02-10,694.9500,696.5400,691.6600,692.1200,688.4613,65185700
2026-02-11,696.3900,697.1400,689.1800,691.9600,688.3022,76353900
2026-02-12,694.2400,695.3500,680.3700,681.2700,677.6687,118829000
2026-02-13,681.6900,686.2800,677.5200,681.7500,678.1461,96267500
2026-02-17,680.1400,684.9400,675.7800,682.8500,679.2403,81354700
2026-02-18,684.0200,689.1500,682.8300,686.2900,682.6621,73570300
2026-02-19,683.8400,686.1800,681.5500,684.4800,680.8616,58649400
2026-02-20,682.3200,690.0600,681.7300,689.4300,685.7856,100034000
2026-02-23,687.8300,690.0000,680.3700,682.3900,678.7828,90558100
2026-02-24,681.9000,688.3500,680.0000,687.3500,683.7165,73798700
2026-02-25,690.1800,693.6800,690.1000,693.1500,689.4859,56369500
2026-02-26,693.2800,693.3000,684.3500,689.3000,685.6562,71671000
2026-02-27,683.0900,686.8600,681.6400,685.9900,682.3637,83308900
2026-03-02,678.7000,688.6200,678.0200,686.3800,682.7517,87477200
2026-03-03,675.0600,682.6100,669.6600,680.3300,676.7337,105003100
2026-03-04,681.6300,687.0900,679.6200,685.1300,681.5082,79182200
2026-03-05,682.0800,685.5300,675.6100,681.3100,677.7085,106606500
2026-03-06,673.4100,676.1100,669.7600,672.3800,668.8257,100687000
2026-03-09,666.3900,679.9200,662.3900,678.2700,674.6846,102667700
2026-03-10,677.7200,683.3600,674.7600,677.1800,673.6003,81505300
2026-03-11,677.5800,680.0800,673.3400,676.3300,672.7548,68441700
2026-03-12,671.1600,671.6500,665.8700,666.0600,662.5391,108882200
2026-03-13,669.2700,672.3400,661.3600,662.2900,658.7890,97200200
2026-03-16,668.3800,672.0700,667.1200,669.0300,665.4934,82023100
2026-03-17,672.3900,674.4400,669.7000,670.7900,667.2440,87128000
2026-03-18,668.3600,669.7200,661.1900,661.4300,657.9335,82062600
2026-03-19,656.9700,662.9800,655.1700,659.8000,656.3122,111272500
2026-03-20,656.5100,656.6900,644.7200,648.5700,646.9034,163617500
2026-03-23,658.0700,662.6200,653.9400,655.3800,653.6959,134802700
2026-03-24,651.3200,657.0300,649.8800,653.1800,651.5016,96457500
2026-03-25,658.6700,660.8900,654.2400,656.8200,655.1322,90653800
2026-03-26,652.0600,654.8500,644.8200,645.0900,643.4324,96494400
2026-03-27,642.5000,642.6600,633.1100,634.0900,632.4606,103649400
2026-03-30,640.1100,640.3700,629.2800,631.9700,630.3461,99275900
2026-03-31,638.9400,651.5400,637.9800,650.3400,648.6689,152534100
2026-04-01,653.9000,658.5200,653.0000,655.2400,653.5563,97841500
2026-04-02,646.4200,658.2000,645.1100,655.8300,654.1448,68358700
2026-04-06,655.8600,659.7200,655.5200,658.9300,657.2368,39105800
2026-04-07,656.6500,659.6100,651.0600,659.2200,657.5260,69980400
2026-04-08,676.3900,677.0800,671.4600,676.0100,674.2729,93606100
2026-04-09,674.8400,681.1600,673.7700,679.9100,678.1628,57134400
2026-04-10,681.3200,682.0300,678.4500,679.4600,677.7141,42253500
2026-04-13,677.4100,686.3000,676.5800,686.1000,684.3370,54185800
2026-04-14,687.6900,694.5800,687.6600,694.4600,692.6755,63480500
2026-04-15,695.2600,700.2800,694.2000,699.9400,698.1414,58240400
2026-04-16,701.0600,702.7800,698.5300,701.6600,699.8570,49972400
2026-04-17,706.1400,712.3900,705.7600,710.1400,708.3152,70661900
2026-04-20,708.7800,709.9100,706.1400,708.7200,706.8988,43546800
2026-04-21,710.2800,711.2800,702.6400,704.0800,702.2708,58941400
2026-04-22,709.1500,711.4500,708.2200,711.2100,709.3825,42518500
2026-04-23,709.5000,712.3600,702.2800,708.4500,706.6296,56174000
2026-04-24,710.7500,714.4700,709.0100,713.9400,712.1055,45182000
2026-04-27,713.1700,715.6300,712.3000,715.1700,713.3323,33135900
2026-04-28,711.8200,712.8800,709.2500,711.6900,709.8612,43117400
2026-04-29,711.0000,712.2000,708.3700,711.5800,709.7515,41859200
2026-04-30,714.6300,719.7900,710.4500,718.6600,716.8133,67240900
2026-05-01,721.2500,724.8700,720.4700,720.6500,718.7982,43049800
2026-05-04,720.0700,722.1200,714.9900,718.0100,716.1650,51950600
2026-05-05,721.7700,725.0400,721.4900,723.7700,721.9102,36933200
2026-05-06,728.1600,734.5900,727.8200,733.8300,731.9443,53288900
2026-05-07,735.0500,736.1300,729.7500,731.5800,729.7001,51724600
2026-05-08,734.9300,738.0800,734.5700,737.6200,735.7246,47227100
2026-05-11,736.4500,740.7900,736.4500,739.3000,737.4003,44024000
2026-05-12,736.8900,738.8400,731.8300,738.1800,736.2831,54185300
2026-05-13,738.4700,743.9100,735.4700,742.3100,740.4025,44200200
2026-05-14,743.6500,749.5300,743.5600,748.1700,746.2475,45307600
2026-05-15,741.7900,743.4600,737.9600,739.1700,737.2706,60410800
2026-05-18,739.8300,741.4200,733.3900,738.6500,736.7520,47843900
2026-05-19,734.7800,737.6500,731.5300,733.7300,731.8446,54255900
2026-05-20,735.7100,741.8700,733.8900,741.2500,739.3453,45768000
2026-05-21,738.6400,744.8700,737.0300,742.7200,740.8115,43332200
2026-05-22,746.2400,748.9400,744.4800,745.6400,743.7240,41762000
2026-05-26,750.0100,752.1300,748.3700,750.5900,748.6613,41123600
2026-05-27,750.8800,751.3800,748.2200,750.4600,748.5316,42106300
2026-05-28,750.2500,755.1500,749.2300,754.6000,752.6609,41562600
2026-05-29,755.9000,758.0800,754.6900,756.4800,754.5361,55075700
2026-06-01,755.3600,760.2800,754.6900,758.5400,756.5908,43634900
2026-06-02,757.0300,760.4000,756.7500,759.5700,757.6182,31581900
2026-06-03,758.1500,758.8000,753.5700,754.2400,752.3019,51402500
2026-06-04,752.1000,758.3100,751.4700,757.0900,755.1446,49923000
2026-06-05,752.3100,752.8200,735.5300,737.5500,735.6548,93989400
2026-06-08,743.3600,745.3400,738.1900,739.2200,737.3204,49319100
2026-06-09,743.6300,746.9000,722.5900,737.0500,735.1561,87683500
2026-06-10,733.3900,738.3800,725.3300,725.4300,723.5659,60341300
2026-06-11,728.7600,740.0000,724.4100,737.7600,735.8643,86330500
2026-06-12,740.7100,744.4400,735.0300,741.7500,739.8440,57079500
2026-06-15,751.8500,756.6800,751.7600,754.8300,752.8904,60176400
2026-06-16,754.5500,755.4400,749.8800,750.3300,748.4020,67093100
2026-06-17,751.2900,752.1500,739.2200,740.9600,739.0560,85945200
2026-06-18,747.7600,748.2300,743.8600,746.7400,746.7400,80875700
2026-06-22,747.7000,750.1800,743.1300,744.3900,744.3900,46628100
2026-06-23,733.8100,739.6300,732.3000,733.5800,733.5800,66846800
2026-06-24,735.1700,739.9500,730.8400,733.2400,733.2400,57439500
2026-06-25,738.9100,739.3700,729.6000,734.3000,734.3000,53934400
2026-06-26,728.9500,736.5300,716.5800,728.9900,728.9900,71034000
2026-06-29,736.5300,741.5600,732.0900,741.0000,741.0000,58035200
2026-06-30,741.2900,748.0200,740.8900,746.7700,746.7700,55626000
2026-07-01,745.0000,749.4400,742.3800,745.7600,745.7600,47100900
2026-07-02,747.4000,751.3100,740.0300,744.7800,744.7800,57447800
2026-07-06,748.7400,752.4100,747.4100,751.2800,751.2800,50673300
2026-07-07,750.2200,750.9600,745.2100,747.7100,747.7100,43721500
2026-07-08,743.1600,746.1500,739.5100,745.4000,745.4000,43767400
2026-07-09,747.3500,751.9700,745.5900,751.7100,751.7100,41441700
2026-07-10,752.0500,755.4200,748.1000,754.9500,754.9500,42191300
2026-07-13,752.4700,753.9100,748.0000,749.1700,749.1700,44013600
2026-07-14,750.9100,753.3400,748.6600,751.8300,751.8300,35143100
2026-07-15,754.2400,755.5800,750.2000,754.8100,754.8100,43844800
2026-07-16,752.7600,754.5700,747.8800,750.7200,750.7200,46409800
2026-07-17,742.0800,747.2900,740.8000,743.2900,743.2900,62651000
2026-07-20,747.0600,748.7300,741.5100,742.0900,742.0900,50422300
2026-07-21,746.2900,749.0400,744.1800,748.2800,748.2800,34324300
2026-07-22,746.6200,750.0200,746.3700,747.4100,747.4100,32836200
2026-07-23,739.3700,742.5600,735.2100,738.1800,738.1800,55437300
2026-07-24,738.5100,743.7200,737.2900,738.9300,738.9300,44782000
2026-07-27,744.9100,745.5300,735.8700,739.0900,739.0900,41461200
2026-07-28,739.1900,742.7900,735.9800,740.8600,740.8600,47322200
2026-07-29,739.9700,742.6800,729.1000,729.4600,729.4600,70697200
2026-07-30,736.0500,742.4500,734.5900,741.6900,741.6900,66811300
2026-07-31,744.6800,748.9000,737.6800,747.0300,747.0300,62445900
2026-08-03,749.4400,758.5800,748.8000,757.6700,757.6700,59927500
2026-08-04,760.6300,773.4100,760.5200,771.3300,771.3300,69154800
2026-08-05,775.8500,776.8500,769.5100,769.7900,769.7900,44619800
2026-08-06,770.2100,771.8200,767.4600,769.0450,769.0450,24325238
