date,open,high,low,close
2009-09-18,25.910000,26.660000,25.910000,26.540000
2009-09-21,26.960000,27.240000,26.170000,26.230000
2009-09-22,25.970000,26.210000,25.650000,25.690000
2009-09-23,25.700000,26.200000,25.010000,26.090000
2009-09-24,26.100000,27.420000,25.990000,27.130000
2009-09-25,27.390000,27.950000,26.950000,27.210000
2009-09-28,27.310000,27.450000,26.240000,26.270000
2009-09-29,26.170000,26.530000,25.830000,26.480000
2009-09-30,26.270000,27.330000,26.070000,26.660000
2009-10-01,27.000000,28.590000,27.000000,28.330000
2009-10-02,29.000000,29.180000,28.350000,28.800000
2009-10-05,28.990000,29.070000,27.390000,27.610000
2009-10-06,27.190000,27.190000,26.250000,26.730000
2009-10-07,26.830000,26.850000,26.010000,26.120000
2009-10-08,25.770000,26.070000,25.520000,25.740000
2009-10-09,25.870000,25.990000,24.970000,25.080000
2009-10-12,25.150000,25.370000,24.950000,25.170000
2009-10-13,25.260000,25.730000,24.850000,25.090000
2009-10-14,24.320000,24.810000,24.320000,24.580000
2009-10-15,24.920000,25.120000,23.920000,24.220000
2009-10-16,24.600000,25.100000,24.000000,24.400000
2009-10-19,24.400000,24.620000,23.730000,24.150000
2009-10-20,23.990000,24.280000,23.720000,23.720000
2009-10-21,23.650000,24.870000,23.030000,24.550000
2009-10-22,24.570000,24.820000,23.260000,23.350000
2009-10-23,23.370000,24.500000,22.920000,24.310000
2009-10-26,24.770000,25.730000,23.760000,25.370000
2009-10-27,25.420000,26.040000,25.200000,25.460000
2009-10-28,25.700000,27.430000,19.540000,27.420000
2009-10-29,26.910000,26.920000,25.490000,25.660000
2009-10-30,25.880000,29.450000,25.720000,29.070000
2009-11-02,28.650000,30.240000,27.640000,28.820000
2009-11-03,29.270000,29.650000,28.690000,28.870000
2009-11-04,28.200000,28.480000,27.430000,28.180000
2009-11-05,27.690000,27.780000,26.550000,26.610000
2009-11-06,26.960000,27.040000,25.740000,25.880000
2009-11-09,25.500000,25.540000,24.410000,24.410000
2009-11-10,24.770000,25.050000,24.390000,24.710000
2009-11-11,24.390000,25.250000,24.110000,24.970000
2009-11-12,25.030000,26.290000,24.630000,26.070000
2009-11-13,25.930000,26.150000,25.320000,25.600000
2009-11-16,25.390000,25.430000,24.740000,25.150000
2009-11-17,25.280000,25.460000,24.990000,25.040000
2009-11-18,25.110000,25.290000,24.600000,24.720000
2009-11-19,25.250000,26.060000,25.060000,25.110000
2009-11-20,25.680000,25.680000,22.640000,24.660000
2009-11-23,24.630000,24.630000,23.590000,24.110000
2009-11-24,24.100000,24.500000,23.510000,23.740000
2009-11-25,23.530000,23.700000,23.300000,23.660000
2009-11-27,26.180000,26.350000,23.660000,26.150000
2009-11-30,26.270000,26.700000,25.910000,26.240000
2009-12-01,25.650000,25.650000,24.730000,24.940000
2009-12-02,24.930000,24.990000,24.380000,24.800000
2009-12-03,24.750000,25.580000,24.290000,25.510000
2009-12-04,24.760000,25.490000,24.080000,24.760000
2009-12-07,25.270000,25.310000,24.760000,25.300000
2009-12-08,25.900000,26.160000,25.500000,26.130000
2009-12-09,26.250000,26.480000,25.700000,25.800000
2009-12-10,25.490000,25.500000,25.160000,25.340000
2009-12-11,25.050000,25.480000,24.660000,25.120000
2009-12-14,25.210000,25.210000,24.510000,24.560000
2009-12-15,24.630000,24.980000,24.630000,24.730000
2009-12-16,24.380000,24.400000,23.770000,24.250000
2009-12-17,24.790000,25.030000,24.250000,24.780000
2009-12-18,24.270000,24.980000,24.100000,24.520000
2009-12-21,24.120000,24.150000,23.360000,23.530000
2009-12-22,23.380000,23.530000,17.390000,22.760000
2009-12-23,22.710000,22.930000,22.250000,22.680000
2009-12-24,22.600000,22.600000,22.300000,22.430000
2009-12-28,22.670000,22.880000,22.450000,22.490000
2009-12-29,22.280000,22.680000,22.170000,22.630000
2009-12-30,22.800000,22.970000,22.570000,22.660000
2009-12-31,22.650000,24.020000,22.600000,23.890000
2010-01-04,23.670000,23.790000,22.670000,22.770000
2010-01-05,22.900000,23.030000,22.350000,22.390000
2010-01-06,22.490000,22.570000,21.590000,21.800000
2010-01-07,22.090000,22.120000,21.320000,21.600000
2010-01-08,21.780000,21.780000,20.980000,21.000000
2010-01-11,20.950000,21.530000,20.950000,21.270000
2010-01-12,21.700000,22.390000,21.450000,21.790000
2010-01-13,21.730000,22.400000,21.020000,21.290000
2010-01-14,21.280000,21.400000,20.630000,20.710000
2010-01-15,20.820000,22.080000,20.820000,21.480000
2010-01-19,21.770000,21.780000,20.760000,20.890000
2010-01-20,21.530000,22.290000,21.340000,21.400000
2010-01-21,21.220000,23.180000,20.950000,23.150000
2010-01-22,23.420000,26.420000,23.420000,26.290000
2010-01-25,24.860000,25.670000,24.680000,25.190000
2010-01-26,25.490000,25.610000,23.940000,25.170000
2010-01-27,25.250000,25.780000,24.130000,24.130000
2010-01-28,23.910000,25.430000,23.890000,24.670000
2010-01-29,24.270000,25.540000,23.640000,25.380000
2010-02-01,25.000000,25.000000,23.620000,23.640000
2010-02-02,23.570000,23.710000,22.680000,22.930000
2010-02-03,23.210000,23.280000,22.870000,23.000000
2010-02-04,23.830000,26.100000,23.830000,25.980000
2010-02-05,25.900000,27.920000,25.700000,26.000000
2010-02-08,26.130000,26.480000,25.550000,26.430000
2010-02-09,25.560000,26.460000,25.240000,26.040000
2010-02-10,26.110000,26.590000,25.370000,25.870000
2010-02-11,25.970000,26.180000,24.570000,24.570000
2010-02-12,25.230000,25.660000,24.460000,24.460000
2010-02-16,24.530000,24.610000,23.490000,23.570000
2010-02-17,23.510000,23.630000,23.280000,23.290000
2010-02-18,23.540000,23.570000,22.760000,22.780000
2010-02-19,22.900000,22.930000,22.180000,22.310000
2010-02-22,22.090000,22.420000,21.530000,21.730000
2010-02-23,21.940000,22.900000,21.570000,22.620000
2010-02-24,22.570000,22.830000,21.980000,22.080000
2010-02-25,23.250000,23.620000,22.040000,22.070000
2010-02-26,22.070000,22.350000,21.560000,21.650000
2010-03-01,21.810000,21.990000,21.430000,21.440000
2010-03-02,21.200000,21.270000,20.840000,21.180000
2010-03-03,21.110000,21.170000,20.720000,20.970000
2010-03-04,20.950000,21.390000,20.770000,21.030000
2010-03-05,20.630000,20.730000,20.000000,20.230000
2010-03-08,20.420000,20.430000,20.060000,20.260000
2010-03-09,20.470000,20.480000,19.760000,20.160000
2010-03-10,20.200000,20.630000,19.640000,20.510000
2010-03-11,20.890000,21.510000,20.690000,20.700000
2010-03-12,20.590000,20.950000,20.270000,20.270000
2010-03-15,20.970000,21.620000,20.660000,20.720000
2010-03-16,20.580000,20.610000,20.080000,20.160000
2010-03-17,20.020000,20.210000,19.360000,19.720000
2010-03-18,19.680000,19.890000,19.480000,19.480000
2010-03-19,19.440000,20.580000,19.430000,19.950000
2010-03-22,20.460000,20.460000,19.840000,20.110000
2010-03-23,19.770000,19.930000,19.310000,19.680000
2010-03-24,19.710000,20.320000,19.600000,20.080000
2010-03-25,19.780000,20.690000,19.330000,20.580000
2010-03-26,20.430000,20.760000,19.890000,20.060000
2010-03-29,20.090000,20.420000,19.840000,19.850000
2010-03-30,19.800000,20.160000,19.540000,19.540000
2010-03-31,19.850000,20.190000,19.540000,19.920000
2010-04-01,19.450000,20.440000,19.350000,19.900000
2010-04-05,20.030000,20.160000,19.350000,19.350000
2010-04-06,19.650000,19.780000,18.780000,18.840000
2010-04-07,19.190000,19.540000,18.750000,19.190000
2010-04-08,19.610000,19.920000,18.860000,19.080000
2010-04-09,18.930000,19.070000,18.620000,18.620000
2010-04-12,18.890000,19.140000,18.660000,18.960000
2010-04-13,19.050000,19.500000,18.690000,18.990000
2010-04-14,18.760000,19.050000,18.570000,18.770000
2010-04-15,18.970000,19.150000,18.710000,18.900000
2010-04-16,19.140000,20.940000,19.000000,20.230000
2010-04-19,20.640000,21.120000,19.790000,19.790000
2010-04-20,19.560000,19.670000,18.990000,18.990000
2010-04-21,19.000000,19.650000,18.720000,19.300000
2010-04-22,19.910000,20.530000,19.440000,19.590000
2010-04-23,19.420000,19.550000,19.270000,19.390000
2010-04-26,19.670000,19.860000,19.490000,19.860000
2010-04-27,20.210000,22.830000,20.200000,22.720000
2010-04-28,22.440000,22.990000,22.120000,22.310000
2010-04-29,21.890000,21.930000,20.860000,20.960000
2010-04-30,21.030000,23.770000,20.270000,23.670000
2010-05-03,23.640000,23.640000,22.070000,22.580000
2010-05-04,23.810000,25.950000,23.810000,25.070000
2010-05-05,26.260000,27.250000,25.240000,26.370000
2010-05-06,26.830000,33.600000,26.250000,26.370000
2010-05-07,30.880000,37.140000,26.370000,36.620000
2010-05-10,28.970000,30.020000,27.550000,28.980000
2010-05-11,30.350000,30.350000,27.470000,28.870000
2010-05-12,27.910000,27.980000,26.260000,26.650000
2010-05-13,26.790000,27.730000,26.260000,27.610000
2010-05-14,28.680000,31.930000,28.640000,30.800000
2010-05-17,30.630000,32.750000,30.350000,30.510000
2010-05-18,29.240000,32.940000,28.970000,32.810000
2010-05-19,33.090000,35.370000,32.470000,34.180000
2010-05-20,37.780000,41.070000,36.980000,40.830000
2010-05-21,42.980000,42.980000,36.850000,37.400000
2010-05-24,38.530000,38.530000,35.060000,36.910000
2010-05-25,39.580000,40.250000,34.900000,34.900000
2010-05-26,33.450000,34.900000,30.730000,33.950000
2010-05-27,31.230000,31.460000,30.560000,30.640000
2010-05-28,30.860000,32.530000,30.360000,32.000000
2010-06-01,33.430000,34.060000,31.510000,34.020000
2010-06-02,33.520000,33.740000,30.590000,30.590000
2010-06-03,30.330000,31.210000,29.870000,30.240000
2010-06-04,32.580000,34.740000,32.000000,34.370000
2010-06-07,34.430000,35.310000,33.780000,35.300000
2010-06-08,35.090000,35.780000,33.420000,33.650000
2010-06-09,32.810000,34.080000,31.620000,33.800000
2010-06-10,31.920000,32.360000,31.100000,31.470000
2010-06-11,32.260000,34.800000,30.900000,30.950000
2010-06-14,30.090000,30.740000,29.500000,30.680000
2010-06-15,30.030000,30.060000,28.360000,28.450000
2010-06-16,29.260000,29.290000,28.400000,28.780000
2010-06-17,28.470000,29.310000,27.380000,28.210000
2010-06-18,27.920000,28.240000,27.440000,27.960000
2010-06-21,26.310000,28.100000,26.130000,27.540000
2010-06-22,27.620000,29.260000,27.200000,29.090000
2010-06-23,29.230000,30.530000,28.930000,29.260000
2010-06-24,29.860000,31.610000,29.700000,31.360000
2010-06-25,31.320000,32.060000,30.330000,30.700000
2010-06-28,30.810000,31.310000,30.500000,30.960000
2010-06-29,32.680000,35.220000,30.960000,34.380000
2010-06-30,34.410000,35.330000,32.910000,35.230000
2010-07-01,35.150000,37.260000,34.080000,34.490000
2010-07-02,33.840000,34.320000,32.620000,33.290000
2010-07-06,31.710000,33.020000,30.570000,32.010000
2010-07-07,31.930000,31.930000,29.650000,29.720000
2010-07-08,29.290000,30.090000,28.190000,28.830000
2010-07-09,28.760000,29.020000,28.010000,28.170000
2010-07-12,28.580000,28.950000,28.060000,28.390000
2010-07-13,27.630000,28.320000,27.460000,28.320000
2010-07-14,28.530000,29.520000,28.510000,28.830000
2010-07-15,29.020000,30.810000,28.790000,29.230000
2010-07-16,29.690000,31.340000,29.620000,30.600000
2010-07-19,30.480000,30.970000,29.600000,30.080000
2010-07-20,31.060000,31.060000,28.210000,28.220000
2010-07-21,27.840000,29.860000,27.830000,29.080000
2010-07-22,27.970000,28.050000,27.040000,27.900000
2010-07-23,27.960000,28.200000,26.860000,26.990000
2010-07-26,27.200000,27.320000,26.440000,26.440000
2010-07-27,25.840000,26.730000,25.840000,26.370000
2010-07-28,26.020000,26.920000,25.370000,26.710000
2010-07-29,26.100000,27.920000,25.830000,27.120000
2010-07-30,27.830000,28.430000,26.760000,27.140000
2010-08-02,26.200000,26.370000,25.240000,25.400000
2010-08-03,25.680000,26.190000,25.410000,26.010000
2010-08-04,25.900000,26.480000,25.610000,25.960000
2010-08-05,26.610000,26.650000,25.360000,26.160000
2010-08-06,27.180000,27.570000,26.120000,26.120000
2010-08-09,25.940000,26.580000,25.710000,26.030000
2010-08-10,27.040000,27.490000,26.000000,26.310000
2010-08-11,28.250000,28.970000,28.240000,28.690000
2010-08-12,30.180000,30.180000,28.860000,29.250000
2010-08-13,29.440000,29.970000,29.140000,29.970000
2010-08-16,30.970000,31.150000,29.710000,29.800000
2010-08-17,29.140000,29.160000,28.120000,28.570000
2010-08-18,28.540000,29.040000,27.770000,28.580000
2010-08-19,28.640000,30.030000,28.480000,29.630000
2010-08-20,29.990000,30.120000,29.440000,29.540000
2010-08-23,29.480000,29.480000,28.580000,29.290000
2010-08-24,30.820000,32.660000,29.850000,30.310000
2010-08-25,30.930000,31.360000,29.590000,29.850000
2010-08-26,29.650000,30.440000,29.230000,30.370000
2010-08-27,29.870000,30.730000,28.380000,28.400000
2010-08-30,29.120000,30.010000,28.830000,30.010000
2010-08-31,30.120000,30.320000,28.900000,29.040000
2010-09-01,28.300000,28.300000,27.230000,27.290000
2010-09-02,27.460000,27.550000,26.610000,26.620000
2010-09-03,25.800000,26.400000,25.260000,25.310000
2010-09-07,26.190000,26.830000,26.190000,26.770000
2010-09-08,26.710000,26.710000,26.090000,26.300000
2010-09-09,25.540000,26.380000,25.540000,26.100000
2010-09-10,25.930000,26.020000,25.580000,25.590000
2010-09-13,25.230000,25.230000,24.690000,24.750000
2010-09-14,24.880000,25.090000,24.410000,24.740000
2010-09-15,25.250000,25.390000,24.910000,24.930000
2010-09-16,25.280000,25.570000,24.960000,24.960000
2010-09-17,24.670000,25.330000,24.670000,25.120000
2010-09-20,25.020000,25.340000,24.450000,24.590000
2010-09-21,24.590000,25.150000,24.260000,24.940000
2010-09-22,24.920000,25.520000,24.610000,25.160000
2010-09-23,26.040000,26.250000,25.280000,26.160000
2010-09-24,25.160000,25.170000,24.750000,24.750000
2010-09-27,25.020000,25.230000,24.860000,25.200000
2010-09-28,25.290000,26.170000,25.210000,25.340000
2010-09-29,25.650000,26.030000,25.430000,25.910000
2010-09-30,25.510000,26.830000,25.130000,26.400000
2010-10-01,25.750000,26.420000,25.300000,25.700000
2010-10-04,26.230000,26.880000,26.070000,26.320000
2010-10-05,25.690000,25.810000,24.930000,25.080000
2010-10-06,25.080000,25.330000,24.830000,24.910000
2010-10-07,24.640000,25.360000,24.620000,24.890000
2010-10-08,24.650000,24.920000,23.920000,24.060000
2010-10-11,24.100000,24.150000,23.890000,23.980000
2010-10-12,24.170000,24.600000,23.300000,23.370000
2010-10-13,22.950000,23.230000,22.670000,22.980000
2010-10-14,22.990000,24.040000,22.990000,23.560000
2010-10-15,22.270000,24.160000,22.270000,23.200000
2010-10-18,23.530000,23.560000,22.770000,22.800000
2010-10-19,23.640000,24.030000,23.180000,23.590000
2010-10-20,23.400000,23.580000,22.520000,22.660000
2010-10-21,22.530000,23.020000,22.010000,22.220000
2010-10-22,22.100000,22.160000,21.640000,21.650000
2010-10-25,21.650000,21.970000,21.340000,21.910000
2010-10-26,22.290000,22.510000,22.140000,22.200000
2010-10-27,22.760000,23.530000,22.570000,22.600000
2010-10-28,22.270000,23.050000,22.210000,22.810000
2010-10-29,22.930000,23.010000,22.720000,22.950000
2010-11-01,22.940000,23.610000,22.570000,23.290000
2010-11-02,22.910000,23.160000,22.800000,23.020000
2010-11-03,23.040000,23.550000,21.650000,21.650000
2010-11-04,20.880000,21.010000,20.570000,20.570000
2010-11-05,20.460000,20.690000,20.040000,20.660000
2010-11-08,21.200000,21.360000,20.720000,20.730000
2010-11-09,20.810000,21.630000,20.600000,21.530000
2010-11-10,21.320000,21.960000,21.240000,21.280000
2010-11-11,21.820000,22.020000,21.390000,21.470000
2010-11-12,21.980000,23.170000,21.930000,22.930000
2010-11-15,22.860000,22.860000,22.210000,22.810000
2010-11-16,23.430000,24.450000,23.300000,24.080000
2010-11-17,24.060000,24.060000,23.380000,23.830000
2010-11-18,22.870000,22.870000,22.070000,22.430000
2010-11-19,22.680000,22.950000,21.380000,21.400000
2010-11-22,22.500000,22.910000,21.320000,21.330000
2010-11-23,22.610000,23.190000,22.050000,22.590000
2010-11-24,21.680000,21.820000,21.180000,21.810000
2010-11-26,22.740000,23.420000,21.810000,21.810000
2010-11-29,24.090000,24.530000,23.220000,23.350000
2010-11-30,24.500000,25.320000,24.080000,25.190000
2010-12-01,23.610000,24.040000,23.210000,23.990000
2010-12-02,23.630000,23.710000,21.940000,21.990000
2010-12-03,22.080000,22.090000,20.840000,21.000000
2010-12-06,21.590000,21.650000,20.920000,21.040000
2010-12-07,20.270000,21.030000,20.240000,20.970000
2010-12-08,20.850000,21.050000,20.370000,20.380000
2010-12-09,20.030000,20.470000,19.960000,19.980000
2010-12-10,19.750000,20.030000,19.670000,19.840000
2010-12-13,19.940000,20.510000,19.850000,20.460000
2010-12-14,20.460000,20.660000,20.140000,20.390000
2010-12-15,20.550000,20.820000,20.320000,20.740000
2010-12-16,20.830000,21.120000,20.510000,20.820000
2010-12-17,20.850000,20.850000,20.110000,20.290000
2010-12-20,20.060000,20.520000,19.810000,20.100000
2010-12-21,19.820000,20.110000,19.800000,19.910000
2010-12-22,19.860000,19.870000,19.520000,19.570000
2010-12-23,19.860000,20.440000,19.560000,20.440000
2010-12-27,21.250000,21.290000,21.040000,21.040000
2010-12-28,20.940000,21.590000,20.940000,21.180000
2010-12-29,21.010000,21.030000,20.820000,20.840000
2010-12-30,20.980000,21.210000,20.900000,21.010000
2010-12-31,21.240000,21.310000,20.900000,20.900000
2011-01-03,20.850000,20.860000,20.000000,20.620000
2011-01-04,20.650000,21.280000,20.570000,20.610000
2011-01-05,21.000000,21.060000,19.950000,20.050000
2011-01-06,20.100000,20.540000,20.100000,20.350000
2011-01-07,20.460000,20.770000,20.090000,20.290000
2011-01-10,21.100000,21.150000,20.470000,20.480000
2011-01-11,20.110000,20.440000,19.970000,20.140000
2011-01-12,19.280000,19.500000,19.210000,19.230000
2011-01-13,19.430000,19.650000,19.190000,19.200000
2011-01-14,19.310000,19.370000,18.350000,18.370000
2011-01-18,18.910000,19.780000,18.290000,18.380000
2011-01-19,18.570000,19.800000,18.520000,19.640000
2011-01-20,19.800000,20.390000,19.710000,19.900000
2011-01-21,19.180000,19.980000,19.070000,19.970000
2011-01-24,20.010000,20.070000,19.350000,19.580000
2011-01-25,19.910000,20.080000,19.340000,19.340000
2011-01-26,19.080000,19.240000,18.650000,18.820000
2011-01-27,18.920000,18.920000,18.390000,18.480000
2011-01-28,18.350000,20.670000,18.160000,20.590000
2011-01-31,20.180000,20.270000,18.200000,20.150000
2011-02-01,19.620000,19.620000,18.800000,18.970000
2011-02-02,19.170000,19.170000,18.870000,19.090000
2011-02-03,19.280000,19.520000,18.820000,18.920000
2011-02-04,18.660000,18.830000,18.300000,18.330000
2011-02-07,18.350000,18.350000,17.910000,18.260000
2011-02-08,18.230000,18.350000,17.840000,17.850000
2011-02-09,18.170000,18.360000,17.850000,17.860000
2011-02-10,18.390000,18.700000,18.010000,18.100000
2011-02-11,18.360000,18.360000,17.760000,17.860000
2011-02-14,17.660000,18.170000,17.250000,17.940000
2011-02-15,18.260000,18.370000,18.000000,18.270000
2011-02-16,17.940000,18.320000,17.740000,18.320000
2011-02-17,18.650000,18.710000,17.990000,18.630000
2011-02-18,18.630000,18.930000,18.040000,18.900000
2011-02-22,20.390000,21.710000,19.710000,21.320000
2011-02-23,21.460000,22.940000,21.120000,22.470000
2011-02-24,22.580000,22.950000,21.860000,22.260000
2011-02-25,21.640000,21.660000,20.410000,20.570000
2011-02-28,20.410000,20.420000,19.720000,20.000000
2011-03-01,19.570000,21.900000,19.570000,21.900000
2011-03-02,21.640000,21.870000,20.950000,21.680000
2011-03-03,20.800000,20.800000,20.190000,20.440000
2011-03-04,20.340000,21.590000,20.270000,20.800000
2011-03-07,20.840000,22.480000,20.610000,21.850000
2011-03-08,21.710000,22.050000,20.990000,21.450000
2011-03-09,21.450000,22.060000,21.390000,21.820000
2011-03-10,22.440000,23.050000,21.820000,22.760000
2011-03-11,22.710000,22.780000,21.660000,21.870000
2011-03-14,22.710000,23.380000,22.330000,22.490000
2011-03-15,25.360000,25.360000,23.500000,24.030000
2011-03-16,24.310000,27.940000,23.990000,26.910000
2011-03-17,25.540000,25.840000,24.870000,25.440000
2011-03-18,24.080000,24.600000,23.810000,24.340000
2011-03-21,22.890000,22.890000,21.770000,21.950000
2011-03-22,21.900000,21.900000,21.430000,21.700000
2011-03-23,21.920000,22.240000,20.650000,20.930000
2011-03-24,20.450000,20.700000,19.990000,20.080000
2011-03-25,19.880000,20.110000,19.410000,20.030000
2011-03-28,20.090000,20.860000,19.890000,20.860000
2011-03-29,20.700000,21.100000,19.790000,19.970000
2011-03-30,19.650000,19.830000,19.260000,19.750000
2011-03-31,19.810000,19.900000,19.490000,19.840000
2011-04-01,19.160000,19.770000,18.950000,19.590000
2011-04-04,19.420000,19.710000,19.260000,19.390000
2011-04-05,19.610000,19.620000,18.610000,19.400000
2011-04-06,19.090000,19.380000,18.960000,19.380000
2011-04-07,19.360000,20.060000,19.050000,19.500000
2011-04-08,19.120000,20.430000,19.090000,20.050000
2011-04-11,19.970000,20.170000,19.710000,20.010000
2011-04-12,20.540000,20.950000,20.150000,20.330000
2011-04-13,19.770000,20.330000,19.710000,19.990000
2011-04-14,20.510000,20.690000,19.710000,19.960000
2011-04-15,19.610000,19.610000,18.970000,19.170000
2011-04-18,20.660000,21.120000,19.170000,19.920000
2011-04-19,19.860000,19.860000,19.160000,19.180000
2011-04-20,18.220000,18.730000,18.050000,18.480000
2011-04-21,18.280000,18.590000,18.190000,18.350000
2011-04-25,18.710000,18.830000,18.480000,18.550000
2011-04-26,18.300000,18.360000,17.790000,18.270000
2011-04-27,18.050000,18.700000,17.670000,17.900000
2011-04-28,18.000000,18.000000,17.260000,17.520000
2011-04-29,17.450000,17.720000,17.300000,17.500000
2011-05-02,17.590000,18.490000,17.590000,18.390000
2011-05-03,18.650000,19.520000,18.550000,19.110000
2011-05-04,19.150000,19.820000,19.150000,19.440000
2011-05-05,19.850000,20.550000,19.040000,19.840000
2011-05-06,19.230000,20.240000,18.620000,19.910000
2011-05-09,19.930000,19.930000,19.090000,19.200000
2011-05-10,19.030000,19.040000,18.180000,18.370000
2011-05-11,18.570000,19.520000,18.560000,19.050000
2011-05-12,19.220000,19.690000,18.440000,18.440000
2011-05-13,18.450000,19.480000,18.390000,19.070000
2011-05-16,19.580000,19.870000,18.780000,19.870000
2011-05-17,20.100000,20.390000,19.400000,19.450000
2011-05-18,19.400000,19.470000,18.290000,18.530000
2011-05-19,18.340000,18.700000,18.090000,18.170000
2011-05-20,18.410000,19.140000,18.280000,19.050000
2011-05-23,19.510000,20.590000,19.330000,19.790000
2011-05-24,19.710000,19.710000,18.850000,19.170000
2011-05-25,19.570000,19.570000,18.540000,18.870000
2011-05-26,18.930000,19.390000,18.090000,18.190000
2011-05-27,18.180000,18.260000,17.610000,18.130000
2011-05-31,17.880000,18.360000,17.230000,17.560000
2011-06-01,17.980000,19.380000,17.980000,19.360000
2011-06-02,19.260000,19.760000,18.980000,19.320000
2011-06-03,21.270000,21.270000,18.860000,19.470000
2011-06-06,19.790000,20.030000,19.200000,19.960000
2011-06-07,19.830000,19.840000,19.020000,19.500000
2011-06-08,19.650000,20.050000,19.210000,19.950000
2011-06-09,19.730000,19.790000,18.790000,19.260000
2011-06-10,19.510000,20.240000,19.510000,20.110000
2011-06-13,20.860000,20.960000,19.830000,20.440000
2011-06-14,20.020000,20.040000,19.150000,19.430000
2011-06-15,20.400000,21.670000,20.160000,21.380000
2011-06-16,21.620000,23.890000,21.250000,22.610000
2011-06-17,21.910000,23.090000,21.750000,22.440000
2011-06-20,22.910000,22.910000,21.220000,21.220000
2011-06-21,20.950000,20.950000,19.850000,20.500000
2011-06-22,20.540000,20.740000,19.810000,20.720000
2011-06-23,21.690000,22.610000,20.780000,20.930000
2011-06-24,20.930000,22.010000,20.780000,21.920000
2011-06-27,22.280000,22.400000,21.330000,21.500000
2011-06-28,21.400000,21.400000,20.520000,20.520000
2011-06-29,20.490000,20.490000,19.120000,19.420000
2011-06-30,19.350000,19.350000,17.680000,18.910000
2011-07-01,18.590000,18.690000,17.710000,17.930000
2011-07-05,18.320000,18.580000,18.030000,18.110000
2011-07-06,18.510000,18.830000,18.360000,18.410000
2011-07-07,17.610000,18.070000,17.610000,17.770000
2011-07-08,18.950000,18.950000,17.960000,17.960000
2011-07-11,19.620000,20.340000,19.220000,19.980000
2011-07-12,20.400000,21.000000,19.980000,20.930000
2011-07-13,20.280000,20.870000,19.760000,20.850000
2011-07-14,20.630000,21.970000,20.220000,21.590000
2011-07-15,21.110000,21.830000,20.920000,20.940000
2011-07-18,21.560000,22.310000,21.560000,21.840000
2011-07-19,21.130000,21.130000,19.340000,20.500000
2011-07-20,20.160000,20.670000,20.160000,20.370000
2011-07-21,20.050000,20.070000,19.020000,19.200000
2011-07-22,19.140000,19.610000,19.000000,19.200000
2011-07-25,20.250000,20.410000,19.840000,20.260000
2011-07-26,20.510000,21.030000,20.320000,20.890000
2011-07-27,21.310000,22.880000,21.310000,22.690000
2011-07-28,22.510000,23.180000,21.370000,22.950000
2011-07-29,24.100000,24.490000,22.480000,22.910000
2011-08-01,21.670000,23.870000,21.580000,22.380000
2011-08-02,22.870000,23.610000,21.970000,23.600000
2011-08-03,23.060000,24.420000,22.730000,23.120000
2011-08-04,24.120000,28.840000,23.890000,28.560000
2011-08-05,26.580000,33.390000,26.220000,29.590000
2011-08-08,32.610000,38.190000,31.510000,38.100000
2011-08-09,35.210000,38.120000,30.770000,31.070000
2011-08-10,33.810000,37.420000,32.770000,36.580000
2011-08-11,35.850000,36.160000,32.870000,33.820000
2011-08-12,32.840000,33.310000,31.080000,32.750000
2011-08-15,31.320000,31.550000,29.850000,30.080000
2011-08-16,31.110000,31.690000,29.490000,30.440000
2011-08-17,30.150000,30.960000,29.260000,30.030000
2011-08-18,33.290000,38.260000,30.030000,36.600000
2011-08-19,38.530000,38.830000,35.500000,37.900000
2011-08-22,35.120000,38.490000,35.120000,38.260000
2011-08-23,38.010000,38.250000,34.670000,34.790000
2011-08-24,35.310000,35.740000,33.870000,34.800000
2011-08-25,33.770000,37.090000,33.540000,36.610000
2011-08-26,37.510000,39.420000,33.350000,34.410000
2011-08-29,32.900000,32.960000,31.950000,31.980000
2011-08-30,32.420000,32.920000,31.650000,32.470000
2011-08-31,31.220000,32.530000,30.670000,31.670000
2011-09-01,31.820000,32.280000,30.880000,31.990000
2011-09-02,33.920000,34.150000,33.080000,33.790000
2011-09-06,37.380000,37.380000,35.380000,35.380000
2011-09-07,33.300000,33.830000,32.960000,32.960000
2011-09-08,33.560000,34.240000,32.520000,33.710000
2011-09-09,34.700000,38.110000,34.690000,36.640000
2011-09-12,38.540000,39.520000,37.010000,37.060000
2011-09-13,37.130000,37.470000,36.040000,36.060000
2011-09-14,35.800000,36.840000,34.130000,34.960000
2011-09-15,34.180000,34.750000,33.320000,33.520000
2011-09-16,33.270000,33.710000,32.870000,32.950000
2011-09-19,34.920000,35.350000,33.780000,33.810000
2011-09-20,33.600000,34.120000,32.800000,33.620000
2011-09-21,33.630000,36.190000,33.560000,36.190000
2011-09-22,38.840000,40.600000,38.120000,39.150000
2011-09-23,39.800000,40.390000,39.180000,39.550000
2011-09-26,39.060000,40.540000,38.030000,38.030000
2011-09-27,36.380000,37.630000,35.560000,37.210000
2011-09-28,37.060000,39.630000,36.420000,39.520000
2011-09-29,38.180000,40.160000,37.600000,38.180000
2011-09-30,39.550000,41.240000,38.180000,41.240000
2011-10-03,41.700000,43.390000,40.160000,43.380000
2011-10-04,43.640000,44.660000,39.950000,40.450000
2011-10-05,39.950000,40.400000,38.010000,38.310000
2011-10-06,38.360000,38.800000,36.980000,37.040000
2011-10-07,36.510000,38.300000,36.360000,37.310000
2011-10-10,36.080000,36.080000,34.780000,34.790000
2011-10-11,35.370000,35.370000,33.880000,34.060000
2011-10-12,33.540000,33.670000,31.390000,32.970000
2011-10-13,33.210000,33.950000,32.190000,32.710000
2011-10-14,31.440000,32.000000,30.310000,30.390000
2011-10-17,31.440000,33.600000,31.410000,33.600000
2011-10-18,33.590000,34.560000,30.230000,31.980000
2011-10-19,31.780000,35.530000,31.770000,34.390000
2011-10-20,34.670000,36.490000,33.880000,34.200000
2011-10-21,33.640000,33.640000,31.970000,31.970000
2011-10-24,32.040000,32.170000,30.420000,30.470000
2011-10-25,31.590000,32.890000,30.470000,32.360000
2011-10-26,31.360000,32.960000,30.830000,30.940000
2011-10-27,27.790000,28.080000,26.640000,27.030000
2011-10-28,27.490000,27.500000,26.480000,26.520000
2011-10-31,28.050000,30.370000,27.980000,30.370000
2011-11-01,34.380000,35.570000,30.370000,34.020000
2011-11-02,33.340000,33.760000,32.600000,32.880000
2011-11-03,31.830000,34.020000,31.460000,31.620000
2011-11-04,32.290000,33.050000,31.220000,31.230000
2011-11-07,31.690000,32.610000,31.090000,31.380000
2011-11-08,30.520000,31.560000,29.510000,29.520000
2011-11-09,32.310000,35.560000,32.040000,35.490000
2011-11-10,33.530000,35.390000,33.130000,33.750000
2011-11-11,31.530000,31.890000,31.270000,31.600000
2011-11-14,32.500000,33.720000,32.400000,32.720000
2011-11-15,33.080000,33.270000,32.040000,32.520000
2011-11-16,33.560000,34.410000,32.180000,34.390000
2011-11-17,34.160000,36.680000,33.880000,35.320000
2011-11-18,34.680000,35.370000,34.100000,34.200000
2011-11-21,35.420000,36.370000,34.470000,34.780000
2011-11-22,34.820000,35.000000,33.660000,34.240000
2011-11-23,34.700000,35.870000,34.450000,35.870000
2011-11-25,36.060000,36.530000,35.000000,36.450000
2011-11-28,34.740000,34.740000,32.190000,33.940000
2011-11-29,33.740000,34.110000,33.000000,33.210000
2011-11-30,31.090000,31.140000,29.900000,30.580000
2011-12-01,30.400000,30.480000,29.690000,30.030000
2011-12-02,28.830000,29.930000,28.170000,29.850000
2011-12-05,29.150000,30.340000,28.370000,29.900000
2011-12-06,30.020000,30.170000,29.530000,30.160000
2011-12-07,30.430000,31.230000,30.370000,30.620000
2011-12-08,31.440000,32.480000,31.280000,32.090000
2011-12-09,31.590000,31.590000,29.530000,29.530000
2011-12-12,30.690000,31.480000,30.140000,30.170000
2011-12-13,29.430000,30.870000,28.910000,30.170000
2011-12-14,30.400000,31.340000,30.120000,30.420000
2011-12-15,29.270000,29.770000,29.090000,29.460000
2011-12-16,28.760000,29.580000,28.550000,29.030000
2011-12-19,28.810000,29.210000,28.300000,28.740000
2011-12-20,27.400000,27.400000,26.780000,26.870000
2011-12-21,26.610000,26.890000,25.330000,25.560000
2011-12-22,25.350000,25.520000,24.560000,25.280000
2011-12-23,25.150000,25.310000,24.880000,25.220000
2011-12-27,25.830000,25.990000,25.320000,25.540000
2011-12-28,25.620000,26.800000,25.620000,26.750000
2011-12-29,26.790000,26.790000,26.190000,26.250000
2011-12-30,26.310000,26.860000,26.250000,26.860000
2012-01-03,25.850000,26.060000,25.620000,26.050000
2012-01-04,26.440000,26.490000,25.310000,25.310000
2012-01-05,25.720000,26.010000,24.620000,24.700000
2012-01-06,24.560000,24.900000,24.080000,24.090000
2012-01-09,24.440000,24.600000,24.050000,24.120000
2012-01-10,23.320000,23.700000,23.100000,23.680000
2012-01-11,24.090000,24.170000,23.880000,24.110000
2012-01-12,24.060000,24.760000,24.040000,24.040000
2012-01-13,24.740000,25.500000,24.630000,24.670000
2012-01-17,24.250000,25.020000,24.230000,25.000000
2012-01-18,25.350000,25.670000,24.020000,24.180000
2012-01-19,23.900000,24.020000,23.480000,23.650000
2012-01-20,23.620000,23.650000,22.720000,22.820000
2012-01-23,22.960000,22.980000,22.290000,22.320000
2012-01-24,23.010000,23.040000,22.030000,22.030000
2012-01-25,22.320000,22.550000,20.900000,21.360000
2012-01-26,20.930000,21.890000,20.610000,21.680000
2012-01-27,22.000000,22.020000,21.250000,21.400000
2012-01-30,22.650000,22.730000,21.770000,21.920000
2012-01-31,21.580000,22.380000,21.400000,22.090000
2012-02-01,21.470000,22.410000,21.140000,21.540000
2012-02-02,21.400000,21.450000,21.000000,21.010000
2012-02-03,19.950000,20.350000,19.330000,20.050000
2012-02-06,20.700000,20.740000,19.140000,20.390000
2012-02-07,20.460000,20.580000,19.940000,20.140000
2012-02-08,20.230000,20.800000,20.090000,20.680000
2012-02-09,20.670000,21.340000,20.620000,21.340000
2012-02-10,22.410000,23.930000,22.010000,23.280000
2012-02-13,22.570000,22.610000,21.180000,22.120000
2012-02-14,22.320000,23.670000,22.310000,22.820000
2012-02-15,22.810000,24.450000,22.740000,24.120000
2012-02-16,24.210000,24.510000,23.120000,23.170000
2012-02-17,22.560000,22.580000,21.970000,22.390000
2012-02-21,22.290000,22.690000,21.950000,22.350000
2012-02-22,22.510000,22.650000,21.920000,22.090000
2012-02-23,22.310000,22.600000,20.610000,20.780000
2012-02-24,20.750000,21.380000,20.410000,21.180000
2012-02-27,22.290000,22.540000,21.350000,21.870000
2012-02-28,21.970000,22.240000,21.540000,21.600000
2012-02-29,21.470000,22.180000,21.010000,21.800000
2012-03-01,21.400000,21.560000,21.030000,21.030000
2012-03-02,21.060000,21.590000,20.970000,21.260000
2012-03-05,21.630000,22.370000,21.620000,21.990000
2012-03-06,23.470000,24.170000,23.270000,23.900000
2012-03-07,23.610000,23.650000,22.710000,22.720000
2012-03-08,21.700000,22.300000,21.670000,21.840000
2012-03-09,21.010000,21.560000,20.890000,21.220000
2012-03-12,21.250000,21.380000,20.690000,20.810000
2012-03-13,19.990000,20.550000,19.590000,19.600000
2012-03-14,19.420000,21.090000,19.420000,20.750000
2012-03-15,20.440000,20.920000,20.110000,20.540000
2012-03-16,20.030000,20.640000,20.020000,20.370000
2012-03-19,20.500000,20.520000,19.730000,19.940000
2012-03-20,20.430000,20.530000,19.960000,19.960000
2012-03-21,19.530000,19.910000,19.090000,19.250000
2012-03-22,19.720000,20.220000,19.550000,19.550000
2012-03-23,19.420000,19.910000,18.640000,18.640000
2012-03-26,18.320000,18.490000,17.290000,17.430000
2012-03-27,17.510000,18.570000,16.840000,18.570000
2012-03-28,18.490000,19.860000,18.380000,18.790000
2012-03-29,19.730000,19.920000,18.780000,18.840000
2012-03-30,18.430000,18.900000,18.340000,18.610000
2012-04-02,19.060000,19.210000,18.060000,18.460000
2012-04-03,18.440000,19.410000,18.410000,18.810000
2012-04-04,19.790000,20.360000,19.340000,19.450000
2012-04-05,19.810000,20.090000,19.330000,19.820000
2012-04-09,21.130000,21.210000,20.500000,21.210000
2012-04-10,21.410000,22.980000,21.060000,22.620000
2012-04-11,21.760000,22.480000,21.420000,22.470000
2012-04-12,22.200000,22.250000,20.250000,20.250000
2012-04-13,20.750000,22.030000,20.750000,21.990000
2012-04-16,21.600000,22.540000,21.430000,22.040000
2012-04-17,21.350000,21.350000,20.530000,20.850000
2012-04-18,21.120000,21.260000,20.660000,21.120000
2012-04-19,21.000000,21.990000,20.510000,21.230000
2012-04-20,20.790000,20.860000,20.170000,20.480000
2012-04-23,22.080000,22.220000,21.340000,21.390000
2012-04-24,21.320000,21.370000,20.500000,20.510000
2012-04-25,19.760000,19.900000,19.460000,19.460000
2012-04-26,19.580000,19.640000,18.520000,18.550000
2012-04-27,18.570000,18.930000,18.460000,18.740000
2012-04-30,19.210000,19.420000,19.080000,19.320000
2012-05-01,19.370000,19.520000,18.370000,19.130000
2012-05-02,19.430000,19.610000,18.930000,19.010000
2012-05-03,18.980000,19.650000,18.950000,19.500000
2012-05-04,19.930000,20.760000,19.760000,20.720000
2012-05-07,21.100000,21.100000,20.180000,20.450000
2012-05-08,20.950000,21.970000,19.680000,20.810000
2012-05-09,21.910000,22.480000,20.910000,21.530000
2012-05-10,20.950000,21.320000,20.720000,20.870000
2012-05-11,21.620000,21.620000,20.700000,21.550000
2012-05-14,22.750000,22.970000,22.300000,22.970000
2012-05-15,23.040000,24.140000,22.540000,23.920000
2012-05-16,23.520000,24.950000,23.160000,24.920000
2012-05-17,24.520000,26.410000,24.480000,26.410000
2012-05-18,25.580000,27.700000,25.540000,27.660000
2012-05-21,26.860000,26.890000,24.710000,24.710000
2012-05-22,24.680000,25.700000,23.110000,25.230000
2012-05-23,26.170000,27.100000,24.900000,25.110000
2012-05-24,24.970000,26.140000,24.740000,24.780000
2012-05-25,25.380000,25.430000,24.720000,24.930000
2012-05-29,24.780000,24.990000,23.890000,23.890000
2012-05-30,24.910000,26.190000,24.910000,26.190000
2012-05-31,26.000000,27.390000,25.430000,26.220000
2012-06-01,27.670000,28.580000,27.290000,28.470000
2012-06-04,28.010000,29.480000,27.750000,28.120000
2012-06-05,28.050000,28.050000,26.870000,26.870000
2012-06-06,26.260000,26.390000,24.640000,24.710000
2012-06-07,23.780000,24.880000,23.740000,24.470000
2012-06-08,24.890000,25.230000,23.640000,23.640000
2012-06-11,23.010000,25.510000,22.990000,25.500000
2012-06-12,25.170000,26.190000,24.930000,24.940000
2012-06-13,25.600000,27.080000,25.050000,26.500000
2012-06-14,26.290000,26.940000,25.000000,25.000000
2012-06-15,24.800000,25.320000,23.450000,23.670000
2012-06-18,24.140000,24.270000,22.010000,22.130000
2012-06-19,21.750000,21.930000,21.160000,21.920000
2012-06-20,21.490000,22.850000,20.820000,20.840000
2012-06-21,20.660000,23.290000,16.720000,23.160000
2012-06-22,22.220000,22.630000,21.400000,21.510000
2012-06-25,22.940000,23.780000,22.550000,23.030000
2012-06-26,22.650000,23.040000,21.780000,22.470000
2012-06-27,22.320000,22.720000,21.990000,22.360000
2012-06-28,22.990000,23.620000,22.140000,22.250000
2012-06-29,20.610000,22.250000,19.150000,20.320000
2012-07-02,20.470000,20.920000,19.600000,19.790000
2012-07-03,19.690000,19.870000,19.320000,19.320000
2012-07-05,20.310000,20.740000,19.870000,20.110000
2012-07-06,20.860000,20.950000,19.930000,20.040000
2012-07-09,20.700000,20.820000,20.300000,20.370000
2012-07-10,20.160000,21.190000,19.880000,20.870000
2012-07-11,20.320000,21.190000,20.150000,20.250000
2012-07-12,21.050000,21.610000,20.310000,20.690000
2012-07-13,20.330000,20.350000,19.230000,19.390000
2012-07-16,19.780000,19.860000,19.300000,19.610000
2012-07-17,19.220000,19.860000,18.840000,18.920000
2012-07-18,19.120000,19.270000,18.690000,18.940000
2012-07-19,18.820000,19.230000,18.390000,18.610000
2012-07-20,19.360000,19.870000,19.160000,19.640000
2012-07-23,22.010000,22.310000,21.020000,21.180000
2012-07-24,21.160000,22.760000,21.160000,22.260000
2012-07-25,21.930000,22.640000,21.480000,21.880000
2012-07-26,20.560000,20.970000,19.590000,20.240000
2012-07-27,19.750000,19.800000,19.350000,19.660000
2012-07-30,19.940000,20.180000,19.670000,20.130000
2012-07-31,20.550000,20.790000,20.130000,20.780000
2012-08-01,20.620000,20.880000,20.280000,20.670000
2012-08-02,21.060000,21.260000,20.160000,20.230000
2012-08-03,19.140000,19.200000,18.680000,18.680000
2012-08-06,18.750000,18.910000,18.680000,18.740000
2012-08-07,18.490000,18.840000,18.330000,18.810000
2012-08-08,19.190000,19.200000,18.430000,18.580000
2012-08-09,18.560000,18.570000,18.200000,18.230000
2012-08-10,18.420000,18.610000,18.090000,18.140000
2012-08-13,18.480000,18.520000,17.830000,18.070000
2012-08-14,18.000000,18.750000,17.970000,18.510000
2012-08-15,18.750000,18.880000,18.240000,18.860000
2012-08-16,18.900000,19.080000,18.540000,18.550000
2012-08-17,18.510000,19.120000,18.190000,18.350000
2012-08-20,18.640000,18.980000,18.390000,18.590000
2012-08-21,18.460000,18.990000,18.240000,18.800000
2012-08-22,19.320000,19.610000,19.090000,19.420000
2012-08-23,19.530000,20.430000,19.360000,20.090000
2012-08-24,19.780000,19.820000,19.080000,19.240000
2012-08-27,19.810000,19.960000,19.450000,19.920000
2012-08-28,19.740000,20.000000,19.500000,19.820000
2012-08-29,19.990000,20.460000,19.900000,20.460000
2012-08-30,20.860000,21.070000,20.680000,20.920000
2012-08-31,20.460000,21.030000,19.650000,20.620000
2012-09-04,21.080000,21.340000,20.630000,20.680000
2012-09-05,20.170000,20.190000,19.420000,19.990000
2012-09-06,19.840000,19.840000,18.460000,18.620000
2012-09-07,18.620000,18.620000,17.590000,17.590000
2012-09-10,17.100000,18.300000,17.080000,18.300000
2012-09-11,18.430000,18.440000,17.850000,18.290000
2012-09-12,17.880000,18.060000,17.590000,17.600000
2012-09-13,17.680000,18.360000,16.070000,16.450000
2012-09-14,16.220000,16.920000,15.970000,16.900000
2012-09-17,17.110000,17.230000,16.980000,17.130000
2012-09-18,17.220000,17.320000,16.600000,16.630000
2012-09-19,16.570000,16.690000,16.160000,16.490000
2012-09-20,17.020000,17.090000,16.720000,16.750000
2012-09-21,16.570000,16.810000,16.500000,16.790000
2012-09-24,17.320000,17.320000,16.480000,16.590000
2012-09-25,16.560000,17.700000,16.450000,17.600000
2012-09-26,17.900000,18.700000,17.900000,18.500000
2012-09-27,18.210000,18.250000,17.070000,17.070000
2012-09-28,17.390000,17.790000,17.070000,17.610000
2012-10-01,17.740000,18.030000,17.120000,17.920000
2012-10-02,17.590000,18.270000,17.570000,17.740000
2012-10-03,17.660000,17.960000,17.380000,17.580000
2012-10-04,17.340000,17.580000,17.040000,17.060000
2012-10-05,16.580000,17.130000,16.490000,16.930000
2012-10-08,17.450000,17.630000,17.310000,17.360000
2012-10-09,17.390000,18.010000,17.320000,18.010000
2012-10-10,18.170000,18.480000,17.930000,18.130000
2012-10-11,17.380000,17.700000,17.260000,17.570000
2012-10-12,17.450000,17.770000,17.020000,17.740000
2012-10-15,17.750000,17.800000,17.090000,17.110000
2012-10-16,16.850000,17.030000,16.520000,16.970000
2012-10-17,16.980000,17.110000,16.500000,16.610000
2012-10-18,16.840000,16.890000,16.370000,16.580000
2012-10-19,16.640000,18.310000,16.640000,18.120000
2012-10-22,18.300000,18.840000,17.870000,17.870000
2012-10-23,18.980000,19.810000,18.930000,19.450000
2012-10-24,19.030000,19.410000,18.830000,19.270000
2012-10-25,18.670000,19.460000,18.480000,19.110000
2012-10-26,18.870000,19.410000,18.650000,19.020000
2012-10-31,18.740000,19.450000,18.610000,19.310000
2012-11-01,18.750000,18.770000,17.720000,17.730000
2012-11-02,17.380000,18.550000,17.370000,18.550000
2012-11-05,18.880000,19.270000,18.780000,18.970000
2012-11-06,18.800000,18.820000,17.990000,18.240000
2012-11-07,18.660000,19.960000,18.560000,19.810000
2012-11-08,19.630000,19.930000,19.290000,19.830000
2012-11-09,20.190000,20.190000,19.300000,20.070000
2012-11-12,20.110000,20.110000,19.150000,19.150000
2012-11-13,19.600000,19.620000,18.490000,18.970000
2012-11-14,18.690000,19.940000,18.450000,19.870000
2012-11-15,19.710000,20.350000,19.550000,19.790000
2012-11-16,19.540000,20.250000,18.930000,18.930000
2012-11-19,18.130000,18.130000,17.480000,17.590000
2012-11-20,17.570000,17.770000,17.270000,17.280000
2012-11-21,17.240000,17.580000,17.100000,17.580000
2012-11-23,17.270000,17.580000,16.880000,17.580000
2012-11-26,17.610000,17.750000,17.150000,17.310000
2012-11-27,17.200000,17.620000,16.950000,17.620000
2012-11-28,17.970000,18.410000,17.120000,17.200000
2012-11-29,16.930000,17.150000,16.660000,16.820000
2012-11-30,16.940000,17.500000,16.700000,17.270000
2012-12-03,17.080000,17.840000,17.010000,17.820000
2012-12-04,17.880000,18.390000,17.650000,18.190000
2012-12-05,18.080000,18.610000,17.680000,17.830000
2012-12-06,17.890000,18.110000,17.640000,17.840000
2012-12-07,17.550000,17.990000,17.270000,17.290000
2012-12-10,17.580000,17.590000,17.350000,17.350000
2012-12-11,17.220000,17.360000,16.900000,17.000000
2012-12-12,16.940000,17.430000,16.910000,17.430000
2012-12-13,17.420000,18.040000,17.330000,17.880000
2012-12-14,18.140000,18.200000,17.980000,18.030000
2012-12-17,18.190000,18.200000,17.410000,17.500000
2012-12-18,17.530000,17.560000,16.740000,16.810000
2012-12-19,17.050000,17.880000,16.860000,17.860000
2012-12-20,17.870000,18.210000,17.780000,18.140000
2012-12-21,19.600000,19.800000,18.850000,18.870000
2012-12-24,19.080000,19.210000,18.870000,18.870000
2012-12-26,19.180000,19.930000,19.160000,19.930000
2012-12-27,19.870000,20.930000,19.710000,19.920000
2012-12-28,20.510000,21.920000,20.200000,21.880000
2012-12-31,21.550000,21.580000,18.700000,18.730000
2013-01-02,17.000000,17.630000,16.590000,16.690000
2013-01-03,16.800000,16.990000,16.480000,16.740000
2013-01-04,16.430000,16.490000,16.180000,16.340000
2013-01-07,16.820000,16.820000,16.430000,16.450000
2013-01-08,16.500000,16.840000,16.380000,16.450000
2013-01-09,16.180000,16.590000,16.130000,16.500000
2013-01-10,16.070000,16.500000,16.070000,16.120000
2013-01-11,16.190000,16.340000,15.970000,16.010000
2013-01-14,16.310000,16.510000,16.160000,16.290000
2013-01-15,16.600000,16.620000,16.200000,16.330000
2013-01-16,16.330000,16.470000,16.030000,16.240000
2013-01-17,16.100000,16.180000,15.850000,16.080000
2013-01-18,15.990000,16.040000,15.220000,15.290000
2013-01-22,15.600000,15.620000,14.720000,14.720000
2013-01-23,14.900000,14.900000,14.390000,14.500000
2013-01-24,14.610000,15.190000,14.370000,14.670000
2013-01-25,14.580000,14.790000,14.430000,14.660000
2013-01-28,14.850000,15.240000,14.840000,15.070000
2013-01-29,15.290000,15.300000,14.670000,14.740000
2013-01-30,14.960000,15.430000,14.930000,15.420000
2013-01-31,15.580000,15.620000,15.390000,15.550000
2013-02-01,15.020000,15.020000,14.600000,14.790000
2013-02-04,15.410000,15.850000,15.270000,15.790000
2013-02-05,15.480000,15.490000,15.000000,15.300000
2013-02-06,15.490000,15.540000,15.110000,15.140000
2013-02-07,15.180000,15.820000,15.170000,15.190000
2013-02-08,15.020000,15.020000,14.730000,14.800000
2013-02-11,14.950000,15.020000,14.670000,14.680000
2013-02-12,14.740000,14.830000,14.450000,14.530000
2013-02-13,14.460000,14.720000,14.430000,14.630000
2013-02-14,14.880000,14.900000,14.430000,14.430000
2013-02-15,14.340000,14.590000,14.230000,14.260000
2013-02-19,14.440000,14.440000,13.940000,13.990000
2013-02-20,14.020000,15.410000,14.010000,15.410000
2013-02-21,15.410000,16.370000,15.410000,15.710000
2013-02-22,15.270000,15.560000,14.980000,14.980000
2013-02-25,14.670000,18.030000,14.570000,17.940000
2013-02-26,17.150000,17.960000,16.860000,17.250000
2013-02-27,17.100000,17.100000,15.460000,15.660000
2013-02-28,15.870000,16.200000,15.350000,16.180000
2013-03-01,16.670000,17.120000,16.090000,16.290000
2013-03-04,16.680000,16.680000,15.420000,15.420000
2013-03-05,15.040000,15.080000,14.750000,14.950000
2013-03-06,14.790000,15.190000,14.730000,15.030000
2013-03-07,14.960000,15.030000,14.710000,14.740000
2013-03-08,14.450000,14.970000,14.430000,14.520000
2013-03-11,14.890000,14.970000,14.300000,14.300000
2013-03-12,14.360000,14.980000,14.300000,14.580000
2013-03-13,14.550000,14.780000,14.510000,14.510000
2013-03-14,14.420000,14.460000,13.980000,14.100000
2013-03-15,14.210000,14.670000,14.210000,14.260000
2013-03-18,15.390000,15.500000,14.820000,15.390000
2013-03-19,15.140000,16.720000,15.090000,15.710000
2013-03-20,14.980000,15.000000,14.600000,14.930000
2013-03-21,15.240000,15.630000,14.920000,15.530000
2013-03-22,15.250000,15.460000,15.170000,15.260000
2013-03-25,14.880000,15.860000,14.710000,15.300000
2013-03-26,14.790000,15.000000,14.710000,14.750000
2013-03-27,15.410000,15.530000,14.800000,14.930000
2013-03-28,14.800000,14.940000,12.390000,14.640000
2013-04-01,15.030000,15.460000,14.950000,15.280000
2013-04-02,15.000000,15.000000,14.600000,14.710000
2013-04-03,14.700000,15.730000,14.700000,15.490000
2013-04-04,15.490000,15.920000,15.300000,15.300000
2013-04-05,16.380000,16.380000,15.330000,15.380000
2013-04-08,15.410000,15.630000,14.700000,14.710000
2013-04-09,14.680000,15.000000,14.350000,14.460000
2013-04-10,14.300000,14.370000,13.980000,14.120000
2013-04-11,14.190000,14.240000,13.940000,14.170000
2013-04-12,14.390000,14.680000,13.980000,14.020000
2013-04-15,14.670000,17.030000,14.540000,17.030000
2013-04-16,15.690000,15.750000,15.070000,15.100000
2013-04-17,15.910000,17.460000,15.730000,16.930000
2013-04-18,16.720000,17.960000,16.700000,17.520000
2013-04-19,17.120000,17.210000,16.170000,16.170000
2013-04-22,16.170000,16.770000,15.550000,15.660000
2013-04-23,15.180000,15.800000,14.820000,14.830000
2013-04-24,14.910000,15.080000,14.730000,14.970000
2013-04-25,14.970000,15.090000,14.530000,14.960000
2013-04-26,15.170000,15.300000,14.870000,14.890000
2013-04-29,14.920000,15.000000,14.600000,14.920000
2013-04-30,14.990000,15.320000,14.740000,14.780000
2013-05-01,15.030000,15.640000,15.030000,15.610000
2013-05-02,15.410000,15.500000,14.870000,14.870000
2013-05-03,14.390000,14.520000,14.310000,14.450000
2013-05-06,14.460000,14.590000,14.220000,14.310000
2013-05-07,14.220000,14.410000,14.150000,14.350000
2013-05-08,14.370000,14.660000,14.360000,14.400000
2013-05-09,14.540000,15.080000,14.450000,14.810000
2013-05-10,14.710000,15.130000,14.680000,14.710000
2013-05-13,15.100000,15.240000,14.930000,15.050000
2013-05-14,15.130000,15.310000,14.970000,14.980000
2013-05-15,15.210000,15.500000,15.020000,15.050000
2013-05-16,15.270000,15.530000,15.080000,15.450000
2013-05-17,15.230000,15.400000,15.040000,15.170000
2013-05-20,15.470000,15.490000,15.190000,15.310000
2013-05-21,15.360000,15.780000,15.280000,15.780000
2013-05-22,15.650000,16.370000,15.330000,15.820000
2013-05-23,16.590000,16.620000,15.900000,16.000000
2013-05-24,16.310000,16.360000,15.920000,15.920000
2013-05-28,15.480000,16.010000,15.420000,15.870000
2013-05-29,16.410000,16.650000,15.960000,16.150000
2013-05-30,16.170000,16.250000,15.860000,16.010000
2013-05-31,16.390000,17.280000,16.020000,17.130000
2013-06-03,17.180000,17.950000,17.090000,17.220000
2013-06-04,17.160000,17.800000,16.930000,17.260000
2013-06-05,17.570000,18.180000,17.450000,18.000000
2013-06-06,18.100000,18.790000,17.530000,17.550000
2013-06-07,17.090000,17.250000,16.600000,16.720000
2013-06-10,16.590000,16.840000,16.520000,16.730000
2013-06-11,17.770000,17.970000,17.140000,17.910000
2013-06-12,17.570000,19.070000,17.540000,19.070000
2013-06-13,18.970000,19.080000,17.790000,17.830000
2013-06-14,18.030000,18.360000,17.610000,18.300000
2013-06-17,17.850000,18.480000,17.660000,17.990000
2013-06-18,17.970000,18.040000,17.690000,17.750000
2013-06-19,17.920000,18.140000,16.980000,17.780000
2013-06-20,18.960000,20.820000,18.780000,20.340000
2013-06-21,19.400000,20.700000,19.100000,19.490000
2013-06-24,20.630000,21.350000,19.710000,20.730000
2013-06-25,19.750000,20.200000,19.340000,19.670000
2013-06-26,18.730000,19.430000,18.620000,18.820000
2013-06-27,18.330000,18.690000,18.190000,18.560000
2013-06-28,18.830000,19.110000,18.040000,18.390000
2013-07-01,18.320000,18.320000,17.650000,17.920000
2013-07-02,17.950000,18.330000,17.570000,18.020000
2013-07-03,18.440000,18.540000,17.810000,17.810000
2013-07-05,17.370000,17.810000,16.880000,16.880000
2013-07-08,16.690000,16.940000,16.400000,16.410000
2013-07-09,16.000000,16.150000,15.810000,15.910000
2013-07-10,16.010000,16.050000,15.640000,15.770000
2013-07-11,15.200000,15.660000,15.190000,15.500000
2013-07-12,15.570000,15.820000,15.510000,15.650000
2013-07-15,15.680000,15.830000,15.450000,15.620000
2013-07-16,15.600000,16.110000,15.570000,16.010000
2013-07-17,15.930000,16.050000,15.520000,15.560000
2013-07-18,15.380000,15.580000,15.120000,15.560000
2013-07-19,15.670000,15.710000,15.040000,15.040000
2013-07-22,15.300000,15.370000,14.690000,14.690000
2013-07-23,14.550000,15.040000,14.510000,14.880000
2013-07-24,14.790000,15.410000,14.790000,15.190000
2013-07-25,15.410000,15.460000,14.980000,15.000000
2013-07-26,15.260000,15.500000,14.800000,14.800000
2013-07-29,15.210000,15.430000,15.100000,15.110000
2013-07-30,15.080000,15.450000,14.980000,14.980000
2013-07-31,14.990000,15.120000,14.540000,14.920000
2013-08-01,14.480000,14.630000,14.400000,14.550000
2013-08-02,14.370000,14.450000,14.020000,14.030000
2013-08-05,14.110000,14.200000,13.850000,13.860000
2013-08-06,14.110000,14.670000,14.070000,14.560000
2013-08-07,14.880000,15.440000,14.800000,14.810000
2013-08-08,14.570000,14.950000,14.450000,14.670000
2013-08-09,14.770000,15.280000,14.650000,15.100000
2013-08-12,15.590000,15.590000,15.170000,15.170000
2013-08-13,15.160000,15.420000,14.790000,14.860000
2013-08-14,14.940000,15.270000,14.860000,15.240000
2013-08-15,16.050000,16.470000,15.830000,16.240000
2013-08-16,16.210000,16.240000,15.690000,15.940000
2013-08-19,16.290000,16.450000,15.960000,16.400000
2013-08-20,16.530000,16.530000,15.920000,16.310000
2013-08-21,16.890000,17.060000,15.880000,16.790000
2013-08-22,16.460000,16.460000,15.930000,15.990000
2013-08-23,15.770000,16.070000,15.550000,15.550000
2013-08-26,15.790000,16.270000,15.430000,16.210000
2013-08-27,17.310000,17.790000,16.860000,17.680000
2013-08-28,17.760000,17.860000,17.320000,17.620000
2013-08-29,17.780000,17.980000,17.260000,17.900000
2013-08-30,17.840000,18.400000,17.830000,18.050000
2013-09-03,17.460000,18.090000,17.370000,17.640000
2013-09-04,17.780000,17.860000,17.130000,17.300000
2013-09-05,17.340000,17.340000,17.030000,17.140000
2013-09-06,16.840000,17.830000,16.680000,17.170000
2013-09-09,17.060000,17.110000,16.590000,16.830000
2013-09-10,16.300000,16.400000,16.090000,16.110000
2013-09-11,16.310000,16.310000,15.400000,15.610000
2013-09-12,15.620000,15.910000,15.420000,15.850000
2013-09-13,15.820000,15.920000,15.670000,15.700000
2013-09-16,15.530000,15.730000,15.270000,15.580000
2013-09-17,15.610000,15.720000,15.520000,15.660000
2013-09-18,15.790000,15.790000,14.880000,15.180000
2013-09-19,14.840000,15.140000,14.830000,15.020000
2013-09-20,15.140000,15.410000,14.940000,15.320000
2013-09-23,15.650000,16.070000,15.640000,15.920000
2013-09-24,15.810000,15.920000,15.430000,15.640000
2013-09-25,15.740000,15.950000,15.420000,15.560000
2013-09-26,15.470000,15.610000,15.240000,15.410000
2013-09-27,15.870000,16.190000,15.810000,16.040000
2013-09-30,17.270000,17.280000,16.620000,16.800000
2013-10-01,16.760000,16.770000,16.100000,16.130000
2013-10-02,16.730000,16.990000,16.510000,16.810000
2013-10-03,16.930000,18.400000,16.910000,17.700000
2013-10-04,17.820000,17.880000,17.140000,17.210000
2013-10-07,18.520000,19.070000,18.040000,19.070000
2013-10-08,18.840000,20.240000,18.820000,19.840000
2013-10-09,19.690000,20.370000,18.940000,19.290000
2013-10-10,18.200000,18.200000,17.140000,17.210000
2013-10-11,17.180000,17.200000,16.410000,16.570000
2013-10-14,17.520000,17.800000,16.640000,16.920000
2013-10-15,17.050000,18.410000,16.930000,18.410000
2013-10-16,17.700000,17.700000,16.170000,16.260000
2013-10-17,16.190000,16.250000,15.310000,15.440000
2013-10-18,15.100000,15.270000,14.740000,14.920000
2013-10-21,14.930000,15.270000,14.870000,15.140000
2013-10-22,14.880000,15.230000,14.820000,15.020000
2013-10-23,15.350000,15.670000,15.110000,15.110000
2013-10-24,15.160000,15.230000,14.850000,14.900000
2013-10-25,14.850000,14.980000,14.660000,14.870000
2013-10-28,15.120000,15.150000,14.790000,14.870000
2013-10-29,14.830000,15.090000,14.720000,15.030000
2013-10-30,14.680000,15.450000,14.680000,15.130000
2013-10-31,15.240000,15.420000,14.810000,15.250000
2013-11-01,15.150000,15.410000,15.010000,15.060000
2013-11-04,15.060000,15.320000,14.630000,14.680000
2013-11-05,14.890000,15.130000,14.680000,14.920000
2013-11-06,14.730000,14.880000,14.620000,14.660000
2013-11-07,14.620000,15.470000,14.610000,15.360000
2013-11-08,15.290000,15.320000,14.570000,14.630000
2013-11-11,14.810000,14.890000,14.690000,14.730000
2013-11-12,14.960000,15.060000,14.800000,14.880000
2013-11-13,15.250000,15.250000,14.810000,14.830000
2013-11-14,14.890000,14.960000,14.660000,14.880000
2013-11-15,14.710000,14.860000,14.650000,14.800000
2013-11-18,14.800000,15.040000,14.630000,14.930000
2013-11-19,14.990000,15.310000,14.890000,15.250000
2013-11-20,15.360000,15.360000,14.760000,14.990000
2013-11-21,14.910000,14.920000,14.410000,14.520000
2013-11-22,14.490000,14.520000,14.150000,14.150000
2013-11-25,14.160000,14.510000,14.140000,14.430000
2013-11-26,14.540000,14.590000,14.270000,14.550000
2013-11-27,14.580000,14.620000,14.400000,14.600000
2013-11-29,14.700000,15.060000,14.620000,15.030000
2013-12-02,15.090000,15.230000,14.980000,15.190000
2013-12-03,15.580000,15.880000,15.410000,15.490000
2013-12-04,15.870000,16.210000,15.290000,15.570000
2013-12-05,15.700000,15.990000,15.580000,15.780000
2013-12-06,15.100000,15.250000,14.820000,14.950000
2013-12-09,15.070000,15.140000,14.930000,14.930000
2013-12-10,15.100000,15.240000,15.010000,15.220000
2013-12-11,15.260000,16.030000,15.260000,15.990000
2013-12-12,16.140000,16.420000,15.880000,16.120000
2013-12-13,15.950000,16.290000,15.910000,16.270000
2013-12-16,16.110000,16.410000,15.890000,16.390000
2013-12-17,16.480000,16.870000,16.340000,16.500000
2013-12-18,16.370000,16.840000,14.950000,14.990000
2013-12-19,15.040000,15.290000,14.820000,15.280000
2013-12-20,14.960000,15.130000,14.720000,15.010000
2013-12-23,14.670000,14.810000,14.520000,14.520000
2013-12-24,14.380000,14.540000,14.240000,14.240000
2013-12-26,14.150000,14.170000,13.780000,14.030000
2013-12-27,13.890000,14.050000,13.890000,13.980000
2013-12-30,14.200000,14.780000,14.200000,14.770000
2013-12-31,14.670000,15.130000,14.650000,14.770000
2014-01-02,15.130000,15.410000,15.080000,15.260000
2014-01-03,15.210000,15.360000,14.970000,15.090000
2014-01-06,14.780000,15.180000,14.750000,14.820000
2014-01-07,13.580000,14.670000,13.570000,14.410000
2014-01-08,14.480000,14.590000,14.270000,14.290000
2014-01-09,14.290000,14.630000,14.230000,14.290000
2014-01-10,14.110000,14.370000,13.940000,13.940000
2014-01-13,14.260000,15.170000,14.190000,14.980000
2014-01-14,14.810000,14.810000,14.320000,14.490000
2014-01-15,14.360000,14.550000,14.290000,14.460000
2014-01-16,14.570000,14.790000,14.550000,14.690000
2014-01-17,14.680000,14.970000,14.370000,14.630000
2014-01-21,14.560000,15.120000,14.560000,14.620000
2014-01-22,14.580000,14.800000,14.440000,14.470000
2014-01-23,14.990000,15.540000,14.940000,14.980000
2014-01-24,15.690000,17.400000,15.670000,17.400000
2014-01-27,16.910000,18.070000,16.710000,17.130000
2014-01-28,17.120000,17.120000,16.170000,16.200000
2014-01-29,17.400000,17.540000,16.590000,17.240000
2014-01-30,16.700000,17.370000,16.470000,17.370000
2014-01-31,18.430000,18.510000,17.490000,18.090000
2014-02-03,18.280000,20.200000,18.170000,20.140000
2014-02-04,19.380000,19.980000,18.600000,19.080000
2014-02-05,19.380000,19.990000,19.060000,19.670000
2014-02-06,19.100000,19.100000,17.780000,17.790000
2014-02-07,17.030000,17.230000,16.250000,16.340000
2014-02-10,16.560000,16.700000,16.310000,16.320000
2014-02-11,16.290000,16.290000,15.470000,15.750000
2014-02-12,15.610000,15.970000,15.240000,15.650000
2014-02-13,16.240000,16.330000,15.430000,15.500000
2014-02-14,15.560000,15.560000,15.000000,15.170000
2014-02-18,15.250000,15.510000,15.090000,15.220000
2014-02-19,15.570000,16.330000,15.250000,16.290000
2014-02-20,16.100000,16.500000,15.650000,15.720000
2014-02-21,15.610000,15.660000,15.300000,15.640000
2014-02-24,15.650000,15.760000,15.110000,15.500000
2014-02-25,15.460000,16.040000,15.360000,15.500000
2014-02-26,15.370000,16.000000,15.310000,15.910000
2014-02-27,15.920000,16.040000,15.590000,15.630000
2014-02-28,15.710000,16.240000,15.350000,15.800000
2014-03-03,17.110000,17.440000,16.580000,16.920000
2014-03-04,15.890000,15.960000,15.670000,15.690000
2014-03-05,15.740000,16.070000,15.580000,15.770000
2014-03-06,15.580000,16.010000,15.520000,15.830000
2014-03-07,15.500000,16.090000,15.500000,15.870000
2014-03-10,16.210000,16.690000,15.840000,15.970000
2014-03-11,15.960000,16.380000,15.750000,16.350000
2014-03-12,16.780000,16.870000,16.080000,16.080000
2014-03-13,15.950000,17.410000,15.930000,17.130000
2014-03-14,17.370000,18.260000,17.030000,17.930000
2014-03-17,17.180000,17.180000,16.440000,16.690000
2014-03-18,16.440000,16.540000,15.920000,16.150000
2014-03-19,16.120000,17.030000,15.770000,16.380000
2014-03-20,16.520000,16.660000,15.860000,15.860000
2014-03-21,15.540000,16.280000,15.490000,16.180000
2014-03-24,15.860000,16.700000,15.780000,16.100000
2014-03-25,15.560000,16.120000,15.470000,15.530000
2014-03-26,15.320000,16.190000,15.190000,16.080000
2014-03-27,16.140000,16.490000,15.740000,15.870000
2014-03-28,15.580000,15.860000,15.230000,15.460000
2014-03-31,15.130000,15.290000,14.860000,15.080000
2014-04-01,14.760000,14.790000,14.400000,14.400000
2014-04-02,14.420000,14.630000,14.260000,14.450000
2014-04-03,14.350000,14.780000,14.340000,14.500000
2014-04-04,14.210000,15.330000,14.150000,14.960000
2014-04-07,15.550000,16.190000,15.150000,15.900000
2014-04-08,15.950000,16.480000,15.430000,15.530000
2014-04-09,15.320000,15.560000,14.750000,14.830000
2014-04-10,14.980000,16.380000,14.740000,16.070000
2014-04-11,16.640000,17.600000,15.810000,16.790000
2014-04-14,16.210000,17.230000,16.190000,16.340000
2014-04-15,16.480000,17.370000,15.980000,15.990000
2014-04-16,15.510000,15.850000,15.150000,15.230000
2014-04-17,15.210000,15.280000,14.630000,14.840000
2014-04-21,15.200000,15.210000,14.670000,14.750000
2014-04-22,14.700000,14.710000,14.460000,14.610000
2014-04-23,14.700000,14.920000,14.660000,14.830000
2014-04-24,14.670000,15.150000,14.530000,14.770000
2014-04-25,15.090000,15.600000,15.080000,15.180000
2014-04-28,15.200000,15.800000,14.850000,14.930000
2014-04-29,14.840000,15.100000,14.750000,14.830000
2014-04-30,15.030000,15.110000,14.630000,14.700000
2014-05-01,14.880000,14.970000,14.550000,14.670000
2014-05-02,14.660000,14.970000,14.460000,14.680000
2014-05-05,15.280000,15.450000,14.630000,14.750000
2014-05-06,14.940000,15.120000,14.710000,15.120000
2014-05-07,14.870000,15.400000,14.600000,14.620000
2014-05-08,14.810000,14.890000,14.250000,14.580000
2014-05-09,14.630000,14.950000,14.290000,14.380000
2014-05-12,14.150000,14.170000,13.820000,13.880000
2014-05-13,13.880000,14.110000,13.770000,14.040000
2014-05-14,14.170000,14.370000,14.000000,14.180000
2014-05-15,14.530000,15.190000,14.530000,14.860000
2014-05-16,14.790000,14.930000,14.110000,14.330000
2014-05-19,14.590000,14.610000,14.060000,14.110000
2014-05-20,14.300000,14.700000,14.100000,14.410000
2014-05-21,14.000000,14.070000,13.730000,13.870000
2014-05-22,13.820000,13.910000,13.560000,13.830000
2014-05-23,13.830000,13.880000,13.600000,13.620000
2014-05-27,13.600000,13.670000,13.570000,13.640000
2014-05-28,13.640000,13.810000,13.570000,13.770000
2014-05-29,13.680000,13.920000,13.440000,13.710000
2014-05-30,13.720000,13.840000,13.640000,13.750000
2014-06-02,13.870000,14.140000,13.830000,13.880000
2014-06-03,14.110000,14.150000,13.810000,13.820000
2014-06-04,14.000000,14.040000,13.740000,13.770000
2014-06-05,13.750000,13.790000,13.280000,13.580000
2014-06-06,13.130000,13.150000,12.730000,12.830000
2014-06-09,12.970000,13.100000,12.820000,13.020000
2014-06-10,13.090000,13.260000,12.960000,13.010000
2014-06-11,13.260000,13.440000,13.120000,13.290000
2014-06-12,13.430000,14.440000,13.410000,14.110000
2014-06-13,14.080000,14.320000,13.720000,13.790000
2014-06-16,14.080000,14.170000,13.800000,13.970000
2014-06-17,14.070000,14.120000,13.530000,13.660000
2014-06-18,13.430000,13.490000,12.610000,12.620000
2014-06-19,12.830000,12.850000,12.560000,12.700000
2014-06-20,12.570000,12.890000,12.560000,12.870000
2014-06-23,13.060000,13.170000,12.880000,12.920000
2014-06-24,13.120000,13.430000,12.730000,13.380000
2014-06-25,13.630000,13.630000,13.040000,13.110000
2014-06-26,13.010000,13.590000,12.990000,13.070000
2014-06-27,13.130000,13.220000,12.760000,12.820000
2014-06-30,13.040000,13.080000,12.850000,13.010000
2014-07-01,12.860000,12.870000,12.480000,12.740000
2014-07-02,12.700000,12.700000,12.290000,12.490000
2014-07-03,12.340000,12.410000,12.190000,12.240000
2014-07-07,12.700000,12.890000,12.640000,12.870000
2014-07-08,13.110000,13.550000,13.110000,13.210000
2014-07-09,13.130000,13.250000,12.850000,12.990000
2014-07-10,13.990000,14.010000,13.240000,13.650000
2014-07-11,13.630000,13.710000,13.240000,13.280000
2014-07-14,13.040000,13.060000,12.820000,12.930000
2014-07-15,12.860000,13.400000,12.820000,13.160000
2014-07-16,12.680000,12.910000,12.560000,12.630000
2014-07-17,12.630000,14.970000,12.630000,14.970000
2014-07-18,13.810000,13.930000,13.150000,13.360000
2014-07-21,13.600000,14.020000,13.530000,13.800000
2014-07-22,13.180000,13.500000,13.000000,13.500000
2014-07-23,13.080000,13.540000,13.050000,13.380000
2014-07-24,13.210000,13.560000,13.210000,13.450000
2014-07-25,13.510000,14.010000,13.510000,14.000000
2014-07-28,14.030000,14.400000,13.870000,13.920000
2014-07-29,13.720000,14.230000,13.590000,14.220000
2014-07-30,13.810000,14.550000,13.740000,14.260000
2014-07-31,14.820000,16.490000,14.780000,16.380000
2014-08-01,16.320000,17.010000,15.640000,16.780000
2014-08-04,16.580000,16.730000,15.550000,15.810000
2014-08-05,16.080000,17.340000,15.970000,17.140000
2014-08-06,17.370000,17.370000,16.340000,16.930000
2014-08-07,16.420000,17.690000,16.310000,17.220000
2014-08-08,16.860000,17.600000,16.480000,16.690000
2014-08-11,16.110000,16.110000,15.480000,15.760000
2014-08-12,15.700000,15.990000,15.410000,15.700000
2014-08-13,15.230000,15.660000,14.720000,14.850000
2014-08-14,14.370000,14.610000,14.120000,14.430000
2014-08-15,13.770000,15.300000,13.770000,14.420000
2014-08-18,13.930000,14.090000,13.720000,13.910000
2014-08-19,13.410000,13.790000,13.370000,13.790000
2014-08-20,13.730000,14.030000,13.630000,13.760000
2014-08-21,13.550000,13.670000,13.380000,13.530000
2014-08-22,13.550000,14.020000,13.490000,13.510000
2014-08-25,13.360000,13.570000,13.240000,13.570000
2014-08-26,13.500000,13.830000,13.210000,13.710000
2014-08-27,13.610000,13.970000,13.580000,13.920000
2014-08-28,14.180000,14.330000,14.120000,14.130000
2014-08-29,13.910000,14.390000,13.910000,14.270000
2014-09-02,14.250000,14.700000,14.230000,14.460000
2014-09-03,14.090000,14.570000,14.090000,14.390000
2014-09-04,14.330000,14.800000,13.890000,14.540000
2014-09-05,14.400000,14.890000,14.040000,14.080000
2014-09-08,14.360000,14.610000,14.290000,14.390000
2014-09-09,14.440000,15.020000,14.420000,14.840000
2014-09-10,14.890000,15.170000,14.630000,14.630000
2014-09-11,14.980000,15.080000,14.590000,14.680000
2014-09-12,14.670000,15.370000,14.670000,15.040000
2014-09-15,15.070000,15.590000,15.070000,15.580000
2014-09-16,15.810000,15.810000,14.850000,14.850000
2014-09-17,14.870000,14.870000,14.100000,14.620000
2014-09-18,14.370000,14.470000,14.230000,14.230000
2014-09-19,13.960000,14.600000,13.890000,14.380000
2014-09-22,14.740000,15.410000,14.740000,15.260000
2014-09-23,15.730000,16.070000,15.250000,16.070000
2014-09-24,15.740000,15.990000,15.180000,15.220000
2014-09-25,15.410000,16.910000,15.400000,16.590000
2014-09-26,16.490000,16.570000,15.700000,16.020000
2014-09-29,17.250000,17.270000,16.400000,16.820000
2014-09-30,16.660000,17.150000,16.430000,17.080000
2014-10-01,17.180000,18.140000,17.140000,17.620000
2014-10-02,17.570000,18.360000,17.010000,17.240000
2014-10-03,16.760000,16.870000,16.040000,16.040000
2014-10-06,15.730000,16.710000,15.730000,16.550000
2014-10-07,17.020000,17.920000,16.890000,17.680000
2014-10-08,17.720000,18.090000,16.280000,16.280000
2014-10-09,16.680000,18.460000,16.460000,18.090000
2014-10-10,18.300000,20.060000,17.880000,19.930000
2014-10-13,19.840000,22.180000,19.430000,22.120000
2014-10-14,21.590000,22.720000,20.320000,21.370000
2014-10-15,23.900000,26.570000,22.360000,23.820000
2014-10-16,25.310000,25.310000,21.360000,22.850000
2014-10-17,20.900000,21.690000,20.200000,21.250000
2014-10-20,21.460000,21.510000,19.410000,19.670000
2014-10-21,19.030000,19.060000,17.870000,17.870000
2014-10-22,17.800000,19.510000,17.650000,19.060000
2014-10-23,17.940000,18.480000,17.670000,18.220000
2014-10-24,18.180000,18.860000,17.830000,17.920000
2014-10-27,18.510000,18.830000,17.850000,17.860000
2014-10-28,17.600000,17.610000,16.440000,16.460000
2014-10-29,16.550000,17.650000,16.100000,16.890000
2014-10-30,17.050000,17.230000,16.350000,16.740000
2014-10-31,16.130000,16.700000,16.050000,16.510000
2014-11-03,16.560000,16.840000,16.250000,16.810000
2014-11-04,16.980000,17.380000,16.740000,16.930000
2014-11-05,16.650000,17.030000,16.480000,16.570000
2014-11-06,16.560000,17.000000,16.050000,16.260000
2014-11-07,16.030000,16.320000,15.570000,15.830000
2014-11-10,15.780000,15.780000,15.040000,15.040000
2014-11-11,15.230000,15.500000,14.790000,15.360000
2014-11-12,15.730000,15.980000,15.320000,15.740000
2014-11-13,15.740000,16.220000,15.420000,15.890000
2014-11-14,15.820000,16.210000,15.690000,15.960000
2014-11-17,16.110000,16.120000,15.740000,15.930000
2014-11-18,15.780000,15.790000,15.290000,15.700000
2014-11-19,15.900000,16.300000,15.870000,15.970000
2014-11-20,16.310000,16.320000,15.840000,16.010000
2014-11-21,15.340000,16.170000,15.340000,15.790000
2014-11-24,15.730000,15.780000,15.370000,15.550000
2014-11-25,15.560000,15.920000,15.300000,15.410000
2014-11-26,15.460000,15.500000,15.170000,15.320000
2014-11-28,15.650000,15.980000,15.490000,15.930000
2014-12-01,16.440000,16.820000,16.400000,16.740000
2014-12-02,16.650000,16.650000,15.750000,15.960000
2014-12-03,15.860000,15.890000,15.460000,15.550000
2014-12-04,15.770000,16.150000,15.330000,15.640000
2014-12-05,15.410000,16.180000,15.120000,15.550000
2014-12-08,15.870000,17.460000,15.640000,16.780000
2014-12-09,17.790000,18.340000,16.710000,16.890000
2014-12-10,17.300000,19.950000,17.220000,19.140000
2014-12-11,18.700000,20.720000,17.810000,20.720000
2014-12-12,20.980000,22.010000,18.990000,21.000000
2014-12-15,20.670000,22.260000,19.400000,21.060000
2014-12-16,22.110000,23.180000,20.480000,23.090000
2014-12-17,23.030000,23.720000,20.300000,20.430000
2014-12-18,19.070000,19.640000,18.310000,18.480000
2014-12-19,18.230000,18.930000,18.230000,18.470000
2014-12-22,17.980000,18.280000,17.480000,17.590000
2014-12-23,17.180000,17.940000,17.160000,17.940000
2014-12-24,17.270000,17.300000,17.000000,17.260000
2014-12-26,17.220000,17.380000,16.980000,17.160000
2014-12-29,17.670000,17.730000,17.250000,17.270000
2014-12-30,17.610000,18.160000,17.430000,18.020000
2014-12-31,17.680000,20.420000,17.660000,19.740000
2015-01-02,18.880000,20.590000,18.530000,19.460000
2015-01-05,20.020000,21.320000,20.020000,20.790000
2015-01-06,20.890000,22.360000,20.460000,21.420000
2015-01-07,20.650000,20.860000,19.830000,20.080000
2015-01-08,19.010000,19.270000,18.340000,18.660000
2015-01-09,18.020000,19.440000,18.020000,19.320000
2015-01-12,19.090000,20.750000,19.080000,20.480000
2015-01-13,19.460000,21.960000,19.080000,21.270000
2015-01-14,22.190000,23.040000,20.930000,20.930000
2015-01-15,21.190000,22.380000,20.930000,22.110000
2015-01-16,21.930000,22.370000,20.960000,21.150000
2015-01-20,20.740000,21.890000,20.510000,20.870000
2015-01-21,21.130000,21.400000,20.040000,20.040000
2015-01-22,19.260000,20.090000,18.450000,18.600000
2015-01-23,18.560000,19.000000,18.030000,19.000000
2015-01-26,18.890000,19.020000,18.030000,18.030000
2015-01-27,19.450000,19.890000,18.770000,19.110000
2015-01-28,18.660000,21.440000,18.040000,21.440000
2015-01-29,21.150000,21.840000,19.970000,20.000000
2015-01-30,20.920000,22.550000,20.170000,21.820000
2015-02-02,21.480000,22.990000,20.890000,20.910000
2015-02-03,20.420000,20.420000,19.200000,19.490000
2015-02-04,19.910000,20.470000,19.080000,20.430000
2015-02-05,19.710000,19.790000,19.120000,19.270000
2015-02-06,19.000000,20.700000,18.670000,19.880000
2015-02-09,20.830000,20.980000,20.420000,20.670000
2015-02-10,20.130000,20.480000,19.650000,19.730000
2015-02-11,19.860000,20.230000,19.510000,19.710000
2015-02-12,19.360000,19.360000,18.280000,18.340000
2015-02-13,18.430000,18.600000,17.960000,18.130000
2015-02-17,18.480000,18.660000,18.120000,18.380000
2015-02-18,18.880000,18.880000,18.280000,18.660000
2015-02-19,18.610000,18.660000,17.880000,18.010000
2015-02-20,18.330000,18.530000,17.290000,17.290000
2015-02-23,17.670000,17.800000,17.340000,17.540000
2015-02-24,17.270000,17.470000,16.540000,16.710000
2015-02-25,16.750000,17.030000,16.210000,16.870000
2015-02-26,16.850000,17.210000,16.600000,16.850000
2015-02-27,16.970000,17.080000,16.720000,16.890000
2015-03-02,16.990000,17.020000,16.140000,16.460000
2015-03-03,16.580000,17.400000,16.470000,16.780000
2015-03-04,17.050000,17.580000,16.850000,16.910000
2015-03-05,16.810000,17.060000,16.390000,16.640000
2015-03-06,17.060000,17.770000,16.830000,17.510000
2015-03-09,17.560000,17.570000,17.140000,17.310000
2015-03-10,18.190000,18.510000,17.980000,18.260000
2015-03-11,18.140000,18.740000,18.030000,18.530000
2015-03-12,18.340000,18.340000,17.300000,17.390000
2015-03-13,17.690000,18.490000,17.450000,17.890000
2015-03-16,17.770000,17.810000,16.650000,17.400000
2015-03-17,17.980000,18.070000,17.390000,17.480000
2015-03-18,17.810000,18.120000,16.080000,16.430000
2015-03-19,17.090000,17.350000,16.730000,16.970000
2015-03-20,16.610000,16.710000,15.850000,16.710000
2015-03-23,16.800000,16.800000,16.120000,16.530000
2015-03-24,16.580000,16.590000,15.990000,16.590000
2015-03-25,16.480000,17.570000,16.350000,17.570000
2015-03-26,18.410000,18.570000,17.290000,17.570000
2015-03-27,17.650000,17.650000,17.190000,17.390000
2015-03-30,17.060000,17.060000,16.520000,16.920000
2015-03-31,17.270000,17.620000,16.790000,17.540000
2015-04-01,17.570000,18.270000,17.310000,17.340000
2015-04-02,17.540000,17.660000,16.840000,17.220000
2015-04-06,17.770000,17.800000,16.550000,16.820000
2015-04-07,16.820000,16.820000,16.420000,16.800000
2015-04-08,16.750000,16.860000,16.340000,16.400000
2015-04-09,16.530000,16.740000,15.770000,16.020000
2015-04-10,15.830000,15.920000,15.230000,15.460000
2015-04-13,15.560000,16.340000,15.300000,16.320000
2015-04-14,16.400000,16.660000,15.840000,15.850000
2015-04-15,15.900000,15.900000,15.400000,15.690000
2015-04-16,15.680000,15.790000,15.140000,15.330000
2015-04-17,16.120000,16.810000,16.010000,16.140000
2015-04-20,15.910000,15.910000,15.410000,15.580000
2015-04-21,15.260000,15.690000,15.190000,15.520000
2015-04-22,15.430000,15.890000,15.140000,15.460000
2015-04-23,15.490000,15.490000,14.950000,15.170000
2015-04-24,15.060000,15.310000,15.010000,15.260000
2015-04-27,15.180000,15.970000,15.170000,15.930000
2015-04-28,15.870000,16.520000,15.310000,15.310000
2015-04-29,15.870000,16.240000,15.380000,15.970000
2015-04-30,16.180000,17.010000,15.530000,16.480000
2015-05-01,16.180000,16.180000,15.340000,15.380000
2015-05-04,15.580000,15.580000,15.150000,15.430000
2015-05-05,15.740000,16.480000,15.480000,16.320000
2015-05-06,16.100000,17.540000,16.000000,16.720000
2015-05-07,17.050000,17.260000,16.620000,16.740000
2015-05-08,15.730000,15.770000,15.480000,15.560000
2015-05-11,15.800000,16.100000,15.590000,16.100000
2015-05-12,16.640000,17.090000,16.100000,16.400000
2015-05-13,16.090000,16.550000,15.650000,16.290000
2015-05-14,15.610000,16.060000,15.610000,15.910000
2015-05-15,15.190000,16.000000,15.100000,15.570000
2015-05-18,15.490000,15.730000,15.160000,15.230000
2015-05-19,15.100000,15.420000,15.010000,15.280000
2015-05-20,15.030000,15.480000,14.940000,15.150000
2015-05-21,15.080000,15.340000,14.320000,14.610000
2015-05-22,14.580000,14.580000,14.260000,14.480000
2015-05-26,15.170000,15.780000,15.040000,15.480000
2015-05-27,15.570000,15.620000,14.840000,14.990000
2015-05-28,15.230000,15.380000,14.990000,15.010000
2015-05-29,15.290000,15.700000,15.130000,15.380000
2015-06-01,15.480000,15.860000,15.190000,15.410000
2015-06-02,15.920000,16.000000,15.310000,15.710000
2015-06-03,15.560000,15.720000,15.240000,15.360000
2015-06-04,16.010000,16.510000,15.650000,16.280000
2015-06-05,16.450000,16.660000,15.930000,15.960000
2015-06-08,16.450000,16.650000,16.220000,16.600000
2015-06-09,16.820000,16.900000,16.240000,16.250000
2015-06-10,16.190000,16.190000,15.260000,15.330000
2015-06-11,15.370000,15.380000,14.990000,15.100000
2015-06-12,15.510000,15.850000,15.460000,15.610000
2015-06-15,16.660000,16.680000,16.170000,16.620000
2015-06-16,16.850000,16.850000,16.200000,16.200000
2015-06-17,16.120000,16.650000,15.630000,16.220000
2015-06-18,15.880000,15.880000,14.920000,15.440000
2015-06-19,15.550000,15.920000,15.400000,15.910000
2015-06-22,15.450000,15.460000,14.910000,14.990000
2015-06-23,14.890000,14.890000,14.540000,14.540000
2015-06-24,14.850000,15.200000,14.490000,15.180000
2015-06-25,14.960000,15.540000,14.900000,15.520000
2015-06-26,15.460000,15.950000,15.230000,15.460000
2015-06-29,16.920000,18.940000,16.430000,18.720000
2015-06-30,17.830000,19.270000,17.700000,18.470000
2015-07-01,17.300000,17.650000,16.780000,16.790000
2015-07-02,16.580000,18.070000,16.460000,17.680000
2015-07-06,18.780000,18.840000,17.530000,18.040000
2015-07-07,18.100000,19.200000,16.910000,17.020000
2015-07-08,18.080000,19.440000,17.790000,19.250000
2015-07-09,18.050000,19.780000,17.850000,19.780000
2015-07-10,18.340000,18.710000,17.640000,17.730000
2015-07-13,16.730000,16.730000,15.700000,15.940000
2015-07-14,15.770000,15.770000,15.130000,15.460000
2015-07-15,15.600000,16.100000,15.220000,15.600000
2015-07-16,14.960000,14.970000,14.560000,14.730000
2015-07-17,14.540000,14.770000,14.480000,14.610000
2015-07-20,14.710000,14.920000,14.330000,14.850000
2015-07-21,14.700000,15.100000,14.580000,14.750000
2015-07-22,14.960000,15.020000,14.510000,14.810000
2015-07-23,14.600000,15.330000,14.480000,14.930000
2015-07-24,15.070000,16.150000,14.950000,15.650000
2015-07-27,16.650000,17.120000,16.310000,16.780000
2015-07-28,16.180000,16.730000,15.270000,15.430000
2015-07-29,15.400000,15.410000,14.580000,14.920000
2015-07-30,15.110000,15.410000,14.710000,14.710000
2015-07-31,14.730000,15.260000,14.590000,14.900000
2015-08-03,15.130000,15.510000,14.670000,14.840000
2015-08-04,14.860000,15.160000,14.690000,15.130000
2015-08-05,14.660000,14.930000,14.360000,14.880000
2015-08-06,14.850000,15.900000,14.760000,15.550000
2015-08-07,15.550000,15.990000,15.360000,15.420000
2015-08-10,15.080000,15.080000,14.700000,14.990000
2015-08-11,15.640000,16.250000,15.170000,15.940000
2015-08-12,16.880000,17.460000,15.770000,15.870000
2015-08-13,15.870000,16.140000,15.380000,15.750000
2015-08-14,15.780000,16.120000,15.510000,15.510000
2015-08-17,16.040000,16.290000,15.140000,15.210000
2015-08-18,15.390000,15.670000,15.250000,15.610000
2015-08-19,16.160000,16.780000,15.390000,16.500000
2015-08-20,17.270000,20.050000,16.670000,18.830000
2015-08-21,20.210000,24.960000,19.270000,23.470000
2015-08-24,23.470000,39.980000,23.470000,31.140000
2015-08-25,25.630000,30.450000,24.790000,29.580000
2015-08-26,26.750000,29.640000,24.770000,25.650000
2015-08-27,24.210000,26.990000,22.580000,24.860000
2015-08-28,25.070000,27.030000,24.200000,25.340000
2015-08-31,25.640000,26.900000,25.390000,26.530000
2015-09-01,29.210000,31.740000,27.500000,29.530000
2015-09-02,27.880000,29.900000,26.080000,26.190000
2015-09-03,25.190000,26.730000,24.300000,26.200000
2015-09-04,27.340000,29.520000,26.140000,28.070000
2015-09-08,26.010000,26.900000,25.470000,25.690000
2015-09-09,23.890000,27.390000,23.880000,26.310000
2015-09-10,26.910000,27.750000,25.010000,25.650000
2015-09-11,25.510000,26.500000,23.610000,24.680000
2015-09-14,24.860000,25.470000,23.700000,23.700000
2015-09-15,24.000000,24.720000,23.040000,23.120000
2015-09-16,22.600000,23.010000,20.730000,22.330000
2015-09-17,21.960000,22.460000,18.720000,21.140000
2015-09-18,22.850000,24.040000,21.540000,23.200000
2015-09-21,22.590000,23.230000,20.730000,21.590000
2015-09-22,23.110000,24.200000,22.040000,23.280000
2015-09-23,23.550000,23.770000,21.480000,22.880000
2015-09-24,24.470000,25.010000,22.160000,23.460000
2015-09-25,22.070000,25.100000,21.530000,24.400000
2015-09-28,24.660000,26.860000,23.770000,26.380000
2015-09-29,25.560000,27.190000,24.250000,26.000000
2015-09-30,24.310000,25.270000,22.780000,24.750000
2015-10-01,23.370000,25.280000,23.280000,23.830000
2015-10-02,24.080000,25.860000,22.380000,22.600000
2015-10-05,21.420000,21.950000,20.610000,21.330000
2015-10-06,20.700000,22.050000,20.040000,21.590000
2015-10-07,20.410000,21.880000,20.140000,20.710000
2015-10-08,20.120000,21.480000,18.840000,20.090000
2015-10-09,18.960000,20.400000,18.230000,19.850000
2015-10-12,19.350000,20.850000,18.280000,19.260000
2015-10-13,18.870000,20.610000,18.370000,20.500000
2015-10-14,19.540000,21.870000,19.070000,20.810000
2015-10-15,19.420000,21.220000,19.160000,19.430000
2015-10-16,18.040000,20.260000,17.300000,18.670000
2015-10-19,18.170000,18.890000,17.780000,17.860000
2015-10-20,17.470000,18.650000,17.280000,18.600000
2015-10-21,17.330000,19.560000,17.100000,19.460000
2015-10-22,17.730000,18.360000,17.160000,17.160000
2015-10-23,16.470000,17.870000,16.240000,17.480000
2015-10-26,17.350000,18.010000,17.210000,17.990000
2015-10-27,18.030000,18.750000,17.820000,18.140000
2015-10-28,17.600000,19.140000,17.110000,17.490000
2015-10-29,17.420000,18.310000,16.540000,17.810000
2015-10-30,17.300000,18.490000,17.020000,18.400000
2015-11-02,17.700000,18.330000,16.160000,17.420000
2015-11-03,16.900000,17.570000,16.580000,17.470000
2015-11-04,16.700000,18.420000,16.000000,18.310000
2015-11-05,17.670000,18.690000,17.520000,17.810000
2015-11-06,17.400000,18.610000,17.000000,17.450000
2015-11-09,17.510000,19.220000,17.260000,18.850000
2015-11-10,18.290000,18.850000,17.040000,18.020000
2015-11-11,17.510000,18.510000,17.390000,18.450000
2015-11-12,18.690000,20.280000,17.950000,20.170000
2015-11-13,19.810000,22.150000,19.590000,21.580000
2015-11-16,21.110000,21.650000,18.500000,19.980000
2015-11-17,19.090000,20.950000,19.050000,20.430000
2015-11-18,19.510000,20.410000,18.680000,19.220000
2015-11-19,18.390000,19.790000,18.280000,19.640000
2015-11-20,18.380000,19.800000,18.220000,18.940000
2015-11-23,18.550000,19.320000,18.430000,18.630000
2015-11-24,18.730000,19.640000,17.560000,18.710000
2015-11-25,18.130000,18.720000,17.290000,18.190000
2015-11-27,18.060000,18.630000,17.350000,17.350000
2015-11-30,18.320000,18.840000,18.080000,18.490000
2015-12-01,18.200000,18.480000,17.560000,17.580000
2015-12-02,17.800000,18.680000,17.580000,18.330000
2015-12-03,18.450000,20.840000,18.440000,20.110000
2015-12-04,19.470000,19.560000,17.870000,18.170000
2015-12-07,18.220000,19.440000,18.020000,18.650000
2015-12-08,19.740000,20.630000,18.860000,20.060000
2015-12-09,19.830000,21.530000,18.560000,21.050000
2015-12-10,20.270000,20.950000,19.400000,20.760000
2015-12-11,21.980000,24.810000,20.720000,24.380000
2015-12-14,24.240000,25.730000,21.470000,23.300000
2015-12-15,21.600000,22.340000,20.850000,21.860000
2015-12-16,20.790000,21.100000,19.050000,19.570000
2015-12-17,18.730000,20.370000,18.670000,20.370000
2015-12-18,20.080000,22.770000,19.710000,21.260000
2015-12-21,21.830000,22.550000,20.210000,21.110000
2015-12-22,20.590000,21.000000,19.230000,19.840000
2015-12-23,18.920000,19.670000,18.000000,19.330000
2015-12-24,19.190000,19.740000,18.200000,19.690000
2015-12-28,20.170000,20.610000,19.670000,19.680000
2015-12-29,18.990000,19.290000,18.230000,19.100000
2015-12-30,19.070000,19.630000,19.070000,19.590000
2015-12-31,19.950000,20.390000,19.150000,19.800000
2016-01-04,22.430000,23.250000,20.900000,22.010000
2016-01-05,21.140000,21.610000,20.370000,20.520000
2016-01-06,22.100000,22.210000,21.040000,21.270000
2016-01-07,23.050000,25.560000,22.350000,24.620000
2016-01-08,22.800000,26.350000,22.370000,26.230000
2016-01-11,24.400000,26.810000,24.050000,24.730000
2016-01-12,23.000000,26.420000,22.270000,22.530000
2016-01-13,22.040000,25.240000,21.900000,24.890000
2016-01-14,24.450000,25.690000,22.880000,23.530000
2016-01-15,27.560000,29.650000,26.440000,26.880000
2016-01-19,25.700000,27.720000,25.650000,26.440000
2016-01-20,28.520000,32.280000,27.130000,27.810000
2016-01-21,27.320000,29.070000,25.670000,26.710000
2016-01-22,25.160000,27.680000,24.260000,24.280000
2016-01-25,24.400000,27.070000,23.960000,25.250000
2016-01-26,24.330000,24.700000,23.200000,23.290000
2016-01-27,24.000000,25.320000,22.280000,24.470000
2016-01-28,23.180000,25.290000,23.180000,24.020000
2016-01-29,23.430000,23.990000,22.090000,22.660000
2016-02-01,22.610000,23.140000,21.500000,22.010000
2016-02-02,22.860000,23.730000,22.480000,23.410000
2016-02-03,22.950000,24.980000,22.470000,23.200000
2016-02-04,23.570000,24.270000,22.580000,23.660000
2016-02-05,23.340000,25.090000,23.230000,24.480000
2016-02-08,26.100000,27.710000,25.440000,25.980000
2016-02-09,27.480000,28.200000,25.390000,26.800000
2016-02-10,26.350000,26.830000,24.980000,26.720000
2016-02-11,28.250000,29.370000,26.740000,27.720000
2016-02-12,27.620000,27.620000,25.710000,26.230000
2016-02-16,25.450000,25.790000,24.290000,25.010000
2016-02-17,25.160000,25.200000,23.080000,23.550000
2016-02-18,24.020000,24.080000,22.780000,23.200000
2016-02-19,23.620000,23.980000,22.240000,22.800000
2016-02-22,22.070000,22.210000,21.410000,21.620000
2016-02-23,21.820000,22.750000,21.470000,22.440000
2016-02-24,23.620000,24.070000,22.070000,22.340000
2016-02-25,22.190000,22.690000,20.630000,21.240000
2016-02-26,20.990000,22.000000,20.660000,21.860000
2016-02-29,22.080000,22.510000,21.380000,22.390000
2016-03-01,21.800000,22.080000,20.280000,20.280000
2016-03-02,20.580000,20.840000,19.810000,19.920000
2016-03-03,20.090000,20.360000,19.340000,19.490000
2016-03-04,19.250000,19.870000,18.840000,19.630000
2016-03-07,20.270000,20.400000,19.340000,19.900000
2016-03-08,20.600000,21.120000,19.690000,21.040000
2016-03-09,20.870000,21.420000,20.470000,20.750000
2016-03-10,20.630000,21.750000,19.530000,20.710000
2016-03-11,19.880000,20.050000,18.640000,19.470000
2016-03-14,19.790000,20.030000,18.770000,19.420000
2016-03-15,19.880000,20.020000,19.220000,19.330000
2016-03-16,19.350000,19.390000,17.780000,18.480000
2016-03-17,18.600000,18.750000,17.290000,18.140000
2016-03-18,17.680000,18.060000,17.180000,17.930000
2016-03-21,18.040000,18.240000,17.140000,17.590000
2016-03-22,18.000000,18.190000,17.540000,17.750000
2016-03-23,17.980000,18.340000,17.810000,18.300000
2016-03-24,19.140000,19.200000,18.250000,18.270000
2016-03-28,18.510000,18.920000,18.030000,18.300000
2016-03-29,18.530000,18.680000,17.240000,17.240000
2016-03-30,17.030000,17.340000,16.520000,16.920000
2016-03-31,17.030000,17.380000,16.800000,17.080000
2016-04-01,17.790000,18.440000,16.400000,16.500000
2016-04-04,16.850000,17.350000,16.670000,17.230000
2016-04-05,18.050000,18.520000,17.810000,18.380000
2016-04-06,18.400000,18.610000,17.260000,17.280000
2016-04-07,18.000000,19.320000,17.740000,18.860000
2016-04-08,18.310000,18.780000,17.950000,18.320000
2016-04-11,18.280000,18.900000,18.000000,18.890000
2016-04-12,18.840000,19.130000,17.950000,17.970000
2016-04-13,17.680000,17.720000,17.130000,17.260000
2016-04-14,17.330000,17.720000,17.010000,17.240000
2016-04-15,17.310000,17.710000,17.160000,17.160000
2016-04-18,17.740000,17.740000,16.450000,16.510000
2016-04-19,16.440000,16.820000,16.210000,16.470000
2016-04-20,16.100000,16.660000,15.520000,16.600000
2016-04-21,16.800000,17.200000,16.610000,17.140000
2016-04-22,17.230000,17.430000,16.610000,16.640000
2016-04-25,17.410000,17.630000,17.160000,17.220000
2016-04-26,17.150000,17.280000,16.760000,16.920000
2016-04-27,17.340000,17.710000,16.660000,16.770000
2016-04-28,17.360000,17.980000,16.540000,17.780000
2016-04-29,18.140000,19.290000,17.840000,18.450000
2016-05-02,18.480000,18.560000,17.630000,17.780000
2016-05-03,18.510000,18.960000,17.960000,18.570000
2016-05-04,19.170000,19.390000,18.440000,18.910000
2016-05-05,18.660000,19.300000,18.400000,18.920000
2016-05-06,19.160000,19.160000,17.880000,18.270000
2016-05-09,18.510000,18.510000,17.720000,18.050000
2016-05-10,17.670000,17.690000,17.180000,17.180000
2016-05-11,17.350000,18.030000,17.120000,18.020000
2016-05-12,17.630000,18.450000,17.480000,17.750000
2016-05-13,17.880000,18.490000,17.440000,18.250000
2016-05-16,18.480000,18.490000,17.470000,17.700000
2016-05-17,17.920000,18.830000,17.770000,18.430000
2016-05-18,18.520000,18.930000,17.830000,18.540000
2016-05-19,18.980000,19.800000,18.770000,18.770000
2016-05-20,18.460000,18.460000,18.000000,18.050000
2016-05-23,18.330000,18.380000,17.850000,18.150000
2016-05-24,17.750000,17.760000,16.990000,17.080000
2016-05-25,16.850000,16.880000,16.490000,16.770000
2016-05-26,16.730000,16.890000,16.540000,16.560000
2016-05-27,16.580000,16.710000,16.240000,16.310000
2016-05-31,16.520000,17.280000,16.390000,16.630000
2016-06-01,17.170000,17.370000,16.680000,16.700000
2016-06-02,16.860000,17.060000,16.370000,16.370000
2016-06-03,16.560000,17.310000,16.340000,16.490000
2016-06-06,16.590000,16.850000,16.310000,16.440000
2016-06-07,16.340000,16.630000,16.200000,16.630000
2016-06-08,16.510000,16.900000,16.390000,16.790000
2016-06-09,17.150000,17.400000,17.120000,17.320000
2016-06-10,18.190000,19.100000,18.150000,18.940000
2016-06-13,19.980000,21.880000,19.600000,21.870000
2016-06-14,22.430000,22.810000,21.350000,21.940000
2016-06-15,21.360000,21.850000,20.080000,21.810000
2016-06-16,22.230000,23.530000,21.100000,21.160000
2016-06-17,21.410000,21.520000,20.690000,21.310000
2016-06-20,19.240000,19.920000,18.740000,19.810000
2016-06-21,19.190000,19.930000,19.130000,19.690000
2016-06-22,19.690000,21.110000,19.070000,21.080000
2016-06-23,19.110000,19.330000,17.860000,18.420000
2016-06-24,22.790000,23.930000,20.090000,23.930000
2016-06-27,23.800000,24.890000,23.100000,23.680000
2016-06-28,21.890000,21.920000,20.020000,20.260000
2016-06-29,19.210000,19.550000,18.720000,18.730000
2016-06-30,18.590000,18.920000,18.000000,18.090000
2016-07-01,17.820000,17.960000,17.270000,17.650000
2016-07-05,18.340000,18.980000,18.230000,18.240000
2016-07-06,18.840000,19.120000,17.740000,17.740000
2016-07-07,17.610000,18.480000,17.290000,17.760000
2016-07-08,17.070000,17.190000,16.460000,16.490000
2016-07-11,16.360000,16.520000,16.100000,16.490000
2016-07-12,16.090000,16.420000,16.060000,16.170000
2016-07-13,16.100000,16.350000,15.820000,15.970000
2016-07-14,15.800000,15.980000,15.710000,15.860000
2016-07-15,15.790000,16.460000,15.710000,15.990000
2016-07-18,16.170000,16.190000,15.640000,15.770000
2016-07-19,15.920000,16.030000,15.720000,15.740000
2016-07-20,15.420000,15.650000,15.270000,15.440000
2016-07-21,15.610000,16.340000,15.560000,16.100000
2016-07-22,16.110000,16.240000,15.630000,15.800000
2016-07-25,16.160000,16.790000,16.160000,16.270000
2016-07-26,16.330000,16.660000,16.100000,16.320000
2016-07-27,16.150000,16.970000,15.900000,16.100000
2016-07-28,16.330000,16.530000,15.900000,16.000000
2016-07-29,15.980000,16.100000,15.400000,15.420000
2016-08-01,15.670000,15.990000,15.470000,15.700000
2016-08-02,16.020000,16.930000,15.900000,16.390000
2016-08-03,16.450000,16.610000,16.010000,16.080000
2016-08-04,16.010000,16.110000,15.690000,15.710000
2016-08-05,15.310000,15.340000,15.060000,15.140000
2016-08-08,15.280000,15.280000,15.070000,15.160000
2016-08-09,15.030000,15.230000,14.740000,15.110000
2016-08-10,15.090000,15.660000,15.070000,15.410000
2016-08-11,15.310000,15.380000,15.070000,15.300000
2016-08-12,15.470000,15.490000,15.050000,15.260000
2016-08-15,15.350000,15.380000,15.200000,15.380000
2016-08-16,15.650000,16.130000,15.650000,16.020000
2016-08-17,15.970000,16.470000,15.510000,15.520000
2016-08-18,15.550000,15.630000,15.160000,15.160000
2016-08-19,15.440000,15.620000,15.120000,15.130000
2016-08-22,15.770000,15.900000,15.480000,15.500000
2016-08-23,15.220000,15.430000,15.160000,15.420000
2016-08-24,15.560000,16.250000,15.500000,16.000000
2016-08-25,16.270000,16.350000,15.870000,16.130000
2016-08-26,16.030000,16.890000,15.490000,16.240000
2016-08-29,16.360000,16.410000,15.910000,15.930000
2016-08-30,15.820000,16.260000,15.820000,16.030000
2016-08-31,16.100000,16.710000,16.090000,16.140000
2016-09-01,16.180000,16.840000,16.090000,16.310000
2016-09-02,15.650000,15.940000,15.570000,15.650000
2016-09-06,15.770000,16.120000,15.530000,15.560000
2016-09-07,15.690000,15.800000,15.480000,15.490000
2016-09-08,15.750000,15.880000,15.620000,15.810000
2016-09-09,16.600000,18.880000,16.530000,18.830000
2016-09-12,19.120000,19.180000,16.940000,17.270000
2016-09-13,18.110000,19.620000,17.780000,19.050000
2016-09-14,19.040000,19.350000,18.070000,19.350000
2016-09-15,19.050000,19.300000,17.840000,18.190000
2016-09-16,18.570000,18.930000,17.860000,17.880000
2016-09-19,17.510000,18.100000,17.210000,17.780000
2016-09-20,17.380000,18.140000,17.370000,17.990000
2016-09-21,17.390000,17.960000,16.470000,16.660000
2016-09-22,15.980000,16.160000,15.720000,15.940000
2016-09-23,16.030000,16.180000,15.770000,16.050000
2016-09-26,16.970000,17.380000,16.820000,17.280000
2016-09-27,17.460000,17.490000,16.360000,16.450000
2016-09-28,16.350000,16.730000,15.930000,16.010000
2016-09-29,16.110000,17.820000,15.840000,16.870000
2016-09-30,16.360000,16.800000,15.970000,16.370000
2016-10-03,16.760000,16.970000,16.340000,16.400000
2016-10-04,16.190000,16.980000,16.010000,16.470000
2016-10-05,16.170000,16.250000,15.720000,16.220000
2016-10-06,16.290000,16.510000,16.050000,16.070000
2016-10-07,16.000000,16.770000,15.990000,16.440000
2016-10-10,16.140000,16.150000,15.930000,15.950000
2016-10-11,16.200000,17.510000,16.200000,16.940000
2016-10-12,17.020000,17.300000,16.280000,17.020000
2016-10-13,17.890000,18.470000,17.330000,17.590000
2016-10-14,16.980000,17.540000,16.790000,17.420000
2016-10-17,17.470000,17.720000,17.410000,17.470000
2016-10-18,16.910000,17.200000,16.810000,16.920000
2016-10-19,16.410000,16.680000,15.910000,16.460000
2016-10-20,16.570000,16.800000,16.230000,16.230000
2016-10-21,16.540000,16.600000,16.030000,16.040000
2016-10-24,15.650000,15.820000,15.600000,15.610000
2016-10-25,15.730000,16.020000,15.610000,15.810000
2016-10-26,16.350000,16.450000,15.900000,16.250000
2016-10-27,15.930000,16.930000,15.930000,16.930000
2016-10-28,16.830000,17.920000,16.520000,17.370000
2016-10-31,17.480000,18.120000,17.480000,17.850000
2016-11-01,17.910000,19.740000,17.910000,18.740000
2016-11-02,18.910000,19.440000,18.800000,19.180000
2016-11-03,19.160000,20.960000,19.050000,20.700000
2016-11-04,20.660000,21.300000,20.160000,21.130000
2016-11-07,19.250000,19.250000,18.120000,18.150000
2016-11-08,18.510000,18.680000,17.630000,18.100000
2016-11-09,17.690000,17.710000,16.280000,16.280000
2016-11-10,15.910000,17.530000,15.620000,16.750000
2016-11-11,17.190000,17.530000,16.330000,16.490000
2016-11-14,16.780000,17.400000,16.610000,16.700000
2016-11-15,16.520000,16.560000,15.730000,15.750000
2016-11-16,16.400000,16.570000,15.910000,16.070000
2016-11-17,15.920000,15.960000,15.610000,15.640000
2016-11-18,15.680000,15.800000,15.400000,15.520000
2016-11-21,15.630000,15.680000,15.150000,15.320000
2016-11-22,15.170000,15.590000,15.170000,15.350000
2016-11-23,15.490000,15.840000,15.400000,15.430000
2016-11-25,15.530000,15.650000,15.490000,15.510000
2016-11-28,16.060000,16.200000,15.840000,16.020000
2016-11-29,16.030000,16.230000,15.800000,15.900000
2016-11-30,15.660000,16.110000,15.400000,16.100000
2016-12-01,16.000000,16.990000,15.990000,16.670000
2016-12-02,16.770000,16.870000,16.270000,16.780000
2016-12-05,16.280000,16.380000,15.770000,15.770000
2016-12-06,15.570000,15.780000,15.380000,15.480000
2016-12-07,15.500000,15.540000,15.030000,15.480000
2016-12-08,15.440000,16.070000,15.370000,15.720000
2016-12-09,15.780000,15.790000,15.150000,15.220000
2016-12-12,15.490000,15.860000,15.490000,15.730000
2016-12-13,15.610000,16.090000,15.610000,15.700000
2016-12-14,15.910000,16.060000,15.150000,15.870000
2016-12-15,15.750000,15.970000,15.460000,15.750000
2016-12-16,15.690000,15.830000,15.500000,15.570000
2016-12-19,15.630000,15.650000,15.280000,15.310000
2016-12-20,15.250000,15.310000,15.110000,15.140000
2016-12-21,14.970000,15.190000,14.930000,15.090000
2016-12-22,15.150000,15.390000,15.060000,15.290000
2016-12-23,15.460000,15.510000,15.230000,15.250000
2016-12-27,15.510000,15.510000,15.260000,15.360000
2016-12-28,15.350000,15.980000,15.340000,15.930000
2016-12-29,15.990000,16.350000,15.890000,16.160000
2016-12-30,16.130000,16.880000,16.090000,16.540000
2017-01-03,16.260000,16.290000,15.560000,15.560000
2017-01-04,15.350000,15.390000,14.710000,14.840000
2017-01-05,15.000000,15.060000,14.510000,14.700000
2017-01-06,14.610000,14.780000,14.280000,14.560000
2017-01-09,14.930000,15.000000,14.570000,14.630000
2017-01-10,14.660000,14.860000,14.560000,14.660000
2017-01-11,14.810000,15.120000,14.430000,14.470000
2017-01-12,14.760000,15.390000,14.500000,14.580000
2017-01-13,14.510000,14.740000,14.320000,14.540000
2017-01-17,15.140000,15.220000,14.890000,14.890000
2017-01-18,15.010000,15.250000,14.800000,14.940000
2017-01-19,14.840000,15.400000,14.810000,15.020000
2017-01-20,14.860000,14.960000,14.480000,14.490000
2017-01-23,14.710000,15.090000,14.480000,14.540000
2017-01-24,14.470000,14.490000,13.860000,13.870000
2017-01-25,13.870000,13.870000,13.480000,13.610000
2017-01-26,13.660000,13.800000,13.530000,13.630000
2017-01-27,13.690000,13.820000,13.500000,13.680000
2017-01-30,14.300000,15.130000,14.300000,14.410000
2017-01-31,14.710000,15.000000,14.440000,14.480000
2017-02-01,14.210000,14.520000,14.020000,14.290000
2017-02-02,14.550000,14.650000,14.330000,14.590000
2017-02-03,14.150000,14.300000,13.910000,14.050000
2017-02-06,14.440000,14.440000,14.080000,14.240000
2017-02-07,14.220000,14.400000,14.150000,14.350000
2017-02-08,14.560000,14.720000,14.450000,14.560000
2017-02-09,14.410000,14.450000,14.130000,14.170000
2017-02-10,14.090000,14.090000,13.870000,13.910000
2017-02-13,13.980000,14.110000,13.670000,13.680000
2017-02-14,13.820000,13.840000,13.170000,13.190000
2017-02-15,13.610000,13.610000,13.110000,13.410000
2017-02-16,13.590000,14.370000,13.540000,13.630000
2017-02-17,13.910000,14.020000,13.590000,13.720000
2017-02-21,13.880000,14.070000,13.770000,14.040000
2017-02-22,14.220000,14.600000,14.070000,14.390000
2017-02-23,14.370000,15.060000,14.360000,14.740000
2017-02-24,15.210000,15.370000,14.690000,14.760000
2017-02-27,14.930000,15.010000,14.560000,14.910000
2017-02-28,15.040000,15.350000,14.860000,15.280000
2017-03-01,14.610000,14.860000,14.380000,14.860000
2017-03-02,14.960000,14.970000,14.510000,14.770000
2017-03-03,14.740000,14.740000,14.200000,14.260000
2017-03-06,14.550000,14.640000,14.140000,14.340000
2017-03-07,14.390000,14.570000,13.940000,14.410000
2017-03-08,14.330000,14.540000,14.180000,14.540000
2017-03-09,14.590000,15.000000,14.390000,14.780000
2017-03-10,14.540000,14.690000,14.330000,14.380000
2017-03-13,14.590000,14.590000,14.340000,14.360000
2017-03-14,14.600000,14.830000,14.490000,14.630000
2017-03-15,14.540000,14.570000,13.320000,14.200000
2017-03-16,14.050000,14.120000,13.740000,13.780000
2017-03-17,13.770000,13.930000,13.440000,13.920000
2017-03-20,14.020000,14.030000,13.770000,13.900000
2017-03-21,13.620000,14.760000,13.620000,14.620000
2017-03-22,14.810000,14.930000,14.410000,14.680000
2017-03-23,14.740000,14.960000,14.220000,14.910000
2017-03-24,14.680000,15.370000,14.340000,14.550000
2017-03-27,15.580000,15.620000,14.200000,14.230000
2017-03-28,14.210000,14.310000,13.560000,13.680000
2017-03-29,13.610000,13.620000,12.640000,13.430000
2017-03-30,13.480000,13.540000,13.310000,13.370000
2017-03-31,13.480000,13.680000,13.370000,13.600000
2017-04-03,13.760000,14.270000,13.570000,13.670000
2017-04-04,13.880000,13.880000,13.330000,13.370000
2017-04-05,13.200000,14.150000,12.980000,14.120000
2017-04-06,13.860000,13.910000,13.380000,13.660000
2017-04-07,13.870000,14.190000,13.610000,14.060000
2017-04-10,14.280000,14.590000,14.040000,14.580000
2017-04-11,14.910000,15.560000,14.800000,15.160000
2017-04-12,15.460000,15.600000,15.100000,15.280000
2017-04-13,15.590000,15.800000,14.960000,15.750000
2017-04-17,15.600000,15.600000,14.850000,14.860000
2017-04-18,15.190000,15.470000,14.710000,14.760000
2017-04-19,14.590000,15.210000,14.180000,15.080000
2017-04-20,14.890000,15.020000,14.410000,14.530000
2017-04-21,14.580000,15.200000,14.520000,14.750000
2017-04-24,13.260000,13.490000,12.890000,12.900000
2017-04-25,12.640000,12.900000,12.620000,12.850000
2017-04-26,12.830000,13.020000,12.760000,12.980000
2017-04-27,12.870000,13.120000,12.780000,12.800000
2017-04-28,12.790000,13.130000,12.780000,12.930000
2017-05-01,12.910000,12.980000,12.500000,12.630000
2017-05-02,12.630000,12.890000,12.620000,12.830000
2017-05-03,13.040000,13.270000,12.970000,13.090000
2017-05-04,13.000000,13.330000,12.730000,12.830000
2017-05-05,12.730000,13.000000,12.690000,12.850000
2017-05-08,12.760000,12.760000,12.580000,12.590000
2017-05-09,12.550000,12.810000,12.480000,12.710000
2017-05-10,12.800000,12.910000,12.690000,12.910000
2017-05-11,13.060000,13.460000,12.930000,13.010000
2017-05-12,13.020000,13.150000,12.940000,12.970000
2017-05-15,12.980000,12.980000,12.710000,12.780000
2017-05-16,12.680000,12.790000,12.540000,12.650000
2017-05-17,13.630000,15.620000,13.420000,15.600000
2017-05-18,15.610000,15.620000,14.730000,14.970000
2017-05-19,14.310000,14.310000,13.420000,13.490000
2017-05-22,13.380000,13.390000,12.920000,12.960000
2017-05-23,12.840000,13.070000,12.820000,12.900000
2017-05-24,12.850000,13.070000,12.510000,12.590000
2017-05-25,12.570000,12.620000,12.360000,12.510000
2017-05-26,12.600000,12.620000,12.350000,12.440000
2017-05-30,12.900000,12.980000,12.670000,12.740000
2017-05-31,12.710000,13.140000,12.610000,12.630000
2017-06-01,12.580000,12.710000,12.360000,12.420000
2017-06-02,12.450000,12.620000,12.340000,12.460000
2017-06-05,12.630000,12.850000,12.470000,12.850000
2017-06-06,13.050000,13.230000,12.890000,13.080000
2017-06-07,13.060000,13.360000,12.950000,13.090000
2017-06-08,13.000000,13.100000,12.670000,12.760000
2017-06-09,12.550000,13.620000,12.410000,12.960000
2017-06-12,13.360000,13.740000,13.270000,13.300000
2017-06-13,12.960000,13.030000,12.630000,12.730000
2017-06-14,12.820000,13.120000,12.680000,12.770000
2017-06-15,13.380000,13.420000,12.850000,12.910000
2017-06-16,12.820000,13.220000,12.610000,12.710000
2017-06-19,12.580000,12.620000,12.200000,12.400000
2017-06-20,12.510000,12.860000,12.510000,12.690000
2017-06-21,12.620000,12.930000,12.510000,12.760000
2017-06-22,12.720000,12.820000,12.490000,12.620000
2017-06-23,12.630000,12.760000,12.320000,12.360000
2017-06-26,12.360000,12.610000,12.180000,12.270000
2017-06-27,12.480000,13.090000,12.200000,12.960000
2017-06-28,12.620000,12.860000,12.250000,12.400000
2017-06-29,12.500000,14.880000,12.480000,13.150000
2017-06-30,12.910000,13.360000,12.740000,13.140000
2017-07-03,12.800000,13.430000,12.680000,13.310000
2017-07-05,13.250000,13.780000,13.080000,13.310000
2017-07-06,13.720000,14.290000,13.590000,14.110000
2017-07-07,13.870000,13.900000,13.470000,13.520000
2017-07-10,13.760000,13.760000,13.170000,13.350000
2017-07-11,13.310000,13.840000,13.110000,13.160000
2017-07-12,12.860000,12.900000,12.660000,12.780000
2017-07-13,12.770000,12.780000,12.500000,12.550000
2017-07-14,12.610000,12.650000,12.130000,12.230000
2017-07-17,12.290000,12.400000,12.230000,12.280000
2017-07-18,12.500000,12.610000,12.250000,12.250000
2017-07-19,12.170000,12.170000,11.940000,12.000000
2017-07-20,12.060000,12.270000,11.960000,12.040000
2017-07-21,12.210000,12.290000,12.010000,12.060000
2017-07-24,12.210000,12.280000,11.940000,12.040000
2017-07-25,11.870000,12.090000,11.790000,12.050000
2017-07-26,11.960000,12.190000,11.940000,12.110000
2017-07-27,11.960000,13.050000,11.890000,12.420000
2017-07-28,12.680000,12.930000,12.530000,12.580000
2017-07-31,12.580000,12.820000,12.470000,12.470000
2017-08-01,12.510000,12.660000,12.340000,12.400000
2017-08-02,12.320000,12.820000,12.280000,12.560000
2017-08-03,12.640000,12.810000,12.460000,12.740000
2017-08-04,12.570000,12.780000,12.450000,12.750000
2017-08-07,12.820000,12.840000,12.610000,12.660000
2017-08-08,12.760000,13.450000,12.440000,13.200000
2017-08-09,13.940000,14.160000,13.430000,13.490000
2017-08-10,14.510000,16.210000,14.380000,16.210000
2017-08-11,15.980000,16.850000,15.670000,16.390000
2017-08-14,14.910000,14.910000,13.830000,13.920000
2017-08-15,13.670000,13.930000,13.570000,13.900000
2017-08-16,13.110000,13.920000,13.110000,13.580000
2017-08-17,14.020000,16.210000,13.730000,16.140000
2017-08-18,16.030000,16.450000,15.020000,15.650000
2017-08-21,15.720000,15.890000,14.980000,14.990000
2017-08-22,14.610000,14.610000,13.630000,13.630000
2017-08-23,14.370000,14.410000,13.930000,14.330000
2017-08-24,13.980000,14.770000,13.900000,14.390000
2017-08-25,14.180000,14.410000,13.830000,13.990000
2017-08-28,13.920000,14.330000,13.910000,13.990000
2017-08-29,15.340000,15.340000,14.090000,14.120000
2017-08-30,14.250000,14.370000,13.920000,14.140000
2017-08-31,13.980000,14.060000,13.710000,13.800000
2017-09-01,13.600000,13.790000,13.510000,13.590000
2017-09-05,14.200000,15.510000,14.130000,14.580000
2017-09-06,14.430000,14.880000,14.320000,14.400000
2017-09-07,14.380000,14.760000,14.320000,14.320000
2017-09-08,14.730000,14.920000,13.940000,14.690000
2017-09-11,14.140000,14.150000,13.790000,13.860000
2017-09-12,13.810000,13.910000,13.550000,13.560000
2017-09-13,13.650000,13.660000,13.150000,13.230000
2017-09-14,13.410000,13.440000,13.100000,13.160000
2017-09-15,13.160000,13.170000,12.870000,12.960000
2017-09-18,13.020000,13.060000,12.660000,12.690000
2017-09-19,12.660000,12.760000,12.590000,12.730000
2017-09-20,12.670000,13.060000,12.600000,12.660000
2017-09-21,12.690000,12.890000,12.530000,12.660000
2017-09-22,12.980000,13.040000,12.760000,12.850000
2017-09-25,13.170000,13.560000,12.900000,13.060000
2017-09-26,13.080000,13.290000,12.930000,13.020000
2017-09-27,12.930000,13.150000,12.800000,12.910000
2017-09-28,13.050000,13.050000,12.750000,12.760000
2017-09-29,12.830000,12.900000,12.480000,12.490000
2017-10-02,12.650000,12.760000,12.350000,12.360000
2017-10-03,12.340000,12.420000,12.230000,12.310000
2017-10-04,12.480000,12.570000,12.320000,12.380000
2017-10-05,12.370000,12.400000,12.080000,12.180000
2017-10-06,12.290000,12.700000,12.240000,12.440000
2017-10-09,12.520000,12.880000,12.460000,12.730000
2017-10-10,12.590000,12.800000,12.450000,12.470000
2017-10-11,12.470000,12.600000,12.180000,12.240000
2017-10-12,12.370000,12.470000,12.070000,12.260000
2017-10-13,12.170000,12.230000,11.890000,11.980000
2017-10-16,12.090000,12.110000,11.920000,11.940000
2017-10-17,12.000000,12.110000,11.890000,12.050000
2017-10-18,12.010000,12.040000,11.830000,11.920000
2017-10-19,12.510000,12.580000,11.950000,11.960000
2017-10-20,11.880000,11.910000,11.740000,11.850000
2017-10-23,12.040000,12.550000,11.890000,12.550000
2017-10-24,12.290000,12.710000,12.200000,12.670000
2017-10-25,12.720000,13.990000,12.670000,12.950000
2017-10-26,12.830000,13.220000,12.710000,12.930000
2017-10-27,12.730000,12.840000,12.190000,12.230000
2017-10-30,12.620000,12.830000,12.360000,12.570000
2017-10-31,12.320000,12.510000,12.270000,12.380000
2017-11-01,12.250000,12.660000,12.150000,12.570000
2017-11-02,12.620000,13.100000,12.490000,12.680000
2017-11-03,12.580000,12.760000,12.300000,12.420000
2017-11-06,12.580000,12.630000,12.500000,12.570000
2017-11-07,12.590000,13.080000,12.480000,12.760000
2017-11-08,12.940000,13.040000,12.680000,12.880000
2017-11-09,13.540000,14.210000,13.120000,13.140000
2017-11-10,13.380000,13.800000,13.320000,13.610000
2017-11-13,13.910000,13.910000,13.450000,13.750000
2017-11-14,14.030000,14.430000,13.820000,13.930000
2017-11-15,14.890000,15.360000,14.230000,14.660000
2017-11-16,14.190000,14.190000,13.710000,13.960000
2017-11-17,13.970000,14.030000,13.690000,13.800000
2017-11-20,13.720000,13.740000,13.210000,13.280000
2017-11-21,12.950000,12.970000,12.510000,12.550000
2017-11-22,12.450000,12.580000,12.350000,12.440000
2017-11-24,12.420000,12.530000,12.360000,12.420000
2017-11-27,12.670000,12.800000,12.530000,12.570000
2017-11-28,12.480000,12.600000,12.200000,12.270000
2017-11-29,12.320000,12.970000,12.300000,12.820000
2017-11-30,12.620000,13.130000,12.580000,13.040000
2017-12-01,13.060000,15.220000,12.930000,13.280000
2017-12-04,12.940000,13.640000,12.710000,13.550000
2017-12-05,13.570000,13.670000,13.000000,13.540000
2017-12-06,13.690000,13.690000,13.340000,13.450000
2017-12-07,13.520000,13.640000,12.770000,12.930000
2017-12-08,12.770000,12.810000,12.440000,12.460000
2017-12-11,12.620000,12.710000,12.230000,12.280000
2017-12-12,12.230000,12.520000,12.150000,12.480000
2017-12-13,12.430000,12.610000,12.220000,12.500000
2017-12-14,12.430000,13.070000,12.360000,12.800000
2017-12-15,12.280000,12.350000,12.020000,12.080000
2017-12-18,11.990000,12.280000,11.970000,12.070000
2017-12-19,12.120000,12.640000,12.070000,12.510000
2017-12-20,11.910000,12.440000,11.030000,12.370000
2017-12-21,12.200000,12.410000,12.150000,12.350000
2017-12-22,12.330000,12.620000,12.240000,12.490000
2017-12-26,12.720000,12.730000,12.550000,12.620000
2017-12-27,12.590000,12.830000,12.430000,12.650000
2017-12-28,12.630000,12.800000,12.540000,12.760000
2017-12-29,12.690000,13.130000,12.630000,13.090000
2018-01-02,13.010000,13.070000,12.460000,12.610000
2018-01-03,12.390000,12.410000,12.200000,12.320000
2018-01-04,12.130000,12.300000,12.010000,12.240000
2018-01-05,12.120000,12.300000,12.010000,12.060000
2018-01-08,12.280000,12.440000,12.080000,12.150000
2018-01-09,12.140000,12.480000,12.060000,12.410000
2018-01-10,12.660000,12.900000,12.340000,12.360000
2018-01-11,12.330000,12.460000,12.090000,12.160000
2018-01-12,12.160000,12.350000,12.040000,12.200000
2018-01-16,12.390000,13.670000,12.350000,13.230000
2018-01-17,13.340000,13.700000,12.870000,13.250000
2018-01-18,13.340000,13.730000,13.150000,13.580000
2018-01-19,13.390000,13.510000,12.940000,13.040000
2018-01-22,13.240000,13.240000,12.930000,12.990000
2018-01-23,13.020000,13.290000,12.920000,13.220000
2018-01-24,13.150000,13.980000,13.150000,13.530000
2018-01-25,13.530000,13.950000,13.520000,13.680000
2018-01-26,13.580000,13.710000,13.460000,13.460000
2018-01-29,13.990000,14.990000,13.970000,14.990000
2018-01-30,15.650000,16.200000,15.450000,15.830000
2018-01-31,15.400000,15.550000,14.900000,14.900000
2018-02-01,15.380000,15.380000,14.210000,14.720000
2018-02-02,15.190000,17.200000,15.190000,17.030000
2018-02-05,18.160000,31.090000,16.540000,28.130000
2018-02-06,32.150000,33.990000,21.170000,23.750000
2018-02-07,23.220000,23.220000,19.560000,23.030000
2018-02-08,22.280000,29.010000,22.280000,27.330000
2018-02-09,25.880000,31.040000,24.320000,24.920000
2018-02-12,23.970000,25.250000,22.150000,22.860000
2018-02-13,24.280000,24.280000,22.410000,22.650000
2018-02-14,21.860000,21.980000,19.150000,19.340000
2018-02-15,18.870000,20.070000,18.650000,19.080000
2018-02-16,19.240000,20.030000,18.140000,19.170000
2018-02-20,20.080000,20.340000,19.380000,20.010000
2018-02-21,19.770000,20.210000,18.070000,20.030000
2018-02-22,19.550000,19.940000,18.750000,19.060000
2018-02-23,18.890000,19.030000,17.490000,17.500000
2018-02-26,17.320000,17.600000,16.920000,16.920000
2018-02-27,17.380000,19.300000,17.080000,19.020000
2018-02-28,18.370000,20.220000,18.360000,19.890000
2018-03-01,20.030000,22.900000,19.570000,21.420000
2018-03-02,22.980000,23.650000,19.740000,19.860000
2018-03-05,20.550000,20.620000,18.850000,19.210000
2018-03-06,18.840000,19.950000,18.840000,19.240000
2018-03-07,20.030000,20.120000,18.660000,18.840000
2018-03-08,18.430000,18.890000,18.140000,18.180000
2018-03-09,17.600000,17.720000,16.710000,17.010000
2018-03-12,17.350000,18.050000,17.100000,17.800000
2018-03-13,17.480000,18.530000,17.350000,18.050000
2018-03-14,17.790000,19.020000,17.790000,18.780000
2018-03-15,18.550000,18.940000,17.890000,18.210000
2018-03-16,17.860000,17.960000,17.380000,17.740000
2018-03-19,18.270000,20.710000,18.270000,19.380000
2018-03-20,19.110000,19.490000,18.780000,18.880000
2018-03-21,18.720000,19.020000,16.970000,18.710000
2018-03-22,20.210000,21.870000,19.510000,21.660000
2018-03-23,21.270000,23.430000,20.580000,22.790000
2018-03-26,21.290000,22.640000,20.520000,20.700000
2018-03-27,20.520000,22.800000,20.340000,21.940000
2018-03-28,21.800000,23.250000,21.570000,22.310000
2018-03-29,21.520000,21.860000,20.120000,20.550000
2018-04-02,21.180000,23.700000,20.730000,22.570000
2018-04-03,21.840000,22.380000,20.870000,21.020000
2018-04-04,22.870000,22.870000,20.280000,20.420000
2018-04-05,20.250000,20.430000,19.380000,19.610000
2018-04-06,20.380000,22.230000,19.800000,21.200000
2018-04-09,20.800000,21.430000,20.260000,21.230000
2018-04-10,20.370000,21.050000,20.230000,20.400000
2018-04-11,20.660000,20.680000,19.990000,20.370000
2018-04-12,19.780000,19.790000,19.040000,19.280000
2018-04-13,18.810000,19.260000,18.420000,18.550000
2018-04-16,18.180000,18.230000,17.710000,17.820000
2018-04-17,17.380000,17.390000,16.510000,16.800000
2018-04-18,17.010000,17.600000,16.630000,16.800000
2018-04-19,17.120000,17.720000,16.770000,17.120000
2018-04-20,16.930000,18.030000,16.890000,17.720000
2018-04-23,17.660000,17.980000,17.030000,17.350000
2018-04-24,16.970000,19.380000,16.790000,18.230000
2018-04-25,18.470000,19.300000,18.180000,18.230000
2018-04-26,18.100000,18.210000,17.270000,17.290000
2018-04-27,17.180000,17.780000,16.990000,17.080000
2018-04-30,17.040000,17.580000,16.850000,17.340000
2018-05-01,17.580000,17.810000,16.860000,16.910000
2018-05-02,17.000000,17.260000,16.350000,17.260000
2018-05-03,17.330000,18.740000,17.030000,17.030000
2018-05-04,17.640000,17.750000,16.560000,16.650000
2018-05-07,16.880000,16.900000,16.370000,16.650000
2018-05-08,16.820000,17.190000,16.470000,16.480000
2018-05-09,16.350000,16.450000,15.600000,15.780000
2018-05-10,15.730000,15.740000,15.080000,15.240000
2018-05-11,15.200000,15.370000,14.820000,14.820000
2018-05-14,14.930000,14.930000,14.470000,14.530000
2018-05-15,15.170000,16.120000,15.170000,15.790000
2018-05-16,15.530000,15.540000,14.970000,15.140000
2018-05-17,15.200000,15.350000,14.610000,15.020000
2018-05-18,15.180000,15.410000,14.960000,15.190000
2018-05-21,14.580000,15.000000,14.450000,14.690000
2018-05-22,14.550000,15.030000,14.430000,14.880000
2018-05-23,15.560000,15.620000,14.460000,14.480000
2018-05-24,14.730000,15.380000,14.410000,14.430000
2018-05-25,14.740000,14.950000,14.520000,14.830000
2018-05-29,16.100000,17.960000,15.520000,17.130000
2018-05-30,16.560000,16.600000,15.860000,16.000000
2018-05-31,16.210000,16.740000,15.980000,16.330000
2018-06-01,15.520000,15.540000,15.080000,15.270000
2018-06-04,15.220000,15.280000,14.830000,14.900000
2018-06-05,14.920000,15.200000,14.710000,14.720000
2018-06-06,14.600000,14.800000,14.160000,14.190000
2018-06-07,14.300000,14.950000,14.170000,14.430000
2018-06-08,14.900000,15.010000,14.440000,14.600000
2018-06-11,14.690000,14.720000,14.430000,14.550000
2018-06-12,14.520000,14.710000,14.420000,14.590000
2018-06-13,14.450000,15.500000,14.370000,14.920000
2018-06-14,14.440000,14.660000,14.270000,14.400000
2018-06-15,14.810000,15.540000,14.400000,14.420000
2018-06-18,15.290000,15.440000,14.460000,14.480000
2018-06-19,15.780000,15.850000,15.110000,15.170000
2018-06-20,14.670000,14.980000,14.640000,14.790000
2018-06-21,14.980000,16.160000,14.980000,15.870000
2018-06-22,15.030000,15.700000,15.030000,15.500000
2018-06-25,16.230000,18.970000,16.200000,17.520000
2018-06-26,17.100000,17.470000,16.510000,16.870000
2018-06-27,16.740000,18.340000,16.200000,18.050000
2018-06-28,18.180000,18.860000,17.190000,17.520000
2018-06-29,16.880000,17.310000,16.260000,17.140000
2018-07-02,18.210000,18.330000,16.930000,16.950000
2018-07-03,16.640000,17.540000,16.560000,17.350000
2018-07-05,16.670000,17.330000,16.510000,16.530000
2018-07-06,16.570000,16.650000,15.660000,15.710000
2018-07-09,15.440000,15.460000,14.830000,14.870000
2018-07-10,14.720000,15.080000,14.610000,14.710000
2018-07-11,15.540000,15.560000,15.020000,15.380000
2018-07-12,14.870000,15.190000,14.680000,14.760000
2018-07-13,14.850000,15.100000,14.500000,14.540000
2018-07-16,14.760000,14.950000,14.590000,14.850000
2018-07-17,15.090000,15.090000,14.210000,14.400000
2018-07-18,14.440000,14.600000,14.260000,14.390000
2018-07-19,14.830000,15.100000,14.620000,14.970000
2018-07-20,15.240000,15.280000,14.810000,15.080000
2018-07-23,15.240000,15.440000,14.860000,14.860000
2018-07-24,14.540000,15.250000,14.460000,14.700000
2018-07-25,14.860000,14.880000,14.170000,14.550000
2018-07-26,14.540000,14.780000,14.390000,14.400000
2018-07-27,14.420000,15.610000,14.390000,15.000000
2018-07-30,15.070000,15.790000,15.010000,15.660000
2018-07-31,15.190000,15.410000,14.870000,14.870000
2018-08-01,15.010000,15.460000,14.710000,15.220000
2018-08-02,15.980000,16.000000,14.720000,14.760000
2018-08-03,14.830000,14.850000,14.410000,14.490000
2018-08-06,14.770000,14.830000,14.170000,14.230000
2018-08-07,14.010000,14.150000,13.890000,13.930000
2018-08-08,14.040000,14.170000,13.720000,13.960000
2018-08-09,13.970000,14.200000,13.810000,14.130000
2018-08-10,15.010000,15.450000,14.740000,15.220000
2018-08-13,15.510000,16.290000,15.040000,16.210000
2018-08-14,15.720000,16.000000,15.290000,15.350000
2018-08-15,16.330000,17.590000,16.160000,16.190000
2018-08-16,15.540000,15.700000,15.190000,15.510000
2018-08-17,15.730000,15.870000,14.970000,15.170000
2018-08-20,14.990000,15.060000,14.870000,15.000000
2018-08-21,14.920000,15.190000,14.680000,15.190000
2018-08-22,15.210000,15.310000,14.910000,15.080000
2018-08-23,15.100000,15.260000,14.680000,15.060000
2018-08-24,14.830000,14.950000,14.620000,14.820000
2018-08-27,14.830000,14.950000,14.760000,14.790000
2018-08-28,14.760000,15.130000,14.710000,15.110000
2018-08-29,15.060000,15.190000,14.760000,14.950000
2018-08-30,15.200000,15.830000,15.040000,15.540000
2018-08-31,15.600000,15.910000,15.150000,15.150000
2018-09-04,15.820000,16.120000,15.440000,15.450000
2018-09-05,15.800000,16.230000,15.630000,15.920000
2018-09-06,15.890000,16.700000,15.830000,16.340000
2018-09-07,16.770000,16.910000,16.180000,16.590000
2018-09-10,16.330000,16.410000,15.980000,16.170000
2018-09-11,16.450000,16.560000,15.540000,15.540000
2018-09-12,15.620000,15.780000,15.210000,15.320000
2018-09-13,14.980000,15.010000,14.730000,14.770000
2018-09-14,14.750000,14.900000,14.370000,14.370000
2018-09-17,14.700000,15.330000,14.610000,15.280000
2018-09-18,15.020000,15.190000,14.750000,15.040000
2018-09-19,14.720000,14.750000,14.480000,14.650000
2018-09-20,14.400000,14.600000,14.320000,14.510000
2018-09-21,14.480000,14.620000,14.180000,14.580000
2018-09-24,15.030000,15.300000,14.750000,14.770000
2018-09-25,14.640000,15.030000,14.640000,14.920000
2018-09-26,14.850000,15.340000,14.400000,15.150000
2018-09-27,14.810000,14.980000,14.530000,14.890000
2018-09-28,15.130000,15.200000,14.710000,14.770000
2018-10-01,14.470000,14.960000,14.330000,14.740000
2018-10-02,14.840000,14.980000,14.500000,14.840000
2018-10-03,14.550000,14.960000,14.500000,14.680000
2018-10-04,15.150000,16.760000,15.150000,15.840000
2018-10-05,15.670000,17.680000,15.360000,16.250000
2018-10-08,17.080000,18.000000,16.500000,16.510000
2018-10-09,16.970000,17.340000,16.220000,16.630000
2018-10-10,17.170000,20.750000,17.170000,20.700000
2018-10-11,20.010000,23.710000,19.400000,21.560000
2018-10-12,19.850000,22.800000,19.560000,19.840000
2018-10-15,20.230000,20.840000,19.110000,20.290000
2018-10-16,19.160000,19.350000,17.880000,17.960000
2018-10-17,18.120000,19.370000,18.050000,18.100000
2018-10-18,18.770000,20.770000,18.490000,19.860000
2018-10-19,19.560000,20.550000,18.960000,19.840000
2018-10-22,19.350000,20.600000,19.250000,19.820000
2018-10-23,22.290000,22.290000,20.010000,20.280000
2018-10-24,20.470000,23.460000,20.220000,22.620000
2018-10-25,22.260000,22.750000,21.170000,22.440000
2018-10-26,23.560000,24.380000,22.120000,22.480000
2018-10-29,21.800000,24.820000,21.340000,23.060000
2018-10-30,23.500000,23.500000,22.060000,22.230000
2018-10-31,21.470000,21.780000,20.670000,21.150000
2018-11-01,20.830000,21.230000,20.020000,20.070000
2018-11-02,19.660000,21.490000,19.440000,20.300000
2018-11-05,20.370000,20.810000,20.020000,20.200000
2018-11-06,20.250000,20.250000,19.520000,19.580000
2018-11-07,18.310000,18.520000,17.620000,17.620000
2018-11-08,17.660000,18.020000,17.360000,17.680000
2018-11-09,18.070000,18.990000,17.990000,18.460000
2018-11-12,18.660000,20.440000,18.610000,20.230000
2018-11-13,20.140000,20.890000,19.450000,20.270000
2018-11-14,19.840000,21.880000,19.770000,21.220000
2018-11-15,21.670000,22.320000,20.310000,20.310000
2018-11-16,20.990000,21.100000,19.310000,19.350000
2018-11-19,19.770000,21.190000,19.570000,20.640000
2018-11-20,22.430000,23.020000,21.830000,22.270000
2018-11-21,21.630000,21.930000,20.850000,21.320000
2018-11-23,22.120000,22.130000,21.310000,21.750000
2018-11-26,21.020000,21.060000,19.930000,20.110000
2018-11-27,20.460000,20.600000,19.730000,19.940000
2018-11-28,19.690000,20.110000,19.090000,19.280000
2018-11-29,19.730000,20.550000,19.410000,19.590000
2018-11-30,19.920000,19.970000,18.880000,18.890000
2018-12-03,17.690000,18.440000,17.690000,17.950000
2018-12-04,18.080000,21.270000,17.900000,20.750000
2018-12-06,23.090000,24.010000,20.860000,21.060000
2018-12-07,21.110000,23.250000,20.410000,22.440000
2018-12-10,22.580000,24.020000,21.940000,22.010000
2018-12-11,21.250000,22.870000,21.250000,21.720000
2018-12-12,21.070000,21.760000,20.790000,21.590000
2018-12-13,21.160000,21.820000,20.940000,21.350000
2018-12-14,21.840000,22.480000,21.530000,21.960000
2018-12-17,22.600000,24.120000,22.180000,23.410000
2018-12-18,23.210000,24.500000,23.080000,23.900000
2018-12-19,23.910000,24.450000,22.300000,24.020000
2018-12-20,24.330000,26.510000,23.970000,25.240000
2018-12-21,25.560000,26.730000,24.230000,26.230000
2018-12-24,26.850000,28.920000,26.650000,28.840000
2018-12-26,27.910000,28.620000,25.260000,25.690000
2018-12-27,27.050000,28.020000,25.790000,25.890000
2018-12-28,25.660000,26.720000,24.720000,25.320000
2018-12-31,24.570000,24.670000,23.650000,23.730000
2019-01-02,24.990000,24.990000,22.700000,22.750000
2019-01-03,23.540000,24.630000,23.250000,24.110000
2019-01-04,22.990000,23.060000,21.780000,21.860000
2019-01-07,22.070000,22.220000,21.330000,21.620000
2019-01-08,21.220000,21.900000,20.880000,21.140000
2019-01-09,20.900000,21.180000,20.470000,20.690000
2019-01-10,21.130000,21.430000,20.370000,20.520000
2019-01-11,20.850000,20.920000,19.690000,19.740000
2019-01-14,20.650000,20.700000,19.700000,19.930000
2019-01-15,19.900000,19.900000,18.940000,19.240000
2019-01-16,19.140000,19.530000,18.870000,19.530000
2019-01-17,19.740000,19.750000,18.830000,19.170000
2019-01-18,18.670000,19.020000,18.420000,18.840000
2019-01-22,19.350000,20.870000,19.240000,20.690000
2019-01-23,20.150000,21.540000,20.050000,20.080000
2019-01-24,20.290000,20.480000,19.420000,19.670000
2019-01-25,19.050000,19.200000,18.710000,18.820000
2019-01-28,19.920000,20.360000,19.520000,19.580000
2019-01-29,19.440000,19.980000,19.310000,19.600000
2019-01-30,19.370000,19.630000,18.520000,18.680000
2019-01-31,18.650000,18.740000,17.880000,17.880000
2019-02-01,17.890000,18.090000,17.560000,17.590000
2019-02-04,17.740000,17.860000,17.090000,17.190000
2019-02-05,17.170000,17.170000,16.530000,17.070000
2019-02-06,16.920000,17.110000,16.650000,16.900000
2019-02-07,17.550000,18.400000,17.260000,17.520000
2019-02-08,17.990000,18.300000,17.220000,17.260000
2019-02-11,17.150000,17.540000,17.100000,17.220000
2019-02-12,16.740000,16.940000,16.580000,16.820000
2019-02-13,16.810000,17.070000,16.670000,16.960000
2019-02-14,17.530000,17.830000,16.950000,17.320000
2019-02-15,16.810000,16.980000,16.460000,16.480000
2019-02-19,17.060000,17.070000,16.270000,16.450000
2019-02-20,16.450000,16.460000,15.800000,15.820000
2019-02-21,16.100000,16.480000,15.780000,16.160000
2019-02-22,15.960000,15.980000,15.460000,15.460000
2019-02-25,15.360000,16.030000,15.250000,16.000000
2019-02-26,16.220000,16.330000,15.840000,16.300000
2019-02-27,16.480000,16.950000,15.980000,15.990000
2019-02-28,15.990000,16.370000,15.880000,16.100000
2019-03-01,15.740000,16.150000,15.310000,15.380000
2019-03-04,15.380000,17.180000,15.170000,16.030000
2019-03-05,16.070000,16.480000,15.880000,16.150000
2019-03-06,16.230000,16.950000,16.230000,16.740000
2019-03-07,17.070000,17.900000,16.750000,17.300000
2019-03-08,18.180000,18.300000,17.090000,17.110000
2019-03-11,17.100000,17.100000,16.010000,16.010000
2019-03-12,15.970000,15.970000,15.530000,15.650000
2019-03-13,15.490000,15.580000,15.200000,15.330000
2019-03-14,15.400000,15.570000,15.080000,15.300000
2019-03-15,15.180000,15.210000,14.640000,14.980000
2019-03-18,15.240000,15.630000,15.060000,15.240000
2019-03-19,14.910000,15.790000,14.890000,15.560000
2019-03-20,15.750000,16.060000,15.200000,15.790000
2019-03-21,15.990000,15.990000,15.300000,15.510000
2019-03-22,15.900000,17.880000,15.800000,17.370000
2019-03-25,17.800000,18.200000,17.230000,17.450000
2019-03-26,16.790000,17.050000,16.430000,16.450000
2019-03-27,16.480000,17.670000,16.300000,16.780000
2019-03-28,16.550000,17.030000,16.280000,16.300000
2019-03-29,16.000000,16.240000,15.780000,15.800000
2019-04-01,15.740000,15.890000,15.370000,15.460000
2019-04-02,15.520000,15.700000,15.400000,15.540000
2019-04-03,15.310000,15.920000,15.240000,15.630000
2019-04-04,15.660000,15.810000,15.410000,15.480000
2019-04-05,15.240000,15.310000,14.980000,15.060000
2019-04-08,15.370000,15.560000,15.210000,15.280000
2019-04-09,15.700000,16.080000,15.550000,15.990000
2019-04-10,15.780000,15.960000,15.380000,15.380000
2019-04-11,15.330000,15.420000,15.080000,15.250000
2019-04-12,14.890000,14.940000,14.460000,14.460000
2019-04-15,14.610000,15.150000,14.490000,14.530000
2019-04-16,14.400000,14.690000,14.300000,14.470000
2019-04-17,14.240000,15.070000,14.230000,14.820000
2019-04-18,14.590000,15.060000,14.500000,14.570000
2019-04-22,15.220000,15.220000,14.720000,14.720000
2019-04-23,14.660000,14.700000,14.420000,14.540000
2019-04-24,14.680000,15.040000,14.550000,15.040000
2019-04-25,15.280000,15.880000,14.940000,15.210000
2019-04-26,15.150000,15.320000,14.740000,14.890000
2019-04-29,15.070000,15.240000,14.900000,15.230000
2019-04-30,15.390000,15.850000,15.080000,15.230000
2019-05-01,15.160000,16.220000,14.980000,16.190000
2019-05-02,16.060000,16.910000,15.660000,16.030000
2019-05-03,15.500000,15.510000,15.030000,15.070000
2019-05-06,17.730000,17.730000,16.130000,16.400000
2019-05-07,17.480000,20.180000,17.420000,18.780000
2019-05-08,19.120000,19.510000,17.980000,18.750000
2019-05-09,20.420000,20.980000,18.350000,18.440000
2019-05-10,18.290000,19.350000,16.710000,16.900000
2019-05-13,19.380000,20.250000,18.940000,19.790000
2019-05-14,19.790000,19.790000,18.010000,18.290000
2019-05-15,19.010000,19.030000,17.370000,17.490000
2019-05-16,17.480000,17.480000,16.510000,16.740000
2019-05-17,17.550000,17.550000,16.490000,17.060000
2019-05-20,17.800000,18.070000,17.030000,17.290000
2019-05-21,16.770000,16.800000,16.390000,16.420000
2019-05-22,16.410000,16.780000,16.300000,16.420000
2019-05-23,17.410000,18.260000,17.340000,17.690000
2019-05-24,16.990000,17.520000,16.830000,17.090000
2019-05-28,17.100000,17.970000,16.870000,17.900000
2019-05-29,18.390000,18.790000,18.010000,18.240000
2019-05-30,17.840000,18.500000,17.610000,17.960000
2019-05-31,19.040000,19.220000,18.440000,18.830000
2019-06-03,18.620000,19.450000,18.350000,18.770000
2019-06-04,18.230000,18.460000,17.580000,17.590000
2019-06-05,17.390000,17.960000,17.130000,17.130000
2019-06-06,17.190000,17.400000,16.810000,16.920000
2019-06-07,16.880000,17.160000,16.740000,17.150000
2019-06-10,16.880000,17.160000,16.790000,16.880000
2019-06-11,16.550000,17.420000,16.550000,16.990000
2019-06-12,17.090000,17.380000,16.960000,17.050000
2019-06-13,16.820000,17.080000,16.750000,16.860000
2019-06-14,17.030000,17.500000,16.570000,16.600000
2019-06-17,16.740000,16.900000,16.550000,16.610000
2019-06-18,16.360000,16.730000,16.160000,16.500000
2019-06-19,16.360000,16.810000,16.030000,16.100000
2019-06-20,15.920000,16.940000,15.670000,16.140000
2019-06-21,16.140000,16.720000,16.100000,16.670000
2019-06-24,16.570000,16.710000,16.450000,16.470000
2019-06-25,16.510000,17.370000,16.510000,17.120000
2019-06-26,17.120000,17.230000,16.700000,17.050000
2019-06-27,16.860000,17.110000,16.730000,16.760000
2019-06-28,16.700000,16.870000,16.060000,16.060000
2019-07-01,15.310000,15.800000,15.310000,15.430000
2019-07-02,15.390000,15.500000,14.720000,14.720000
2019-07-03,14.790000,14.920000,14.520000,14.530000
2019-07-05,15.200000,15.700000,14.830000,14.980000
2019-07-08,15.490000,15.760000,15.350000,15.480000
2019-07-09,15.960000,15.960000,15.520000,15.570000
2019-07-10,15.560000,15.560000,15.060000,15.190000
2019-07-11,15.110000,15.330000,14.850000,14.980000
2019-07-12,14.880000,14.950000,14.730000,14.800000
2019-07-15,14.810000,15.240000,14.810000,15.040000
2019-07-16,14.970000,15.300000,14.870000,15.220000
2019-07-17,15.090000,15.840000,15.030000,15.820000
2019-07-18,15.820000,16.150000,15.330000,15.540000
2019-07-19,15.540000,15.930000,15.270000,15.930000
2019-07-22,15.930000,15.970000,15.380000,15.470000
2019-07-23,15.220000,15.410000,14.890000,14.930000
2019-07-24,15.190000,15.190000,14.470000,14.560000
2019-07-25,14.840000,15.520000,14.810000,15.050000
2019-07-26,14.840000,14.850000,14.600000,14.690000
2019-07-29,14.940000,15.240000,14.820000,15.000000
2019-07-30,15.680000,15.780000,15.320000,15.700000
2019-07-31,15.700000,17.260000,15.370000,16.910000
2019-08-01,16.880000,18.840000,15.730000,17.990000
2019-08-02,18.090000,19.190000,17.870000,17.890000
2019-08-05,20.080000,21.910000,19.850000,21.900000
2019-08-06,20.040000,21.140000,19.470000,19.690000
2019-08-07,21.010000,21.610000,19.210000,19.500000
2019-08-08,18.990000,19.170000,17.840000,17.860000
2019-08-09,17.860000,19.350000,17.860000,18.560000
2019-08-12,19.380000,20.540000,19.120000,20.500000
2019-08-13,20.500000,21.380000,18.510000,18.530000
2019-08-14,18.600000,21.710000,18.600000,21.300000
2019-08-15,21.300000,22.190000,20.870000,21.070000
2019-08-16,21.040000,21.040000,19.450000,19.700000
2019-08-19,18.780000,19.010000,18.150000,18.360000
2019-08-20,18.450000,18.910000,18.210000,18.870000
2019-08-21,17.760000,18.050000,17.620000,17.720000
2019-08-22,17.760000,18.830000,17.710000,18.230000
2019-08-23,18.890000,21.100000,17.950000,20.360000
2019-08-26,19.870000,20.890000,19.670000,19.820000
2019-08-27,19.850000,21.010000,19.410000,20.640000
2019-08-28,21.100000,21.990000,19.970000,20.050000
2019-08-29,19.300000,19.630000,18.940000,19.030000
2019-08-30,19.030000,19.740000,18.730000,19.540000
2019-09-03,20.220000,20.560000,19.750000,20.120000
2019-09-04,19.210000,19.640000,18.790000,18.810000
2019-09-05,18.820000,18.820000,17.730000,18.080000
2019-09-06,17.800000,18.000000,17.430000,17.460000
2019-09-09,17.470000,18.010000,17.320000,17.550000
2019-09-10,17.880000,18.200000,17.390000,17.410000
2019-09-11,17.490000,17.560000,17.100000,17.100000
2019-09-12,16.990000,17.460000,16.630000,16.810000
2019-09-13,16.740000,16.930000,16.480000,16.670000
2019-09-16,17.410000,17.450000,17.040000,17.200000
2019-09-17,17.360000,17.580000,17.210000,17.230000
2019-09-18,17.350000,18.060000,16.770000,16.860000
2019-09-19,16.830000,16.890000,16.410000,16.790000
2019-09-20,16.490000,17.910000,16.460000,17.710000
2019-09-23,17.730000,17.870000,17.730000,17.870000
2019-09-24,17.870000,18.950000,17.140000,18.550000
2019-09-25,18.630000,19.450000,17.830000,18.000000
2019-09-26,18.090000,18.650000,17.940000,18.120000
2019-09-27,18.100000,19.550000,17.820000,18.750000
2019-09-30,18.540000,18.590000,17.940000,17.960000
2019-10-01,17.960000,19.350000,17.550000,19.350000
2019-10-02,19.900000,21.060000,19.880000,20.740000
2019-10-03,20.720000,21.330000,19.770000,19.780000
2019-10-04,19.540000,19.540000,18.520000,18.590000
2019-10-07,19.050000,19.170000,18.230000,18.910000
2019-10-08,19.740000,20.520000,19.300000,20.390000
2019-10-09,19.710000,20.030000,19.180000,19.510000
2019-10-10,19.760000,19.770000,18.750000,18.790000
2019-10-11,18.090000,18.320000,17.180000,17.550000
2019-10-14,17.670000,17.830000,17.060000,17.120000
2019-10-15,16.730000,16.730000,16.270000,16.480000
2019-10-16,16.630000,16.840000,16.410000,16.480000
2019-10-17,16.300000,16.710000,16.170000,16.440000
2019-10-18,16.440000,17.210000,16.440000,16.650000
2019-10-21,16.650000,16.690000,16.280000,16.280000
2019-10-22,16.180000,16.660000,16.100000,16.550000
2019-10-23,16.610000,16.700000,16.290000,16.290000
2019-10-24,16.170000,16.520000,16.050000,16.250000
2019-10-25,16.270000,16.270000,15.670000,15.710000
2019-10-28,15.820000,16.020000,15.780000,15.990000
2019-10-29,16.220000,16.400000,15.970000,16.090000
2019-10-30,16.200000,16.420000,15.690000,15.690000
2019-10-31,16.020000,16.540000,15.940000,16.050000
2019-11-01,15.560000,15.600000,15.350000,15.420000
2019-11-04,15.370000,15.740000,15.370000,15.620000
2019-11-05,15.760000,15.980000,15.630000,15.910000
2019-11-06,16.030000,16.180000,15.770000,15.830000
2019-11-07,15.740000,15.960000,15.470000,15.800000
2019-11-08,15.800000,16.550000,15.460000,15.530000
2019-11-11,15.510000,16.240000,15.510000,15.600000
2019-11-12,15.580000,15.780000,15.370000,15.490000
2019-11-13,15.840000,15.880000,15.570000,15.620000
2019-11-14,15.810000,16.080000,15.550000,15.600000
2019-11-15,15.320000,15.460000,14.940000,14.990000
2019-11-18,14.990000,15.470000,14.990000,15.170000
2019-11-19,15.100000,15.540000,15.100000,15.500000
2019-11-20,15.580000,16.350000,15.410000,15.640000
2019-11-21,15.740000,16.250000,15.730000,15.820000
2019-11-22,15.810000,15.930000,15.390000,15.400000
2019-11-25,15.370000,15.370000,14.990000,14.990000
2019-11-26,15.020000,15.090000,14.850000,14.850000
2019-11-27,14.940000,15.020000,14.900000,14.960000
2019-11-29,15.370000,15.630000,15.320000,15.510000
2019-12-02,15.840000,17.040000,15.840000,16.840000
2019-12-03,18.410000,18.600000,17.480000,17.630000
2019-12-04,17.090000,17.150000,16.650000,16.980000
2019-12-05,16.810000,17.260000,16.670000,16.780000
2019-12-06,16.140000,16.350000,16.090000,16.210000
2019-12-09,16.510000,17.390000,16.390000,17.300000
2019-12-10,17.300000,17.670000,17.010000,17.130000
2019-12-11,17.170000,17.370000,16.900000,16.910000
2019-12-12,17.150000,17.160000,15.960000,16.090000
2019-12-13,16.260000,16.330000,15.270000,15.280000
2019-12-16,14.950000,15.160000,14.720000,14.980000
2019-12-17,15.070000,15.240000,14.970000,15.150000
2019-12-18,14.990000,15.280000,14.900000,15.200000
2019-12-19,15.240000,15.380000,15.110000,15.140000
2019-12-20,14.940000,15.330000,14.920000,15.320000
2019-12-23,15.440000,15.630000,15.440000,15.500000
2019-12-24,15.520000,15.670000,15.510000,15.520000
2019-12-26,15.540000,15.570000,15.470000,15.520000
2019-12-27,15.620000,16.110000,15.610000,15.950000
2019-12-30,16.260000,17.000000,16.250000,16.680000
2019-12-31,17.000000,17.030000,15.850000,15.870000
2020-01-02,15.600000,15.880000,15.180000,15.190000
2020-01-03,16.590000,16.880000,15.610000,16.010000
2020-01-06,16.780000,16.780000,15.790000,15.920000
2020-01-07,15.920000,16.290000,15.640000,15.860000
2020-01-08,15.940000,15.960000,15.160000,15.400000
2020-01-09,15.180000,15.400000,14.950000,14.950000
2020-01-10,15.010000,15.180000,14.780000,14.950000
2020-01-13,15.020000,15.160000,14.640000,14.640000
2020-01-14,14.740000,15.040000,14.510000,14.640000
2020-01-15,14.770000,14.900000,14.580000,14.630000
2020-01-16,14.460000,14.520000,14.370000,14.450000
2020-01-17,14.460000,14.670000,14.250000,14.410000
2020-01-21,14.880000,14.960000,14.600000,14.870000
2020-01-22,14.750000,14.980000,14.610000,14.980000
2020-01-23,14.980000,15.650000,14.970000,14.990000
2020-01-24,14.880000,16.700000,14.840000,16.070000
2020-01-27,16.040000,18.190000,16.040000,18.160000
2020-01-28,17.460000,17.660000,16.750000,17.030000
2020-01-29,16.590000,17.190000,16.460000,17.030000
2020-01-30,17.720000,18.200000,16.480000,16.590000
2020-01-31,17.270000,19.350000,17.220000,18.630000
2020-02-03,18.030000,18.320000,17.420000,18.040000
2020-02-04,16.870000,16.950000,16.540000,16.700000
2020-02-05,16.120000,16.560000,16.030000,16.110000
2020-02-06,16.050000,16.260000,15.800000,15.890000
2020-02-07,16.370000,16.700000,16.040000,16.290000
2020-02-10,16.650000,16.670000,16.070000,16.130000
2020-02-11,15.890000,16.230000,15.720000,16.140000
2020-02-12,15.880000,15.930000,15.350000,15.360000
2020-02-13,16.020000,16.060000,15.560000,15.680000
2020-02-14,15.610000,15.970000,15.500000,15.500000
2020-02-18,16.160000,16.480000,15.880000,16.100000
2020-02-19,15.910000,15.990000,15.760000,15.820000
2020-02-20,16.030000,17.290000,15.820000,16.600000
2020-02-21,17.100000,18.180000,17.100000,17.610000
2020-02-24,21.280000,22.600000,20.200000,21.920000
2020-02-25,20.710000,25.060000,20.710000,23.860000
2020-02-26,22.890000,24.280000,22.060000,23.700000
2020-02-27,26.330000,29.970000,24.910000,29.920000
2020-02-28,32.230000,35.480000,29.850000,29.850000
2020-03-02,28.660000,30.660000,26.720000,27.700000
2020-03-03,27.500000,31.780000,25.580000,30.170000
2020-03-04,27.500000,29.170000,26.470000,27.510000
2020-03-05,30.340000,34.410000,29.240000,32.570000
2020-03-06,38.500000,41.260000,34.840000,35.460000
2020-03-09,35.410000,46.570000,35.410000,43.050000
2020-03-10,38.280000,44.020000,38.190000,39.440000
2020-03-11,42.880000,45.690000,41.890000,44.370000
2020-03-12,44.410000,57.740000,44.410000,57.240000
2020-03-13,50.550000,58.810000,47.180000,48.310000
2020-03-16,48.310000,68.710000,48.310000,67.700000
2020-03-17,66.010000,70.010000,60.080000,65.270000
2020-03-18,65.270000,79.580000,64.400000,72.980000
2020-03-19,73.140000,86.610000,65.150000,69.470000
2020-03-20,66.280000,67.900000,57.700000,65.590000
2020-03-23,66.420000,67.190000,56.020000,56.640000
2020-03-24,49.470000,59.410000,46.020000,52.110000
2020-03-25,55.660000,68.850000,51.820000,53.850000
2020-03-26,52.970000,57.710000,48.910000,49.790000
2020-03-27,54.920000,56.370000,52.720000,55.750000
2020-03-30,52.630000,53.680000,50.990000,51.260000
2020-03-31,49.850000,50.260000,46.360000,48.320000
2020-04-01,51.530000,52.600000,47.880000,51.170000
2020-04-02,50.040000,50.930000,46.980000,47.300000
2020-04-03,46.830000,47.800000,44.720000,44.840000
2020-04-06,42.690000,44.990000,41.820000,43.090000
2020-04-07,41.650000,43.560000,40.620000,43.420000
2020-04-08,42.210000,43.120000,40.890000,41.590000
2020-04-09,41.540000,41.740000,40.430000,40.610000
2020-04-13,43.290000,44.240000,39.950000,39.970000
2020-04-14,38.570000,38.570000,36.440000,36.460000
2020-04-15,39.420000,40.540000,38.670000,39.280000
2020-04-16,39.530000,40.900000,39.100000,39.210000
2020-04-17,37.790000,38.680000,37.060000,37.280000
2020-04-20,39.480000,40.990000,38.330000,40.970000
2020-04-21,43.280000,44.770000,42.760000,43.280000
2020-04-22,41.770000,42.040000,40.510000,40.920000
2020-04-23,39.940000,41.010000,39.090000,40.860000
2020-04-24,39.530000,40.090000,37.720000,37.810000
2020-04-27,37.210000,37.210000,34.770000,35.330000
2020-04-28,33.990000,36.190000,33.970000,35.370000
2020-04-29,33.820000,33.930000,32.940000,33.330000
2020-04-30,34.500000,37.120000,34.500000,35.050000
2020-05-01,37.520000,41.840000,36.890000,37.970000
2020-05-04,39.040000,39.520000,36.820000,37.000000
2020-05-05,35.880000,35.910000,34.390000,35.520000
2020-05-06,34.700000,35.740000,34.320000,35.680000
2020-05-07,34.120000,34.550000,33.500000,34.010000
2020-05-08,33.160000,33.340000,31.620000,31.640000
2020-05-11,32.950000,32.990000,30.130000,30.390000
2020-05-12,29.420000,34.260000,29.330000,34.260000
2020-05-13,33.860000,37.770000,33.220000,36.510000
2020-05-14,38.170000,39.690000,34.690000,34.900000
2020-05-15,36.270000,36.830000,33.860000,34.510000
2020-05-18,31.800000,32.170000,31.330000,31.770000
2020-05-19,32.130000,32.850000,30.890000,32.810000
2020-05-20,31.190000,31.850000,30.770000,31.110000
2020-05-21,31.110000,32.700000,30.880000,32.380000
2020-05-22,32.180000,32.730000,31.470000,31.540000
2020-05-26,30.330000,31.280000,29.870000,30.850000
2020-05-27,30.290000,32.350000,30.120000,30.190000
2020-05-28,30.690000,32.070000,30.300000,31.210000
2020-05-29,32.150000,33.570000,30.220000,30.270000
2020-06-01,31.630000,31.850000,30.790000,30.920000
2020-06-02,30.900000,31.230000,29.870000,29.930000
2020-06-03,29.680000,29.800000,28.640000,28.910000
2020-06-04,28.960000,29.400000,27.920000,28.850000
2020-06-05,27.350000,27.500000,26.880000,27.420000
2020-06-08,27.670000,28.170000,27.340000,28.080000
2020-06-09,28.910000,29.880000,28.660000,29.670000
2020-06-10,29.380000,30.530000,28.410000,29.570000
2020-06-11,32.790000,42.530000,31.570000,40.430000
2020-06-12,36.740000,44.110000,35.810000,38.050000
2020-06-15,40.900000,46.850000,36.410000,36.430000
2020-06-16,33.460000,40.100000,33.460000,35.800000
2020-06-17,35.850000,39.230000,34.880000,35.720000
2020-06-18,36.600000,37.360000,34.870000,35.140000
2020-06-19,33.660000,36.710000,33.380000,36.680000
2020-06-22,35.880000,36.330000,33.750000,33.750000
2020-06-23,32.720000,33.360000,32.260000,33.060000
2020-06-24,34.250000,37.910000,33.790000,35.390000
2020-06-25,36.180000,37.100000,33.740000,34.090000
2020-06-26,34.400000,36.900000,33.940000,35.800000
2020-06-29,35.760000,37.100000,33.910000,33.910000
2020-06-30,34.290000,34.350000,31.810000,32.520000
2020-07-01,31.920000,37.410000,31.190000,31.680000
2020-07-02,30.430000,31.280000,29.910000,30.870000
2020-07-06,30.530000,31.290000,30.140000,30.980000
2020-07-07,31.460000,36.160000,30.540000,32.070000
2020-07-08,31.670000,33.290000,31.070000,31.190000
2020-07-09,30.980000,33.990000,30.980000,32.060000
2020-07-10,32.090000,33.130000,30.860000,31.020000
2020-07-13,30.940000,39.290000,30.920000,34.540000
2020-07-14,34.640000,35.320000,32.220000,32.560000
2020-07-15,31.470000,33.030000,31.280000,31.560000
2020-07-16,32.100000,32.400000,30.920000,31.550000
2020-07-17,30.920000,31.150000,30.180000,30.370000
2020-07-20,30.070000,30.520000,28.700000,29.100000
2020-07-21,28.670000,30.220000,28.250000,29.470000
2020-07-22,29.650000,42.700000,28.900000,29.050000
2020-07-23,29.140000,30.690000,28.900000,30.250000
2020-07-24,31.180000,31.700000,30.340000,30.560000
2020-07-27,30.580000,30.930000,29.860000,30.000000
2020-07-28,29.850000,30.450000,29.180000,30.100000
2020-07-29,29.730000,29.950000,29.190000,29.290000
2020-07-30,30.890000,32.190000,29.570000,29.760000
2020-07-31,29.290000,31.030000,29.260000,29.710000
2020-08-03,29.800000,30.060000,29.510000,29.660000
2020-08-04,29.640000,29.650000,29.050000,29.090000
2020-08-05,28.650000,28.960000,28.390000,28.600000
2020-08-06,28.640000,28.960000,28.040000,28.200000
2020-08-07,28.700000,28.800000,27.990000,28.280000
2020-08-10,28.360000,28.890000,27.920000,28.050000
2020-08-11,27.330000,29.610000,27.310000,29.170000
2020-08-12,28.090000,28.310000,27.830000,28.120000
2020-08-13,28.270000,28.520000,27.670000,28.170000
2020-08-14,28.480000,28.620000,28.020000,28.370000
2020-08-17,28.110000,28.160000,27.450000,27.450000
2020-08-18,27.280000,27.950000,27.130000,27.350000
2020-08-19,27.410000,28.390000,27.230000,28.110000
2020-08-20,29.320000,29.320000,27.940000,28.130000
2020-08-21,28.580000,28.720000,27.970000,28.170000
2020-08-24,27.770000,28.380000,27.760000,28.100000
2020-08-25,28.120000,28.920000,27.860000,27.910000
2020-08-26,27.950000,28.780000,27.350000,28.700000
2020-08-27,28.490000,32.090000,28.440000,29.930000
2020-08-28,30.410000,31.810000,29.150000,29.620000
2020-08-31,30.610000,31.950000,30.350000,31.850000
2020-09-01,31.850000,32.420000,31.620000,32.100000
2020-09-02,32.120000,32.890000,32.120000,32.670000
2020-09-03,32.670000,39.520000,32.670000,37.630000
2020-09-04,36.250000,40.500000,34.210000,34.750000
2020-09-08,37.910000,38.230000,34.150000,34.310000
2020-09-09,33.170000,33.390000,31.780000,32.120000
2020-09-10,31.900000,33.390000,31.630000,32.920000
2020-09-11,31.830000,33.050000,30.950000,31.130000
2020-09-14,30.540000,30.790000,30.060000,30.480000
2020-09-15,30.060000,30.640000,29.840000,30.270000
2020-09-16,30.270000,30.840000,29.780000,30.570000
2020-09-17,32.240000,32.240000,30.580000,30.750000
2020-09-18,30.750000,31.480000,29.670000,30.460000
2020-09-21,32.810000,33.740000,31.450000,31.640000
2020-09-22,31.620000,32.540000,31.440000,31.670000
2020-09-23,31.780000,33.740000,31.490000,33.280000
2020-09-24,33.830000,34.440000,32.630000,33.060000
2020-09-25,33.390000,33.520000,31.860000,32.030000
2020-09-28,32.010000,32.180000,31.620000,31.740000
2020-09-29,32.120000,32.120000,30.960000,31.090000
2020-09-30,30.930000,31.980000,30.420000,31.640000
2020-10-01,31.110000,31.970000,30.930000,31.720000
2020-10-02,33.060000,33.160000,31.780000,32.390000
2020-10-05,32.140000,32.360000,31.220000,31.280000
2020-10-06,30.950000,32.150000,30.510000,31.880000
2020-10-07,31.230000,31.230000,30.480000,30.700000
2020-10-08,30.360000,30.400000,29.480000,29.490000
2020-10-09,28.790000,28.860000,28.140000,28.280000
2020-10-12,28.010000,28.400000,27.920000,27.980000
2020-10-13,28.370000,29.000000,28.230000,28.350000
2020-10-14,28.290000,28.930000,27.960000,28.240000
2020-10-15,29.890000,30.060000,28.660000,28.720000
2020-10-16,28.610000,29.210000,28.110000,29.210000
2020-10-19,29.010000,30.540000,28.980000,30.400000
2020-10-20,30.220000,30.410000,29.590000,30.110000
2020-10-21,30.160000,30.640000,29.470000,29.610000
2020-10-22,29.730000,30.020000,28.840000,29.300000
2020-10-23,28.990000,29.750000,28.830000,28.990000
2020-10-26,29.960000,32.720000,29.790000,32.070000
2020-10-27,32.060000,32.910000,31.910000,32.720000
2020-10-28,35.660000,38.300000,35.320000,37.750000
2020-10-29,37.230000,38.040000,34.390000,35.840000
2020-10-30,35.540000,37.380000,35.080000,36.270000
2020-11-02,35.100000,35.960000,34.780000,35.060000
2020-11-03,33.890000,34.040000,32.700000,33.520000
2020-11-04,30.840000,31.030000,29.170000,29.980000
2020-11-05,28.590000,29.390000,28.460000,29.050000
2020-11-06,28.970000,29.250000,27.210000,27.370000
2020-11-09,25.960000,26.980000,24.590000,26.880000
2020-11-10,26.390000,27.540000,26.220000,26.490000
2020-11-11,26.060000,26.080000,25.220000,25.620000
2020-11-12,26.080000,28.350000,25.890000,27.220000
2020-11-13,26.470000,26.570000,25.490000,25.690000
2020-11-16,25.650000,26.280000,25.300000,25.350000
2020-11-17,25.920000,26.370000,25.030000,25.380000
2020-11-18,25.140000,26.430000,24.830000,26.390000
2020-11-19,26.320000,26.560000,25.360000,25.800000
2020-11-20,25.700000,26.080000,25.270000,26.060000
2020-11-23,25.640000,26.090000,25.250000,25.430000
2020-11-24,24.950000,25.250000,24.830000,24.840000
2020-11-25,25.150000,25.360000,24.390000,24.420000
2020-11-27,24.390000,24.690000,24.130000,24.430000
2020-11-30,25.050000,25.860000,24.270000,24.330000
2020-12-01,24.220000,24.640000,23.940000,24.490000
2020-12-02,24.700000,24.720000,24.130000,24.540000
2020-12-03,24.340000,24.930000,24.250000,24.560000
2020-12-04,24.450000,24.460000,24.150000,24.290000
2020-12-07,24.800000,24.850000,24.470000,24.520000
2020-12-08,24.800000,24.850000,23.810000,23.870000
2020-12-09,23.650000,25.110000,23.450000,24.730000
2020-12-10,25.150000,25.500000,24.440000,25.050000
2020-12-11,25.750000,26.870000,25.410000,26.050000
2020-12-14,25.560000,27.170000,25.350000,27.110000
2020-12-15,26.270000,26.690000,25.870000,25.870000
2020-12-16,26.030000,26.260000,25.350000,25.470000
2020-12-17,25.420000,25.420000,24.890000,25.150000
2020-12-18,25.330000,26.340000,25.160000,25.170000
2020-12-21,28.940000,29.690000,27.120000,27.580000
2020-12-22,27.450000,27.750000,27.050000,27.250000
2020-12-23,26.570000,26.570000,25.720000,26.260000
2020-12-24,26.260000,26.260000,25.240000,25.370000
2020-12-28,25.120000,25.290000,24.920000,25.150000
2020-12-29,24.990000,26.670000,24.980000,26.240000
2020-12-30,26.030000,26.210000,25.240000,25.440000
2020-12-31,25.460000,25.800000,24.660000,25.280000
2021-01-04,25.320000,29.230000,25.320000,28.260000
2021-01-05,28.640000,28.730000,26.680000,27.250000
2021-01-06,26.730000,27.670000,25.150000,26.790000
2021-01-07,25.460000,25.650000,25.020000,25.020000
2021-01-08,24.980000,25.980000,24.660000,24.900000
2021-01-11,26.410000,27.070000,25.850000,26.700000
2021-01-12,26.420000,27.310000,25.970000,26.200000
2021-01-13,26.040000,26.390000,25.410000,25.550000
2021-01-14,25.520000,26.470000,25.290000,26.320000
2021-01-15,26.850000,27.930000,26.260000,27.260000
2021-01-19,26.400000,26.810000,26.280000,26.690000
2021-01-20,26.700000,26.700000,25.580000,25.720000
2021-01-21,25.770000,26.220000,25.600000,25.700000
2021-01-22,26.530000,26.530000,25.660000,25.990000
2021-01-25,25.970000,28.940000,25.970000,26.880000
2021-01-26,26.660000,27.280000,26.390000,26.890000
2021-01-27,29.030000,35.730000,28.610000,35.730000
2021-01-28,31.440000,32.240000,30.320000,31.770000
2021-01-29,32.930000,35.690000,30.990000,33.880000
2021-02-01,32.250000,34.610000,31.740000,32.530000
2021-02-02,30.470000,31.040000,29.020000,29.360000
2021-02-03,29.310000,29.310000,27.570000,27.570000
2021-02-04,27.280000,27.280000,26.620000,26.790000
2021-02-05,26.700000,27.150000,26.340000,26.520000
2021-02-08,26.770000,27.160000,26.510000,26.650000
2021-02-09,27.000000,27.400000,26.610000,27.110000
2021-02-10,27.090000,28.530000,26.960000,27.490000
2021-02-11,27.290000,28.360000,27.050000,27.220000
2021-02-12,27.350000,27.430000,26.470000,26.500000
2021-02-16,27.280000,27.930000,27.040000,27.550000
2021-02-17,28.350000,28.830000,27.230000,27.520000
2021-02-18,28.510000,28.790000,27.480000,27.860000
2021-02-19,27.530000,27.750000,26.480000,27.090000
2021-02-22,28.030000,28.250000,26.920000,27.810000
2021-02-23,28.610000,29.670000,26.900000,27.120000
2021-02-24,27.720000,28.020000,25.880000,25.890000
2021-02-25,26.610000,31.480000,26.190000,30.240000
2021-02-26,29.270000,31.760000,28.430000,29.600000
2021-03-01,27.390000,27.490000,26.610000,26.780000
2021-03-02,26.770000,27.480000,26.560000,27.160000
2021-03-03,27.140000,28.860000,26.950000,28.790000
2021-03-04,28.400000,31.690000,27.780000,30.080000
2021-03-05,29.090000,31.090000,27.720000,27.890000
2021-03-08,28.410000,28.780000,27.340000,28.130000
2021-03-09,27.510000,27.600000,26.720000,27.280000
2021-03-10,26.300000,26.840000,26.290000,26.680000
2021-03-11,26.460000,26.510000,25.740000,26.090000
2021-03-12,26.600000,26.820000,25.700000,25.740000
2021-03-15,26.020000,26.200000,24.770000,24.890000
2021-03-16,24.930000,24.940000,24.240000,24.710000
2021-03-17,25.210000,25.330000,23.840000,23.880000
2021-03-18,24.600000,25.840000,24.030000,25.280000
2021-03-19,25.460000,26.280000,24.190000,24.990000
2021-03-22,24.980000,24.980000,22.940000,22.940000
2021-03-23,23.280000,24.750000,22.940000,23.800000
2021-03-24,23.630000,24.610000,23.170000,24.400000
2021-03-25,24.370000,25.920000,23.330000,23.370000
2021-03-26,23.080000,24.210000,22.290000,22.320000
2021-03-29,22.320000,24.110000,22.320000,23.200000
2021-03-30,23.430000,23.790000,22.190000,22.310000
2021-03-31,22.100000,22.470000,21.700000,22.150000
2021-04-01,21.570000,21.590000,20.880000,20.970000
2021-04-05,21.030000,22.020000,20.850000,20.960000
2021-04-06,21.120000,21.250000,20.880000,21.160000
2021-04-07,21.050000,21.100000,20.580000,20.660000
2021-04-08,20.490000,20.810000,20.470000,20.590000
2021-04-09,20.840000,21.050000,20.380000,20.740000
2021-04-12,21.190000,21.510000,20.700000,20.820000
2021-04-13,21.000000,21.000000,20.530000,20.780000
2021-04-14,20.860000,21.330000,20.730000,21.060000
2021-04-15,20.780000,20.870000,20.520000,20.760000
2021-04-16,20.810000,20.970000,20.420000,20.530000
2021-04-19,20.990000,22.030000,20.910000,21.370000
2021-04-20,21.840000,22.930000,21.750000,22.350000
2021-04-21,22.490000,22.680000,21.060000,21.490000
2021-04-22,21.310000,22.990000,21.110000,22.520000
2021-04-23,22.360000,22.360000,21.100000,21.570000
2021-04-26,21.670000,21.790000,21.520000,21.540000
2021-04-27,21.600000,21.910000,21.260000,21.320000
2021-04-28,21.180000,21.530000,21.040000,21.130000
2021-04-29,20.900000,22.180000,20.900000,21.310000
2021-04-30,21.870000,22.360000,21.570000,22.070000
2021-05-03,21.930000,22.090000,21.620000,21.740000
2021-05-04,22.280000,23.930000,22.190000,22.670000
2021-05-05,22.660000,22.660000,21.540000,22.260000
2021-05-06,22.290000,23.110000,21.780000,21.880000
2021-05-07,21.950000,22.010000,20.770000,20.790000
2021-05-10,20.770000,22.470000,20.770000,22.400000
2021-05-11,23.780000,24.760000,22.920000,24.230000
2021-05-12,24.940000,28.820000,24.660000,28.180000
2021-05-13,26.350000,26.420000,24.500000,25.260000
2021-05-14,23.720000,23.720000,22.100000,22.260000
2021-05-17,23.140000,24.340000,22.920000,23.140000
2021-05-18,23.170000,24.370000,22.760000,24.220000
2021-05-19,26.510000,27.660000,24.940000,25.270000
2021-05-20,24.300000,24.580000,23.590000,23.810000
2021-05-21,23.540000,23.930000,23.130000,23.490000
2021-05-24,23.190000,23.190000,22.150000,22.230000
2021-05-25,22.200000,22.670000,22.060000,22.400000
2021-05-26,22.180000,22.370000,21.290000,21.300000
2021-05-27,21.130000,21.210000,20.300000,20.310000
2021-05-28,20.270000,20.510000,19.970000,20.480000
2021-06-01,20.500000,21.690000,20.470000,21.340000
2021-06-02,21.490000,21.630000,20.870000,21.420000
2021-06-03,22.070000,22.460000,21.380000,21.820000
2021-06-04,21.120000,21.120000,20.460000,20.620000
2021-06-07,20.840000,21.060000,20.460000,20.550000
2021-06-08,20.470000,21.230000,20.440000,20.850000
2021-06-09,20.680000,21.410000,20.680000,21.280000
2021-06-10,20.620000,20.930000,19.960000,20.080000
2021-06-11,19.730000,19.870000,19.480000,19.640000
2021-06-14,19.860000,20.520000,19.860000,20.140000
2021-06-15,20.430000,20.810000,20.350000,20.680000
2021-06-16,20.460000,21.980000,20.220000,21.260000
2021-06-17,21.120000,21.660000,20.240000,20.980000
2021-06-18,22.350000,23.200000,21.650000,22.930000
2021-06-21,22.340000,22.780000,20.930000,21.120000
2021-06-22,21.130000,21.130000,20.020000,20.070000
2021-06-23,19.960000,20.000000,19.500000,19.700000
2021-06-24,19.140000,19.340000,19.040000,19.260000
2021-06-25,19.230000,19.350000,18.860000,19.000000
2021-06-28,19.080000,19.460000,18.950000,19.020000
2021-06-29,18.870000,19.610000,18.820000,19.490000
2021-06-30,19.730000,19.960000,19.260000,19.510000
2021-07-01,19.370000,19.650000,19.280000,19.450000
2021-07-02,18.980000,19.360000,18.840000,19.300000
2021-07-06,19.580000,21.100000,19.570000,20.260000
2021-07-07,20.070000,21.050000,20.020000,20.410000
2021-07-08,22.450000,22.730000,21.460000,21.980000
2021-07-09,20.970000,21.070000,20.090000,20.440000
2021-07-12,20.780000,20.860000,20.290000,20.460000
2021-07-13,20.530000,21.200000,20.190000,21.130000
2021-07-14,20.440000,21.550000,20.360000,20.620000
2021-07-15,21.180000,21.730000,20.880000,21.090000
2021-07-16,20.470000,22.110000,20.370000,22.070000
2021-07-19,23.960000,26.490000,23.720000,24.900000
2021-07-20,24.710000,25.140000,22.840000,23.200000
2021-07-21,22.650000,22.680000,21.830000,21.870000
2021-07-22,21.810000,22.300000,20.050000,21.860000
2021-07-23,21.360000,21.720000,18.860000,21.650000
2021-07-26,22.110000,22.370000,20.340000,21.740000
2021-07-27,22.460000,23.760000,22.460000,23.000000
2021-07-28,22.590000,23.040000,21.820000,22.350000
2021-07-29,21.790000,21.900000,21.540000,21.880000
2021-07-30,22.490000,22.520000,21.790000,22.180000
2021-08-02,22.180000,23.280000,22.030000,23.050000
2021-08-03,22.790000,23.570000,21.940000,22.180000
2021-08-04,22.550000,22.570000,21.860000,22.170000
2021-08-05,21.940000,22.000000,21.470000,21.520000
2021-08-06,21.280000,21.420000,20.820000,20.870000
2021-08-09,21.190000,21.620000,21.190000,21.270000
2021-08-10,21.210000,21.440000,20.920000,21.210000
2021-08-11,20.960000,21.070000,20.480000,20.670000
2021-08-12,20.680000,20.850000,20.050000,20.250000
2021-08-13,20.060000,20.360000,19.920000,20.260000
2021-08-16,21.120000,21.600000,20.500000,20.640000
2021-08-17,21.480000,22.700000,21.120000,21.700000
2021-08-18,21.980000,23.840000,21.540000,23.800000
2021-08-19,24.660000,25.150000,23.370000,24.200000
2021-08-20,23.960000,23.960000,21.960000,22.410000
2021-08-23,21.820000,21.820000,21.020000,21.200000
2021-08-24,21.250000,21.410000,21.090000,21.220000
2021-08-25,21.240000,21.270000,20.590000,20.790000
2021-08-26,21.040000,22.080000,20.930000,21.860000
2021-08-27,21.330000,21.330000,20.230000,20.610000
2021-08-30,20.480000,20.640000,20.290000,20.400000
2021-08-31,20.680000,20.870000,20.400000,20.420000
2021-09-01,20.400000,20.590000,19.910000,20.080000
2021-09-02,19.910000,20.450000,19.830000,20.130000
2021-09-03,20.420000,20.730000,20.140000,20.320000
2021-09-07,21.090000,21.560000,20.980000,21.530000
2021-09-08,22.020000,22.470000,21.460000,21.590000
2021-09-09,21.760000,22.170000,21.020000,22.060000
2021-09-10,21.060000,23.370000,20.980000,23.310000
2021-09-13,22.130000,23.560000,22.060000,22.470000
2021-09-14,22.080000,23.240000,21.980000,22.550000
2021-09-15,22.610000,23.010000,21.590000,21.760000
2021-09-16,22.150000,22.700000,21.290000,21.810000
2021-09-17,22.130000,23.510000,21.830000,23.220000
2021-09-20,26.100000,28.570000,24.730000,26.400000
2021-09-21,25.360000,26.290000,24.550000,25.470000
2021-09-22,24.370000,24.610000,22.750000,23.050000
2021-09-23,22.310000,22.320000,21.320000,21.370000
2021-09-24,22.180000,22.180000,20.810000,20.820000
2021-09-27,21.380000,21.550000,20.860000,21.400000
2021-09-28,22.310000,24.780000,22.260000,24.030000
2021-09-29,23.660000,24.360000,23.230000,23.720000
2021-09-30,22.990000,24.880000,22.620000,23.870000
2021-10-01,23.410000,24.540000,22.630000,23.050000
2021-10-04,23.610000,25.180000,23.340000,24.110000
2021-10-05,23.740000,23.910000,22.620000,23.110000
2021-10-06,23.990000,24.790000,22.830000,22.840000
2021-10-07,22.350000,22.350000,21.830000,22.120000
2021-10-08,21.810000,22.100000,21.560000,21.880000
2021-10-11,22.390000,22.510000,21.450000,22.390000
2021-10-12,22.190000,22.750000,21.790000,22.330000
2021-10-13,21.790000,22.430000,21.360000,21.540000
2021-10-14,20.790000,20.890000,20.320000,20.370000
2021-10-15,20.290000,20.430000,19.790000,20.300000
2021-10-18,21.020000,21.100000,20.280000,20.290000
2021-10-19,20.290000,20.380000,19.880000,19.980000
2021-10-20,19.980000,20.210000,19.840000,19.870000
2021-10-21,20.110000,20.160000,19.400000,19.480000
2021-10-22,19.630000,20.500000,19.390000,20.010000
2021-10-25,20.030000,20.430000,19.480000,19.560000
2021-10-26,19.480000,20.620000,19.460000,20.110000
2021-10-27,20.130000,21.110000,19.860000,20.890000
2021-10-28,20.500000,20.740000,20.280000,20.480000
2021-10-29,21.110000,21.110000,20.290000,20.370000
2021-11-01,20.620000,21.200000,20.370000,20.390000
2021-11-02,20.400000,20.420000,20.050000,20.100000
2021-11-03,20.180000,20.300000,19.260000,19.500000
2021-11-04,19.330000,20.080000,19.260000,19.700000
2021-11-05,19.640000,20.750000,19.570000,20.490000
2021-11-08,20.530000,21.400000,20.480000,20.980000
2021-11-09,21.040000,21.880000,21.040000,21.410000
2021-11-10,21.810000,22.640000,21.020000,22.000000
2021-11-11,21.500000,21.670000,21.170000,21.380000
2021-11-12,21.050000,21.260000,20.570000,20.690000
2021-11-15,20.910000,21.560000,20.820000,20.870000
2021-11-16,21.140000,21.140000,20.580000,20.900000
2021-11-17,20.970000,21.650000,20.900000,21.580000
2021-11-18,21.400000,22.160000,21.310000,21.900000
2021-11-19,22.290000,22.590000,21.510000,21.920000
2021-11-22,21.670000,22.890000,21.590000,22.630000
2021-11-23,22.860000,23.570000,22.230000,22.450000
2021-11-24,23.140000,23.420000,21.900000,21.900000
2021-11-26,25.530000,29.250000,24.830000,29.170000
2021-11-29,25.590000,26.250000,23.970000,25.040000
2021-11-30,26.610000,28.820000,25.670000,28.130000
2021-12-01,26.190000,31.840000,25.130000,30.790000
2021-12-02,29.950000,30.890000,28.560000,29.150000
2021-12-03,28.450000,34.770000,28.170000,31.780000
2021-12-06,30.070000,31.240000,28.750000,28.880000
2021-12-07,26.790000,26.790000,24.700000,24.960000
2021-12-08,25.020000,25.330000,23.620000,23.630000
2021-12-09,23.980000,25.130000,23.530000,24.660000
2021-12-10,23.260000,24.290000,23.070000,23.180000
2021-12-13,23.720000,24.680000,23.710000,24.320000
2021-12-14,25.440000,26.150000,24.740000,25.350000
2021-12-15,25.260000,26.310000,23.120000,23.300000
2021-12-16,22.940000,25.420000,22.850000,24.370000
2021-12-17,25.580000,26.230000,24.400000,25.380000
2021-12-20,28.350000,29.080000,26.300000,26.310000
2021-12-21,25.690000,26.220000,24.870000,25.000000
2021-12-22,24.860000,24.930000,23.480000,23.560000
2021-12-23,23.370000,23.370000,22.950000,23.240000
2021-12-27,23.260000,23.470000,22.530000,22.740000
2021-12-28,22.820000,23.130000,22.320000,22.330000
2021-12-29,22.410000,22.700000,21.650000,21.830000
2021-12-30,21.790000,22.210000,21.440000,21.880000
2021-12-31,22.060000,22.270000,21.710000,21.880000
2022-01-03,21.990000,22.590000,21.460000,21.530000
2022-01-04,21.510000,22.280000,21.350000,21.620000
2022-01-05,21.740000,23.710000,21.330000,23.470000
2022-01-06,23.730000,24.280000,22.970000,23.500000
2022-01-07,23.560000,24.150000,22.680000,22.870000
2022-01-10,24.130000,25.570000,22.640000,22.680000
2022-01-11,23.100000,23.800000,21.850000,21.980000
2022-01-12,21.640000,22.160000,21.250000,21.580000
2022-01-13,21.630000,23.600000,21.450000,23.410000
2022-01-14,24.250000,24.400000,22.650000,22.820000
2022-01-18,24.480000,25.340000,24.390000,25.120000
2022-01-19,24.770000,25.950000,24.570000,25.810000
2022-01-20,25.220000,27.280000,24.350000,27.250000
2022-01-21,27.920000,30.190000,27.380000,29.950000
2022-01-24,33.230000,36.940000,30.530000,30.820000
2022-01-25,33.000000,35.070000,30.220000,31.760000
2022-01-26,29.730000,32.570000,28.330000,31.950000
2022-01-27,29.910000,32.350000,29.130000,30.870000
2022-01-28,30.690000,32.000000,28.590000,28.820000
2022-01-31,29.310000,29.560000,26.760000,26.850000
2022-02-01,26.380000,27.150000,24.750000,24.760000
2022-02-02,24.650000,25.320000,24.100000,25.140000
2022-02-03,26.240000,27.600000,25.330000,26.670000
2022-02-04,27.070000,27.900000,25.450000,26.250000
2022-02-07,26.180000,26.350000,25.150000,25.690000
2022-02-08,25.440000,26.160000,24.370000,24.540000
2022-02-09,23.770000,24.020000,23.470000,23.490000
2022-02-10,24.680000,26.670000,23.600000,26.070000
2022-02-11,25.860000,30.650000,25.650000,28.830000
2022-02-14,29.510000,31.540000,29.360000,29.440000
2022-02-15,27.860000,28.150000,27.030000,27.280000
2022-02-16,27.620000,28.170000,25.960000,26.260000
2022-02-17,27.440000,29.470000,27.440000,29.320000
2022-02-18,28.990000,30.500000,28.760000,29.220000
2022-02-22,29.990000,31.040000,28.870000,29.110000
2022-02-23,28.610000,30.940000,28.580000,30.880000
2022-02-24,34.830000,34.840000,29.290000,30.050000
2022-02-25,29.420000,29.840000,27.740000,28.040000
2022-02-28,30.420000,31.270000,28.780000,29.650000
2022-03-01,30.200000,33.670000,30.110000,32.590000
2022-03-02,32.390000,32.660000,30.370000,30.970000
2022-03-03,30.200000,31.890000,29.950000,30.800000
2022-03-04,32.590000,33.750000,31.940000,32.340000
2022-03-07,32.930000,35.880000,32.890000,35.740000
2022-03-08,35.220000,36.710000,32.840000,35.000000
2022-03-09,32.820000,33.530000,32.250000,33.060000
2022-03-10,33.850000,33.880000,31.520000,31.520000
2022-03-11,30.840000,32.570000,30.740000,32.340000
2022-03-14,32.470000,34.330000,31.360000,33.320000
2022-03-15,33.350000,33.710000,31.640000,31.960000
2022-03-16,31.060000,31.740000,28.830000,28.960000
2022-03-17,29.440000,29.470000,27.780000,28.220000
2022-03-18,28.650000,28.720000,26.540000,26.550000
2022-03-21,26.900000,27.390000,25.700000,26.380000
2022-03-22,25.890000,26.200000,25.590000,25.850000
2022-03-23,26.540000,26.750000,25.750000,26.410000
2022-03-24,26.160000,26.490000,25.000000,25.300000
2022-03-25,25.250000,25.930000,24.560000,24.720000
2022-03-28,25.290000,25.950000,24.130000,24.180000
2022-03-29,23.400000,23.900000,23.060000,23.190000
2022-03-30,23.510000,24.390000,23.140000,23.570000
2022-03-31,24.020000,25.140000,23.830000,24.460000
2022-04-01,24.410000,25.040000,24.040000,24.210000
2022-04-04,24.290000,24.430000,22.920000,23.030000
2022-04-05,23.430000,25.220000,23.240000,24.900000
2022-04-06,26.160000,27.440000,25.530000,25.800000
2022-04-07,25.900000,26.800000,24.940000,25.230000
2022-04-08,25.420000,25.830000,24.480000,25.170000
2022-04-11,25.980000,27.100000,25.910000,27.000000
2022-04-12,26.460000,27.540000,25.730000,27.170000
2022-04-13,27.240000,27.300000,25.120000,25.540000
2022-04-14,25.030000,26.110000,24.680000,26.030000
2022-04-18,26.560000,26.730000,25.600000,25.750000
2022-04-19,25.940000,26.290000,24.350000,25.060000
2022-04-20,24.120000,24.790000,23.890000,24.150000
2022-04-21,23.770000,26.510000,23.620000,26.110000
2022-04-22,26.600000,29.940000,26.340000,29.870000
2022-04-25,30.570000,31.920000,28.930000,29.070000
2022-04-26,29.760000,33.320000,29.760000,33.140000
2022-04-27,32.030000,33.010000,30.810000,32.200000
2022-04-28,30.870000,32.100000,29.560000,31.150000
2022-04-29,31.150000,33.900000,30.480000,33.180000
2022-05-02,33.760000,35.710000,32.680000,33.010000
2022-05-03,32.650000,32.820000,30.690000,30.810000
2022-05-04,30.690000,30.970000,27.660000,28.090000
2022-05-05,28.760000,33.870000,28.540000,32.680000
2022-05-06,33.740000,35.510000,31.970000,32.310000
2022-05-09,33.970000,35.650000,33.740000,35.050000
2022-05-10,33.350000,35.390000,33.340000,33.970000
2022-05-11,34.100000,34.820000,32.250000,33.630000
2022-05-12,34.540000,35.250000,32.930000,33.080000
2022-05-13,31.940000,32.070000,30.610000,30.700000
2022-05-16,30.710000,30.900000,29.510000,29.510000
2022-05-17,28.680000,29.230000,28.040000,28.370000
2022-05-18,29.340000,32.890000,29.340000,32.800000
2022-05-19,33.250000,33.760000,30.770000,30.790000
2022-05-20,30.270000,33.630000,29.790000,31.140000
2022-05-23,30.680000,31.380000,29.960000,30.290000
2022-05-24,30.880000,32.160000,30.490000,30.740000
2022-05-25,31.130000,31.160000,29.560000,29.730000
2022-05-26,29.560000,29.560000,28.880000,29.280000
2022-05-27,28.650000,28.650000,28.020000,28.020000
2022-05-31,29.010000,29.610000,27.810000,27.990000
2022-06-01,27.520000,29.100000,27.170000,27.720000
2022-06-02,27.940000,28.160000,26.570000,27.060000
2022-06-03,27.720000,28.070000,27.240000,27.330000
2022-06-06,27.110000,27.710000,26.930000,27.220000
2022-06-07,27.980000,28.040000,26.450000,26.520000
2022-06-08,26.990000,27.120000,26.280000,26.540000
2022-06-09,27.100000,28.100000,26.670000,28.010000
2022-06-10,29.180000,30.650000,29.030000,29.720000
2022-06-13,32.950000,34.800000,32.660000,34.240000
2022-06-14,33.910000,34.190000,32.910000,33.280000
2022-06-15,32.490000,32.490000,29.830000,30.780000
2022-06-16,32.810000,34.650000,32.460000,33.490000
2022-06-17,33.160000,33.650000,31.800000,32.360000
2022-06-21,31.160000,31.350000,30.500000,31.250000
2022-06-22,31.840000,31.840000,30.230000,30.240000
2022-06-23,30.130000,30.840000,29.940000,30.190000
2022-06-24,29.650000,29.700000,28.610000,28.950000
2022-06-27,28.990000,29.420000,28.160000,28.180000
2022-06-28,27.930000,29.310000,27.720000,29.150000
2022-06-29,29.240000,29.750000,28.810000,29.000000
2022-06-30,29.810000,30.670000,29.350000,29.710000
2022-07-01,29.660000,30.180000,28.490000,28.520000
2022-07-05,30.180000,30.580000,28.790000,28.900000
2022-07-06,29.050000,29.370000,27.910000,28.390000
2022-07-07,28.170000,28.200000,27.330000,28.030000
2022-07-08,28.060000,28.120000,27.070000,27.300000
2022-07-11,28.210000,28.540000,27.910000,28.250000
2022-07-12,28.510000,29.160000,27.830000,28.820000
2022-07-13,29.660000,29.860000,28.020000,28.560000
2022-07-14,29.290000,29.910000,28.440000,28.610000
2022-07-15,27.800000,28.100000,26.920000,27.080000
2022-07-18,27.130000,28.250000,26.930000,27.820000
2022-07-19,27.310000,27.340000,26.910000,27.310000
2022-07-20,27.240000,27.370000,26.600000,26.700000
2022-07-21,26.790000,27.160000,26.060000,26.220000
2022-07-22,25.880000,26.660000,25.720000,25.970000
2022-07-25,26.100000,26.300000,25.730000,25.800000
2022-07-26,26.150000,26.920000,26.100000,26.420000
2022-07-27,25.940000,26.000000,24.960000,25.310000
2022-07-28,24.950000,25.480000,24.230000,24.330000
2022-07-29,24.100000,24.110000,23.720000,23.790000
2022-08-01,24.560000,25.000000,24.260000,24.860000
2022-08-02,25.560000,26.050000,24.680000,25.660000
2022-08-03,25.020000,25.110000,24.150000,24.370000
2022-08-04,24.620000,24.920000,24.320000,24.320000
2022-08-05,25.010000,25.010000,24.030000,24.180000
2022-08-08,24.400000,24.820000,23.850000,24.480000
2022-08-09,24.830000,25.070000,24.580000,24.690000
2022-08-10,23.890000,24.010000,23.310000,23.460000
2022-08-11,23.380000,24.140000,23.310000,23.710000
2022-08-12,23.520000,23.630000,22.950000,23.310000
2022-08-15,23.910000,23.910000,23.130000,23.320000
2022-08-16,23.370000,23.620000,23.120000,23.320000
2022-08-17,23.620000,24.120000,23.170000,23.600000
2022-08-18,23.670000,23.860000,23.230000,23.390000
2022-08-19,23.770000,24.820000,23.750000,24.320000
2022-08-22,25.660000,26.360000,25.470000,26.000000
2022-08-23,26.010000,26.120000,25.370000,25.920000
2022-08-24,25.740000,25.820000,24.850000,24.890000
2022-08-25,24.860000,24.990000,24.040000,24.130000
2022-08-26,24.200000,26.830000,23.960000,26.560000
2022-08-29,27.360000,27.360000,26.280000,26.820000
2022-08-30,26.450000,27.700000,26.380000,26.910000
2022-08-31,26.740000,27.010000,26.230000,26.650000
2022-09-01,27.100000,27.780000,26.280000,26.430000
2022-09-02,25.450000,27.110000,25.020000,26.480000
2022-09-06,26.410000,27.770000,26.390000,27.590000
2022-09-07,27.590000,27.590000,26.010000,26.100000
2022-09-08,26.810000,28.430000,25.490000,25.520000
2022-09-09,25.160000,25.300000,24.940000,25.140000
2022-09-12,25.140000,25.680000,24.930000,25.370000
2022-09-13,26.320000,28.930000,26.080000,27.950000
2022-09-14,27.820000,28.270000,27.370000,27.460000
2022-09-15,27.660000,28.020000,26.960000,27.600000
2022-09-16,28.600000,29.110000,27.540000,27.630000
2022-09-19,28.440000,28.440000,26.900000,27.010000
2022-09-20,27.680000,28.260000,27.320000,27.880000
2022-09-21,27.590000,28.780000,26.840000,28.760000
2022-09-22,28.370000,29.000000,27.850000,28.220000
2022-09-23,29.030000,31.830000,28.920000,30.320000
2022-09-26,31.090000,31.900000,29.940000,31.770000
2022-09-27,30.850000,33.100000,30.420000,32.120000
2022-09-28,32.310000,32.690000,30.410000,30.580000
2022-09-29,31.580000,33.030000,31.570000,31.740000
2022-09-30,31.730000,32.490000,30.470000,31.860000
2022-10-03,31.280000,31.830000,30.230000,30.690000
2022-10-04,29.530000,29.980000,29.350000,29.670000
2022-10-05,30.100000,30.570000,29.410000,29.430000
2022-10-06,29.690000,30.810000,29.450000,30.790000
2022-10-07,30.980000,32.420000,30.980000,32.100000
2022-10-10,32.380000,33.780000,32.360000,32.730000
2022-10-11,33.290000,33.940000,32.400000,33.360000
2022-10-12,33.500000,33.700000,32.900000,33.130000
2022-10-13,33.440000,33.630000,31.530000,31.800000
2022-10-14,31.370000,34.050000,31.020000,32.450000
2022-10-17,31.610000,31.760000,31.120000,31.740000
2022-10-18,30.930000,32.020000,30.850000,30.980000
2022-10-19,31.570000,32.030000,31.170000,31.350000
2022-10-20,31.310000,31.430000,30.370000,30.810000
2022-10-21,30.780000,30.840000,29.960000,30.470000
2022-10-24,30.680000,31.150000,30.330000,30.330000
2022-10-25,30.280000,30.360000,29.100000,29.290000
2022-10-26,29.330000,29.360000,28.350000,28.460000
2022-10-27,28.320000,28.480000,27.830000,28.280000
2022-10-28,27.860000,27.860000,26.870000,26.900000
2022-10-31,27.490000,27.490000,26.840000,26.920000
2022-11-01,26.700000,27.020000,26.600000,26.690000
2022-11-02,27.010000,27.290000,26.400000,27.220000
2022-11-03,27.710000,27.960000,26.510000,26.700000
2022-11-04,26.150000,26.880000,25.670000,26.390000
2022-11-07,26.500000,26.770000,26.130000,26.260000
2022-11-08,26.330000,27.390000,26.190000,27.100000
2022-11-09,27.170000,28.070000,26.960000,27.910000
2022-11-10,26.100000,26.390000,25.560000,26.180000
2022-11-11,26.230000,26.440000,25.600000,25.740000
2022-11-14,26.240000,26.290000,25.470000,26.130000
2022-11-15,25.680000,27.430000,25.640000,26.590000
2022-11-16,26.560000,26.640000,25.990000,26.030000
2022-11-17,26.730000,26.730000,25.740000,25.830000
2022-11-18,25.350000,25.780000,25.210000,25.330000
2022-11-21,25.530000,25.550000,24.690000,24.720000
2022-11-22,24.480000,24.530000,23.820000,23.830000
2022-11-23,23.980000,24.060000,23.220000,23.380000
2022-11-25,23.620000,23.820000,23.540000,23.590000
2022-11-28,24.450000,24.980000,24.280000,24.900000
2022-11-29,24.940000,25.030000,24.540000,24.650000
2022-11-30,24.750000,25.100000,23.450000,23.530000
2022-12-01,23.590000,23.990000,23.150000,23.310000
2022-12-02,23.870000,23.870000,22.890000,22.960000
2022-12-05,23.620000,24.290000,23.250000,23.890000
2022-12-06,23.800000,24.970000,23.730000,24.720000
2022-12-07,25.090000,25.330000,24.810000,25.180000
2022-12-08,25.090000,25.400000,24.600000,24.730000
2022-12-09,24.830000,25.270000,24.600000,25.210000
2022-12-12,25.580000,25.760000,25.370000,25.670000
2022-12-13,23.600000,25.300000,23.590000,24.290000
2022-12-14,24.310000,24.690000,23.110000,23.460000
2022-12-15,24.050000,25.530000,23.960000,25.080000
2022-12-16,25.440000,25.850000,24.770000,25.150000
2022-12-19,25.400000,25.430000,24.550000,25.080000
2022-12-20,25.030000,25.250000,24.330000,24.400000
2022-12-21,23.740000,23.830000,23.340000,23.350000
2022-12-22,23.660000,26.100000,23.660000,24.780000
2022-12-23,24.640000,25.120000,24.020000,24.130000
2022-12-27,24.650000,24.980000,24.330000,24.430000
2022-12-28,24.430000,24.670000,23.970000,24.580000
2022-12-29,24.340000,24.390000,23.810000,23.950000
2022-12-30,24.340000,24.770000,24.060000,24.290000
2023-01-03,24.540000,25.300000,24.320000,24.580000
2023-01-04,24.350000,24.490000,23.770000,23.810000
2023-01-05,24.030000,24.630000,23.880000,24.070000
2023-01-06,23.630000,23.890000,22.930000,23.180000
2023-01-09,23.290000,23.760000,23.080000,23.740000
2023-01-10,23.690000,23.810000,22.720000,22.740000
2023-01-11,22.610000,22.930000,22.610000,22.740000
2023-01-12,22.190000,22.430000,21.570000,21.580000
2023-01-13,21.710000,21.970000,20.780000,21.140000
2023-01-17,21.680000,21.860000,21.210000,21.450000
2023-01-18,21.200000,22.420000,21.150000,22.270000
2023-01-19,22.890000,23.280000,22.140000,22.450000
2023-01-20,22.400000,22.550000,21.550000,21.720000
2023-01-23,21.870000,21.930000,21.340000,21.600000
2023-01-24,21.780000,21.810000,20.810000,20.910000
2023-01-25,21.710000,22.130000,20.810000,20.940000
2023-01-26,20.810000,21.120000,20.620000,20.700000
2023-01-27,20.730000,20.740000,20.040000,20.470000
2023-01-30,21.200000,21.680000,20.990000,21.370000
2023-01-31,21.350000,21.510000,20.750000,20.810000
2023-02-01,20.870000,21.450000,19.930000,19.970000
2023-02-02,19.670000,21.110000,19.540000,20.840000
2023-02-03,20.990000,21.400000,20.540000,20.780000
2023-02-06,21.200000,21.560000,21.140000,21.430000
2023-02-07,21.570000,21.700000,20.670000,20.780000
2023-02-08,20.950000,22.020000,20.750000,21.820000
2023-02-09,21.450000,22.710000,21.190000,22.500000
2023-02-10,22.830000,23.430000,22.490000,22.550000
2023-02-13,22.620000,22.620000,21.970000,21.970000
2023-02-14,21.740000,21.860000,20.820000,21.140000
2023-02-15,21.150000,21.190000,20.650000,20.680000
2023-02-16,21.220000,21.930000,20.600000,21.880000
2023-02-17,22.150000,22.590000,21.590000,21.770000
2023-02-21,22.660000,23.530000,22.580000,23.380000
2023-02-22,23.420000,23.630000,22.490000,22.680000
2023-02-23,22.170000,22.700000,21.580000,21.740000
2023-02-24,22.510000,23.010000,22.190000,22.430000
2023-02-27,21.910000,21.920000,21.440000,21.590000
2023-02-28,21.650000,21.680000,20.920000,21.320000
2023-03-01,21.350000,21.830000,20.980000,21.360000
2023-03-02,21.700000,21.730000,20.610000,20.630000
2023-03-03,20.520000,21.400000,19.940000,19.980000
2023-03-06,20.240000,20.260000,19.880000,19.990000
2023-03-07,20.160000,20.730000,19.800000,20.590000
2023-03-08,20.660000,20.780000,20.130000,20.190000
2023-03-09,20.200000,22.890000,19.910000,22.870000
2023-03-10,22.890000,28.670000,22.810000,25.390000
2023-03-13,29.070000,29.420000,25.730000,26.640000
2023-03-14,24.320000,26.000000,23.380000,24.870000
2023-03-15,27.310000,30.050000,26.880000,27.200000
2023-03-16,28.140000,28.230000,24.540000,24.560000
2023-03-17,25.160000,27.820000,25.060000,27.420000
2023-03-20,27.370000,27.720000,25.730000,25.850000
2023-03-21,24.450000,24.520000,23.450000,23.570000
2023-03-22,23.440000,24.430000,22.410000,24.380000
2023-03-23,23.320000,25.750000,22.720000,24.530000
2023-03-24,25.520000,26.550000,23.880000,23.960000
2023-03-27,23.330000,23.770000,22.840000,22.870000
2023-03-28,23.100000,23.310000,22.320000,22.380000
2023-03-29,21.620000,21.850000,21.480000,21.490000
2023-03-30,21.390000,22.160000,21.320000,21.450000
2023-03-31,21.310000,21.500000,21.020000,21.230000
2023-04-03,21.470000,21.750000,20.830000,20.830000
2023-04-04,21.050000,22.050000,20.940000,21.340000
2023-04-05,21.760000,22.160000,21.400000,21.480000
2023-04-06,21.810000,21.950000,20.860000,21.000000
2023-04-10,21.810000,21.990000,21.050000,21.070000
2023-04-11,21.090000,21.150000,20.640000,21.010000
2023-04-12,20.780000,21.370000,20.320000,21.050000
2023-04-13,20.750000,20.810000,20.220000,20.260000
2023-04-14,20.400000,20.610000,19.950000,20.030000
2023-04-17,20.310000,20.330000,19.600000,19.650000
2023-04-18,19.670000,19.930000,19.480000,19.820000
2023-04-19,20.030000,20.190000,19.700000,20.020000
2023-04-20,20.620000,20.850000,20.000000,20.550000
2023-04-21,20.650000,21.020000,20.270000,20.390000
2023-04-24,20.610000,20.830000,20.280000,20.400000
2023-04-25,20.790000,22.230000,20.620000,21.650000
2023-04-26,21.700000,21.970000,20.910000,21.540000
2023-04-27,20.920000,20.950000,20.190000,20.370000
2023-04-28,20.240000,20.320000,19.540000,19.540000
2023-05-01,19.830000,19.830000,19.170000,19.670000
2023-05-02,20.080000,22.210000,20.080000,20.750000
2023-05-03,20.920000,21.670000,20.360000,21.290000
2023-05-04,21.920000,23.480000,21.820000,22.770000
2023-05-05,21.570000,21.570000,20.510000,20.780000
2023-05-08,20.980000,21.230000,20.620000,20.710000
2023-05-09,21.210000,21.280000,20.940000,21.170000
2023-05-10,20.540000,21.700000,20.340000,20.690000
2023-05-11,21.160000,21.510000,20.500000,20.620000
2023-05-12,20.400000,21.230000,20.200000,20.660000
2023-05-15,20.820000,21.120000,20.260000,20.310000
2023-05-16,20.630000,21.140000,20.380000,20.900000
2023-05-17,20.490000,20.850000,19.980000,20.050000
2023-05-18,20.180000,20.230000,19.260000,19.330000
2023-05-19,19.290000,20.400000,19.140000,20.040000
2023-05-22,20.230000,20.820000,20.000000,20.360000
2023-05-23,20.960000,21.550000,20.420000,21.060000
2023-05-24,21.960000,22.470000,21.650000,22.020000
2023-05-25,21.460000,21.830000,21.170000,21.380000
2023-05-26,21.120000,21.150000,20.020000,20.440000
2023-05-30,19.890000,20.770000,19.760000,20.130000
2023-05-31,20.560000,20.880000,19.870000,20.210000
2023-06-01,19.960000,20.080000,18.710000,18.750000
2023-06-02,18.300000,18.440000,17.760000,17.920000
2023-06-05,18.230000,18.330000,17.900000,17.900000
2023-06-06,18.060000,18.090000,16.880000,17.040000
2023-06-07,17.190000,17.440000,16.870000,17.140000
2023-06-08,17.270000,17.410000,16.740000,16.860000
2023-06-09,16.860000,17.250000,16.700000,16.960000
2023-06-12,17.300000,17.460000,17.090000,17.280000
2023-06-13,17.040000,17.340000,16.890000,17.230000
2023-06-14,17.330000,17.380000,16.790000,16.860000
2023-06-15,17.080000,17.180000,16.810000,17.180000
2023-06-16,17.180000,17.500000,16.710000,16.750000
2023-06-20,17.500000,17.980000,17.200000,17.300000
2023-06-21,17.300000,17.340000,16.870000,16.890000
2023-06-22,17.260000,17.270000,16.450000,16.560000
2023-06-23,17.110000,17.150000,16.420000,16.870000
2023-06-26,17.120000,17.120000,16.740000,17.050000
2023-06-27,16.940000,16.950000,16.260000,16.440000
2023-06-28,16.450000,16.490000,15.810000,15.900000
2023-06-29,16.070000,16.220000,15.980000,16.100000
2023-06-30,15.940000,16.020000,15.520000,16.020000
2023-07-03,16.140000,16.140000,15.930000,16.070000
2023-07-05,16.580000,16.660000,16.290000,16.510000
2023-07-06,17.430000,18.780000,17.370000,17.520000
2023-07-07,17.730000,17.730000,16.820000,17.240000
2023-07-10,17.410000,17.580000,17.200000,17.250000
2023-07-11,17.060000,17.230000,16.860000,16.970000
2023-07-12,16.370000,16.410000,16.050000,16.110000
2023-07-13,15.910000,16.140000,15.770000,16.120000
2023-07-14,16.170000,16.620000,16.000000,16.040000
2023-07-17,16.270000,16.330000,16.010000,16.270000
2023-07-18,16.330000,16.330000,16.070000,16.130000
2023-07-19,15.960000,16.600000,15.950000,16.560000
2023-07-20,16.610000,16.910000,16.390000,16.660000
2023-07-21,16.530000,16.580000,16.160000,16.400000
2023-07-24,16.460000,16.550000,16.170000,16.260000
2023-07-25,16.350000,16.350000,16.100000,16.220000
2023-07-26,16.430000,16.440000,15.640000,15.790000
2023-07-27,15.580000,17.040000,15.480000,16.630000
2023-07-28,15.870000,16.350000,15.810000,15.920000
2023-07-31,16.140000,16.270000,15.960000,16.010000
2023-08-01,16.440000,16.550000,16.210000,16.340000
2023-08-02,17.350000,18.350000,17.350000,17.960000
2023-08-03,18.530000,18.900000,17.650000,17.720000
2023-08-04,17.360000,18.840000,16.940000,18.610000
2023-08-07,18.230000,18.520000,17.720000,17.720000
2023-08-08,18.510000,19.680000,18.070000,18.130000
2023-08-09,18.040000,18.720000,17.670000,18.050000
2023-08-10,17.430000,18.730000,16.990000,18.160000
2023-08-11,18.550000,18.640000,17.560000,17.560000
2023-08-14,18.160000,18.240000,17.340000,17.410000
2023-08-15,17.870000,18.710000,17.810000,18.590000
2023-08-16,18.520000,19.050000,18.150000,18.970000
2023-08-17,18.680000,19.910000,18.660000,19.830000
2023-08-18,20.440000,20.450000,19.080000,19.240000
2023-08-21,19.250000,19.430000,18.610000,18.770000
2023-08-22,18.460000,19.040000,18.460000,18.720000
2023-08-23,18.440000,18.510000,17.900000,17.940000
2023-08-24,17.700000,18.850000,17.620000,18.750000
2023-08-25,18.380000,18.890000,17.490000,17.720000
2023-08-28,17.670000,17.670000,17.050000,17.120000
2023-08-29,17.110000,17.150000,16.390000,16.560000
2023-08-30,16.460000,16.640000,16.160000,16.180000
2023-08-31,16.210000,16.240000,15.840000,15.920000
2023-09-01,15.690000,15.880000,15.600000,15.740000
2023-09-05,16.300000,16.460000,15.960000,16.240000
2023-09-06,16.410000,17.080000,16.300000,16.610000
2023-09-07,17.270000,17.460000,16.530000,16.580000
2023-09-08,16.570000,16.570000,15.980000,16.140000
2023-09-11,16.160000,16.340000,15.940000,16.020000
2023-09-12,16.290000,16.370000,15.910000,16.250000
2023-09-13,16.120000,16.240000,15.780000,15.920000
2023-09-14,15.700000,15.750000,15.320000,15.340000
2023-09-15,15.540000,16.160000,15.440000,16.020000
2023-09-18,16.490000,16.580000,15.980000,16.130000
2023-09-19,16.320000,16.660000,16.050000,16.130000
2023-09-20,16.000000,16.810000,15.830000,16.810000
2023-09-21,17.470000,18.240000,16.010000,18.240000
2023-09-22,17.970000,18.120000,17.340000,18.090000
2023-09-25,18.560000,18.750000,17.970000,18.020000
2023-09-26,18.570000,20.060000,18.400000,19.720000
2023-09-27,19.230000,20.350000,19.040000,19.110000
2023-09-28,19.340000,19.450000,18.170000,18.380000
2023-09-29,17.620000,18.650000,17.380000,18.510000
2023-10-02,18.900000,19.130000,17.940000,18.620000
2023-10-03,19.280000,20.850000,18.950000,20.410000
2023-10-04,20.210000,20.480000,19.340000,19.520000
2023-10-05,19.510000,20.340000,19.320000,19.500000
2023-10-06,19.970000,20.380000,18.490000,18.730000
2023-10-09,19.640000,19.860000,18.720000,18.810000
2023-10-10,18.640000,18.640000,17.900000,18.270000
2023-10-11,17.910000,19.090000,17.630000,17.630000
2023-10-12,17.560000,19.030000,17.220000,18.090000
2023-10-13,18.040000,21.040000,18.040000,20.570000
2023-10-16,19.780000,19.780000,18.710000,18.790000
2023-10-17,19.490000,19.680000,18.470000,19.260000
2023-10-18,19.620000,20.970000,19.580000,20.470000
2023-10-19,20.270000,22.200000,19.970000,22.190000
2023-10-20,22.040000,22.630000,21.560000,22.440000
2023-10-23,22.590000,23.050000,20.680000,21.330000
2023-10-24,20.830000,21.280000,19.960000,20.210000
2023-10-25,20.400000,22.070000,20.400000,21.330000
2023-10-26,21.710000,22.500000,21.210000,21.570000
2023-10-27,21.210000,22.550000,20.940000,22.270000
2023-10-30,21.460000,21.660000,20.670000,20.800000
2023-10-31,20.640000,20.810000,19.420000,19.490000
2023-11-01,19.280000,19.340000,18.330000,18.550000
2023-11-02,18.060000,18.210000,17.720000,17.800000
2023-11-03,17.490000,17.540000,17.150000,17.220000
2023-11-06,17.290000,17.520000,17.020000,17.030000
2023-11-07,17.090000,17.210000,16.860000,16.920000
2023-11-08,16.850000,17.160000,16.520000,16.640000
2023-11-09,16.550000,17.470000,16.550000,17.300000
2023-11-10,17.010000,17.130000,16.470000,16.520000
2023-11-13,16.970000,17.030000,16.430000,16.610000
2023-11-14,15.940000,16.290000,15.880000,16.290000
2023-11-15,16.190000,16.390000,16.100000,16.280000
2023-11-16,16.190000,16.400000,15.950000,16.140000
2023-11-17,16.080000,16.080000,15.720000,15.850000
2023-11-20,15.910000,15.910000,15.600000,15.690000
2023-11-21,15.850000,15.860000,15.350000,15.500000
2023-11-22,15.230000,15.620000,15.210000,15.480000
2023-11-24,15.670000,15.680000,15.090000,15.120000
2023-11-27,15.480000,15.540000,15.260000,15.340000
2023-11-28,15.440000,15.590000,15.090000,15.240000
2023-11-29,15.110000,15.600000,15.080000,15.510000
2023-11-30,15.610000,15.780000,15.360000,15.440000
2023-12-01,15.420000,15.490000,15.140000,15.360000
2023-12-04,15.940000,16.200000,15.620000,15.680000
2023-12-05,15.800000,15.870000,15.540000,15.570000
2023-12-06,15.460000,15.750000,15.400000,15.740000
2023-12-07,15.690000,15.850000,15.600000,15.650000
2023-12-08,15.530000,15.570000,15.160000,15.160000
2023-12-11,15.490000,15.500000,15.160000,15.190000
2023-12-12,15.140000,15.170000,14.690000,14.830000
2023-12-13,14.890000,15.010000,14.560000,14.660000
2023-12-14,14.680000,15.140000,14.620000,14.790000
2023-12-15,14.850000,15.250000,14.750000,15.130000
2023-12-18,15.240000,15.510000,15.220000,15.470000
2023-12-19,15.480000,15.650000,15.470000,15.640000
2023-12-20,15.600000,16.810000,15.550000,16.580000
2023-12-21,16.330000,16.860000,16.220000,16.300000
2023-12-22,16.340000,16.530000,15.970000,15.990000
2023-12-26,16.330000,16.330000,15.850000,15.880000
2023-12-27,15.830000,15.830000,15.170000,15.270000
2023-12-28,15.300000,15.390000,15.190000,15.230000
2023-12-29,15.290000,15.700000,15.120000,15.260000
2024-01-02,15.890000,16.170000,15.450000,15.480000
2024-01-03,15.860000,16.290000,15.620000,16.040000
2024-01-04,16.120000,16.150000,15.750000,16.040000
2024-01-05,15.860000,15.880000,15.400000,15.510000
2024-01-08,15.680000,15.730000,15.080000,15.140000
2024-01-09,15.390000,15.410000,14.860000,14.900000
2024-01-10,14.820000,14.860000,14.700000,14.730000
2024-01-11,14.570000,15.200000,14.490000,14.560000
2024-01-12,14.530000,14.960000,14.510000,14.940000
2024-01-16,15.530000,16.110000,15.420000,15.740000
2024-01-17,16.530000,16.770000,16.210000,16.380000
2024-01-18,16.010000,16.390000,15.780000,15.840000
2024-01-19,15.600000,16.290000,15.230000,15.260000
2024-01-22,15.320000,15.370000,14.960000,14.970000
2024-01-23,14.890000,14.940000,14.480000,14.520000
2024-01-24,14.390000,14.970000,14.250000,14.970000
2024-01-25,14.900000,15.200000,14.880000,15.100000
2024-01-26,15.190000,15.220000,14.890000,15.030000
2024-01-29,15.300000,15.450000,15.190000,15.220000
2024-01-30,15.260000,15.290000,15.070000,15.140000
2024-01-31,15.140000,16.170000,15.140000,15.960000
2024-02-01,15.740000,16.150000,15.450000,15.500000
2024-02-02,15.740000,15.820000,15.260000,15.610000
2024-02-05,15.760000,16.000000,15.260000,15.330000
2024-02-06,15.190000,15.400000,14.920000,14.990000
2024-02-07,14.880000,15.170000,14.810000,14.850000
2024-02-08,14.990000,15.130000,14.880000,14.930000
2024-02-09,14.990000,15.080000,14.820000,15.080000
2024-02-12,15.250000,15.680000,15.220000,15.670000
2024-02-13,16.170000,18.170000,16.060000,16.820000
2024-02-14,16.010000,16.600000,15.790000,15.930000
2024-02-15,15.830000,16.110000,15.750000,15.760000
2024-02-16,15.890000,16.090000,15.480000,15.860000
2024-02-20,16.210000,16.820000,16.170000,16.410000
2024-02-21,16.650000,16.720000,16.160000,16.230000
2024-02-22,15.590000,15.800000,15.340000,15.770000
2024-02-23,15.530000,15.640000,15.200000,15.250000
2024-02-26,15.400000,15.400000,15.150000,15.220000
2024-02-27,15.130000,15.150000,14.870000,14.890000
2024-02-28,15.110000,15.260000,14.990000,15.220000
2024-02-29,14.940000,15.250000,14.880000,14.930000
2024-03-01,14.850000,15.090000,14.760000,14.930000
2024-03-04,15.150000,15.270000,15.110000,15.230000
2024-03-05,15.450000,16.360000,15.440000,15.910000
2024-03-06,15.540000,16.150000,15.510000,15.970000
2024-03-07,15.790000,16.030000,15.760000,15.910000
2024-03-08,15.740000,16.840000,15.630000,16.300000
2024-03-11,16.770000,17.010000,16.430000,16.460000
2024-03-12,16.100000,16.320000,15.640000,15.660000
2024-03-13,15.670000,15.890000,15.540000,15.600000
2024-03-14,15.560000,16.690000,15.520000,16.120000
2024-03-15,16.390000,17.110000,16.260000,16.410000
2024-03-18,16.410000,16.420000,16.150000,16.220000
2024-03-19,16.340000,16.400000,15.750000,15.770000
2024-03-20,15.870000,15.980000,15.260000,15.280000
2024-03-21,15.170000,15.340000,14.980000,15.180000
2024-03-22,15.270000,15.320000,15.020000,15.300000
2024-03-25,15.520000,15.700000,15.300000,15.380000
2024-03-26,15.300000,15.380000,15.040000,15.290000
2024-03-27,15.110000,15.390000,14.970000,15.010000
2024-03-28,15.090000,15.240000,15.040000,15.190000
2024-04-01,15.520000,15.830000,15.410000,15.520000
2024-04-02,16.160000,16.630000,16.070000,16.090000
2024-04-03,16.400000,16.570000,15.810000,15.910000
2024-04-04,15.660000,17.470000,15.540000,17.160000
2024-04-05,17.210000,17.410000,16.680000,17.180000
2024-04-08,17.060000,17.170000,16.460000,16.560000
2024-04-09,16.560000,17.370000,16.390000,16.420000
2024-04-10,17.260000,17.560000,16.810000,17.040000
2024-04-11,17.080000,17.760000,16.490000,16.490000
2024-04-12,17.490000,19.300000,17.390000,18.200000
2024-04-15,17.550000,19.710000,17.460000,19.550000
2024-04-16,19.230000,19.580000,18.360000,18.840000
2024-04-17,18.530000,19.700000,18.280000,18.770000
2024-04-18,18.500000,19.160000,18.070000,18.660000
2024-04-19,19.040000,19.620000,18.610000,19.250000
2024-04-22,18.610000,18.670000,17.470000,17.630000
2024-04-23,17.260000,17.270000,16.620000,16.680000
2024-04-24,16.710000,17.060000,16.520000,16.840000
2024-04-25,17.550000,17.910000,16.310000,16.370000
2024-04-26,16.460000,16.500000,16.160000,16.270000
2024-04-29,16.210000,16.350000,15.970000,16.000000
2024-04-30,16.160000,16.690000,15.930000,16.590000
2024-05-01,16.800000,16.940000,15.790000,16.570000
2024-05-02,16.280000,16.840000,16.000000,16.050000
2024-05-03,15.370000,15.650000,15.260000,15.270000
2024-05-06,15.270000,15.330000,14.980000,15.020000
2024-05-07,14.990000,15.100000,14.920000,14.950000
2024-05-08,15.080000,15.090000,14.840000,14.900000
2024-05-09,14.900000,15.000000,14.710000,14.710000
2024-05-10,14.750000,14.980000,14.600000,14.660000
2024-05-13,14.770000,15.020000,14.770000,14.890000
2024-05-14,14.930000,15.020000,14.610000,14.700000
2024-05-15,14.440000,14.530000,14.000000,14.080000
2024-05-16,14.090000,14.300000,14.010000,14.220000
2024-05-17,14.200000,14.280000,13.930000,13.990000
2024-05-20,14.170000,14.260000,14.050000,14.110000
2024-05-21,14.360000,14.370000,13.910000,13.950000
2024-05-22,14.070000,14.530000,13.930000,14.310000
2024-05-23,14.050000,14.960000,14.040000,14.670000
2024-05-24,14.510000,14.580000,14.140000,14.170000
2024-05-28,14.410000,15.010000,14.370000,14.720000
2024-05-29,15.410000,15.490000,15.100000,15.450000
2024-05-30,15.460000,15.680000,15.060000,15.590000
2024-05-31,15.190000,15.840000,14.630000,14.660000
2024-06-03,14.790000,15.480000,14.730000,14.800000
2024-06-04,15.130000,15.350000,14.840000,14.880000
2024-06-05,14.750000,15.240000,14.470000,14.540000
2024-06-06,14.590000,14.760000,14.490000,14.540000
2024-06-07,14.680000,14.710000,14.240000,14.410000
2024-06-10,14.820000,14.850000,14.480000,14.600000
2024-06-11,14.830000,15.020000,14.480000,14.490000
2024-06-12,14.210000,14.430000,13.960000,14.120000
2024-06-13,14.130000,14.720000,13.890000,14.170000
2024-06-14,14.670000,14.970000,14.550000,14.840000
2024-06-17,15.050000,15.160000,14.610000,14.790000
2024-06-18,14.730000,14.890000,14.660000,14.690000
2024-06-20,14.840000,15.600000,14.830000,15.410000
2024-06-21,15.640000,15.750000,15.070000,15.170000
2024-06-24,15.450000,15.450000,15.040000,15.230000
2024-06-25,15.200000,15.230000,14.830000,14.860000
2024-06-26,15.060000,15.090000,14.580000,14.710000
2024-06-27,14.640000,14.730000,14.400000,14.420000
2024-06-28,14.500000,14.720000,14.270000,14.520000
2024-07-01,14.600000,14.860000,14.120000,14.190000
2024-07-02,14.370000,14.370000,13.900000,14.010000
2024-07-03,14.000000,14.150000,13.920000,14.020000
2024-07-05,14.230000,14.370000,14.120000,14.350000
2024-07-08,14.390000,14.420000,14.230000,14.290000
2024-07-09,14.320000,14.480000,14.260000,14.390000
2024-07-10,14.410000,14.520000,14.270000,14.500000
2024-07-11,14.380000,14.870000,14.360000,14.670000
2024-07-12,14.460000,14.460000,14.100000,14.370000
2024-07-15,14.540000,14.920000,14.460000,14.870000
2024-07-16,14.790000,14.950000,14.690000,14.910000
2024-07-17,15.350000,16.080000,15.280000,15.790000
2024-07-18,15.620000,16.920000,15.380000,16.560000
2024-07-19,16.850000,17.500000,16.570000,17.160000
2024-07-22,16.760000,16.780000,15.970000,16.090000
2024-07-23,16.110000,16.170000,15.490000,16.010000
2024-07-24,16.500000,18.640000,16.490000,18.430000
2024-07-25,18.340000,19.320000,17.280000,18.690000
2024-07-26,18.060000,18.090000,17.210000,17.240000
2024-07-29,17.410000,17.620000,16.880000,17.160000
2024-07-30,16.980000,18.390000,16.830000,18.010000
2024-07-31,17.020000,17.130000,16.430000,16.970000
2024-08-01,16.980000,19.760000,16.900000,19.140000
2024-08-02,20.960000,26.310000,20.690000,23.340000
2024-08-05,43.620000,43.680000,27.770000,33.710000
2024-08-06,30.270000,30.410000,23.790000,26.760000
2024-08-07,23.560000,28.180000,22.920000,27.010000
2024-08-08,25.290000,26.090000,23.910000,24.130000
2024-08-09,24.250000,24.680000,21.180000,21.180000
2024-08-12,21.210000,21.830000,19.880000,21.630000
2024-08-13,20.790000,20.890000,19.770000,19.860000
2024-08-14,19.360000,19.540000,18.360000,18.450000
2024-08-15,17.800000,18.200000,17.450000,17.880000
2024-08-16,18.280000,19.500000,17.670000,17.810000
2024-08-19,18.120000,18.120000,17.420000,17.590000
2024-08-20,17.810000,18.410000,17.650000,18.280000
2024-08-21,18.370000,19.170000,18.300000,18.580000
2024-08-22,18.370000,19.610000,18.350000,19.360000
2024-08-23,19.020000,19.150000,18.050000,18.190000
2024-08-26,18.200000,18.680000,18.070000,18.250000
2024-08-27,18.530000,18.650000,17.720000,17.730000
2024-08-28,17.810000,19.270000,17.740000,18.900000
2024-08-29,18.200000,18.380000,17.720000,18.000000
2024-08-30,17.750000,18.170000,17.380000,17.430000
2024-09-03,18.390000,22.520000,18.350000,21.700000
2024-09-04,22.710000,22.710000,20.440000,22.070000
2024-09-05,21.630000,22.120000,20.560000,20.930000
2024-09-06,20.320000,23.730000,20.140000,22.740000
2024-09-09,21.860000,22.040000,20.680000,20.880000
2024-09-10,20.730000,21.870000,20.510000,20.550000
2024-09-11,20.370000,22.330000,19.520000,19.590000
2024-09-12,19.800000,20.160000,19.280000,19.480000
2024-09-13,19.510000,20.370000,18.920000,19.280000
2024-09-16,19.670000,20.210000,19.630000,19.810000
2024-09-17,19.690000,20.740000,19.510000,20.130000
2024-09-18,20.590000,23.140000,19.540000,20.350000
2024-09-19,19.180000,19.590000,18.930000,19.070000
2024-09-20,19.130000,19.260000,18.710000,18.940000
2024-09-23,18.890000,19.140000,18.580000,18.700000
2024-09-24,18.650000,19.170000,18.400000,18.470000
2024-09-25,18.490000,19.090000,18.280000,18.570000
2024-09-26,18.540000,18.960000,18.370000,18.450000
2024-09-27,18.440000,19.550000,18.380000,19.540000
2024-09-30,19.570000,19.990000,19.110000,19.220000
2024-10-01,19.330000,21.590000,19.330000,20.890000
2024-10-02,21.280000,21.800000,20.520000,20.590000
2024-10-03,21.170000,21.790000,20.670000,21.630000
2024-10-04,20.910000,21.390000,20.390000,20.650000
2024-10-07,21.240000,22.790000,21.100000,22.590000
2024-10-08,21.820000,21.980000,21.320000,21.520000
2024-10-09,21.570000,21.570000,20.750000,20.910000
2024-10-10,21.010000,21.260000,20.860000,21.020000
2024-10-11,21.010000,21.850000,20.530000,20.770000
2024-10-14,20.680000,20.690000,19.990000,20.120000
2024-10-15,19.960000,20.890000,19.790000,20.800000
2024-10-16,20.950000,21.050000,20.290000,20.320000
2024-10-17,20.080000,20.320000,19.740000,19.810000
2024-10-18,19.730000,19.840000,19.160000,19.190000
2024-10-21,19.550000,19.950000,19.230000,19.240000
2024-10-22,19.840000,19.900000,19.000000,19.170000
2024-10-23,19.400000,20.820000,19.280000,20.040000
2024-10-24,19.800000,20.770000,19.760000,19.850000
2024-10-25,19.500000,21.040000,19.040000,20.940000
2024-10-28,20.100000,20.470000,19.840000,20.170000
2024-10-29,20.440000,20.590000,19.690000,19.960000
2024-10-30,20.390000,20.810000,19.990000,20.760000
2024-10-31,21.570000,22.810000,21.410000,22.640000
2024-11-01,21.980000,22.120000,21.240000,21.910000
2024-11-04,22.110000,22.420000,21.400000,21.570000
2024-11-05,21.320000,21.320000,20.120000,20.190000
2024-11-06,17.650000,18.260000,17.570000,17.670000
2024-11-07,17.280000,17.370000,16.900000,16.950000
2024-11-08,16.740000,16.980000,16.680000,16.830000
2024-11-11,16.880000,17.040000,16.700000,16.800000
2024-11-12,16.910000,17.180000,16.700000,16.710000
2024-11-13,16.790000,17.010000,16.370000,16.510000
2024-11-14,16.490000,16.680000,16.180000,16.680000
2024-11-15,16.930000,18.710000,16.820000,17.810000
2024-11-18,17.960000,17.990000,17.000000,17.190000
2024-11-19,18.220000,18.260000,17.280000,17.690000
2024-11-20,17.810000,19.660000,17.710000,18.260000
2024-11-21,17.620000,19.000000,17.520000,18.180000
2024-11-22,17.960000,18.070000,17.300000,17.300000
2024-11-25,17.050000,17.620000,16.860000,16.870000
2024-11-26,16.800000,16.800000,16.430000,16.530000
2024-11-27,16.650000,17.150000,16.580000,16.600000
2024-11-29,16.630000,16.630000,16.250000,16.260000
2024-12-02,16.520000,16.750000,16.320000,16.340000
2024-12-03,16.470000,16.650000,16.190000,16.240000
2024-12-04,16.230000,16.440000,15.820000,16.390000
2024-12-05,16.480000,16.590000,16.400000,16.580000
2024-12-06,16.300000,16.420000,16.200000,16.320000
2024-12-09,16.610000,17.120000,16.560000,17.090000
2024-12-10,17.040000,17.190000,16.860000,16.980000
2024-12-11,16.670000,16.930000,16.580000,16.880000
2024-12-12,16.880000,17.350000,16.790000,17.350000
2024-12-13,16.850000,17.350000,16.740000,17.150000
2024-12-16,17.300000,17.570000,17.210000,17.570000
2024-12-17,17.910000,18.180000,17.750000,18.130000
2024-12-18,18.040000,24.990000,17.330000,24.240000
2024-12-19,20.890000,24.150000,20.630000,24.140000
2024-12-20,23.930000,23.930000,19.740000,20.100000
2024-12-23,19.850000,20.840000,18.650000,18.650000
2024-12-24,18.470000,18.500000,17.160000,17.200000
2024-12-26,17.540000,18.030000,17.190000,17.360000
2024-12-27,18.040000,19.500000,18.010000,18.070000
2024-12-30,19.700000,20.220000,18.230000,18.940000
2024-12-31,18.550000,19.250000,18.270000,18.980000
2025-01-02,18.710000,20.510000,18.540000,19.330000
2025-01-03,18.940000,19.130000,18.100000,18.140000
2025-01-06,17.990000,18.720000,17.700000,18.030000
2025-01-07,17.820000,19.850000,17.810000,19.190000
2025-01-08,19.740000,20.670000,19.100000,19.340000
2025-01-10,20.390000,21.530000,19.950000,20.970000
2025-01-13,22.140000,22.190000,20.350000,20.430000
2025-01-14,20.110000,20.800000,19.660000,19.990000
2025-01-15,18.700000,18.740000,18.070000,18.230000
2025-01-16,18.210000,18.350000,17.830000,18.350000
2025-01-17,17.810000,18.190000,17.760000,18.190000
2025-01-21,17.980000,18.140000,17.430000,17.500000
2025-01-22,17.820000,17.830000,17.490000,17.810000
2025-01-23,17.760000,17.780000,17.410000,17.520000
2025-01-24,17.470000,17.750000,17.350000,17.550000
2025-01-27,20.310000,20.310000,18.850000,18.970000
2025-01-28,18.760000,19.380000,17.980000,18.130000
2025-01-29,18.280000,19.050000,17.860000,18.150000
2025-01-30,17.740000,18.200000,17.480000,17.910000
2025-01-31,17.580000,18.790000,17.390000,18.430000
2025-02-03,20.330000,21.230000,18.840000,19.550000
2025-02-04,19.290000,19.710000,18.420000,18.640000
2025-02-05,18.670000,19.890000,17.950000,17.960000
2025-02-06,17.920000,18.990000,17.740000,17.940000
2025-02-07,17.710000,21.280000,17.610000,18.630000
2025-02-10,18.370000,18.540000,18.150000,18.230000
2025-02-11,18.520000,18.540000,18.080000,18.280000
2025-02-12,18.970000,19.000000,18.110000,18.310000
2025-02-13,18.250000,18.690000,17.780000,17.840000
2025-02-14,17.860000,18.010000,17.720000,17.810000
2025-02-18,18.100000,18.270000,17.820000,17.820000
2025-02-19,18.160000,18.770000,17.760000,17.930000
2025-02-20,18.010000,18.610000,17.850000,18.010000
2025-02-21,18.030000,19.830000,17.990000,19.480000
2025-02-24,19.110000,20.430000,18.830000,19.860000
2025-02-25,20.040000,21.260000,19.700000,20.030000
2025-02-26,20.030000,20.390000,19.070000,19.750000
2025-02-27,19.300000,21.290000,19.210000,21.220000
2025-02-28,21.360000,21.870000,19.950000,20.180000
2025-03-03,20.100000,23.170000,19.890000,22.180000
2025-03-04,23.250000,24.830000,21.500000,22.780000
2025-03-05,22.990000,23.590000,21.350000,21.720000
2025-03-06,23.100000,24.380000,22.480000,23.700000
2025-03-07,23.780000,24.660000,22.390000,22.590000
2025-03-10,24.470000,26.610000,24.180000,25.720000
2025-03-11,25.800000,27.010000,24.740000,25.340000
2025-03-12,24.370000,25.290000,23.380000,23.670000
2025-03-13,23.810000,24.860000,23.110000,24.060000
2025-03-14,23.510000,23.860000,21.930000,22.170000
2025-03-17,22.180000,22.180000,21.030000,21.300000
2025-03-18,21.710000,22.450000,21.630000,21.970000
2025-03-19,21.810000,22.450000,20.350000,20.830000
2025-03-20,21.540000,21.570000,20.310000,20.710000
2025-03-21,21.320000,21.440000,20.290000,20.350000
2025-03-24,19.910000,19.910000,18.980000,19.040000
2025-03-25,18.890000,19.160000,18.720000,19.050000
2025-03-26,19.070000,20.290000,18.930000,19.840000
2025-03-27,20.120000,20.490000,19.470000,19.890000
2025-03-28,20.260000,22.100000,20.090000,22.010000
2025-03-31,23.310000,23.890000,21.570000,21.970000
2025-04-01,22.360000,22.980000,21.490000,21.820000
2025-04-02,22.990000,22.990000,20.920000,21.450000
2025-04-03,25.080000,27.390000,24.720000,27.380000
2025-04-04,31.670000,36.860000,30.900000,36.710000
2025-04-07,39.980000,42.110000,26.500000,36.880000
2025-04-08,31.910000,45.030000,31.300000,41.500000
2025-04-09,41.630000,42.940000,24.960000,29.920000
2025-04-10,32.230000,43.030000,31.690000,35.710000
2025-04-11,37.360000,39.400000,33.840000,33.910000
2025-04-14,30.330000,32.570000,29.080000,29.630000
2025-04-15,29.250000,29.290000,27.960000,29.000000
2025-04-16,30.150000,32.200000,28.840000,30.940000
2025-04-17,30.110000,30.890000,29.330000,29.350000
2025-04-21,30.490000,32.820000,30.490000,31.830000
2025-04-22,30.370000,30.440000,29.190000,29.450000
2025-04-23,27.640000,28.980000,27.090000,28.020000
2025-04-24,27.670000,27.670000,26.340000,26.440000
2025-04-25,26.660000,27.090000,25.370000,25.370000
2025-04-28,25.370000,26.870000,25.210000,25.730000
2025-04-29,26.080000,26.080000,24.950000,25.220000
2025-04-30,26.720000,27.820000,25.300000,25.540000
2025-05-01,25.120000,25.870000,24.680000,25.490000
2025-05-02,24.400000,24.660000,23.890000,24.000000
2025-05-05,24.770000,24.940000,23.990000,24.550000
2025-05-06,25.340000,25.570000,24.770000,25.410000
2025-05-07,25.450000,25.780000,24.480000,24.700000
2025-05-08,24.230000,24.560000,23.300000,23.760000
2025-05-09,23.530000,23.800000,23.230000,23.380000
2025-05-12,21.630000,21.650000,20.040000,20.220000
2025-05-13,19.960000,20.110000,19.500000,20.090000
2025-05-14,20.120000,20.690000,20.070000,20.580000
2025-05-15,20.910000,21.030000,20.190000,20.250000
2025-05-16,20.240000,20.350000,19.890000,20.080000
2025-05-19,20.990000,21.010000,20.500000,20.690000
2025-05-20,20.700000,21.130000,20.470000,20.720000
2025-05-21,21.360000,22.740000,20.670000,22.660000
2025-05-22,22.890000,23.120000,21.790000,22.320000
2025-05-23,24.680000,24.680000,23.060000,23.800000
2025-05-27,22.430000,22.670000,21.280000,21.290000
2025-05-28,21.390000,21.740000,21.240000,21.670000
2025-05-29,21.290000,22.130000,21.190000,21.620000
2025-05-30,21.950000,22.500000,21.340000,21.380000
2025-06-02,21.810000,22.270000,21.080000,21.090000
2025-06-03,21.080000,21.270000,20.640000,20.720000
2025-06-04,20.580000,20.890000,20.450000,20.660000
2025-06-05,20.440000,21.260000,20.060000,21.110000
2025-06-06,20.270000,20.400000,19.850000,20.020000
2025-06-09,20.250000,20.350000,19.820000,20.090000
2025-06-10,20.040000,20.310000,19.750000,19.940000
2025-06-11,19.680000,20.650000,19.460000,20.300000
2025-06-12,20.720000,20.830000,20.270000,20.650000
2025-06-13,21.980000,23.050000,21.240000,22.620000
2025-06-16,21.680000,22.330000,20.930000,21.230000
2025-06-17,21.950000,23.030000,21.610000,22.910000
2025-06-18,22.700000,22.850000,21.720000,21.970000
2025-06-20,21.590000,22.770000,21.420000,22.480000
2025-06-23,22.650000,23.410000,21.750000,21.820000
2025-06-24,20.660000,20.850000,20.020000,20.050000
2025-06-25,19.820000,20.040000,19.620000,19.670000
2025-06-26,19.470000,19.510000,19.150000,19.450000
2025-06-27,19.280000,19.920000,19.220000,19.450000
2025-06-30,19.510000,19.740000,19.250000,19.440000
2025-07-01,19.620000,19.640000,19.230000,19.510000
2025-07-02,19.580000,19.650000,19.230000,19.350000
2025-07-03,19.020000,19.270000,18.980000,19.210000
2025-07-07,19.970000,20.620000,19.920000,20.210000
2025-07-08,19.770000,19.800000,19.360000,19.580000
2025-07-09,19.060000,19.390000,18.960000,19.020000
2025-07-10,19.000000,19.100000,18.620000,18.920000
2025-07-11,19.490000,19.600000,19.090000,19.370000
2025-07-14,19.890000,20.020000,19.690000,19.840000
2025-07-15,19.480000,20.070000,19.480000,20.060000
2025-07-16,19.740000,21.570000,19.740000,20.090000
2025-07-17,20.080000,20.080000,19.670000,19.690000
2025-07-18,19.590000,19.840000,19.480000,19.580000
2025-07-21,19.620000,19.630000,19.200000,19.510000
2025-07-22,19.640000,20.080000,19.430000,19.530000
2025-07-23,19.270000,19.300000,18.550000,18.560000
2025-07-24,18.420000,18.890000,18.320000,18.560000
2025-07-25,18.540000,18.560000,18.260000,18.320000
2025-07-28,18.260000,18.440000,18.110000,18.160000
2025-07-29,17.970000,18.820000,17.940000,18.770000
2025-07-30,18.710000,19.330000,18.320000,18.350000
2025-07-31,18.350000,19.310000,18.180000,19.140000
2025-08-01,20.580000,21.960000,20.530000,21.240000
2025-08-04,20.410000,20.410000,19.590000,19.610000
2025-08-05,19.720000,20.570000,19.580000,20.030000
2025-08-06,20.080000,20.090000,19.300000,19.470000
2025-08-07,19.110000,19.940000,19.000000,19.350000
2025-08-08,19.160000,19.220000,18.700000,18.700000
2025-08-11,19.120000,19.360000,18.870000,19.250000
2025-08-12,18.800000,18.980000,18.330000,18.340000
2025-08-13,18.190000,18.480000,18.120000,18.330000
2025-08-14,18.740000,18.750000,18.220000,18.490000
2025-08-15,18.360000,18.690000,18.320000,18.640000
2025-08-18,18.880000,18.900000,18.400000,18.450000
2025-08-19,18.480000,19.090000,18.300000,18.900000
2025-08-20,19.100000,19.980000,19.020000,19.100000
2025-08-21,19.640000,19.840000,19.180000,19.410000
2025-08-22,19.330000,19.330000,17.750000,17.760000
2025-08-25,18.050000,18.110000,17.640000,18.020000
2025-08-26,18.280000,18.280000,17.900000,17.900000
2025-08-27,18.090000,18.150000,17.870000,17.940000
2025-08-28,17.670000,17.980000,17.610000,17.720000
2025-08-29,17.860000,18.550000,17.780000,18.350000
2025-09-02,20.510000,20.620000,19.320000,19.380000
2025-09-03,19.480000,19.530000,18.930000,18.930000
2025-09-04,18.940000,19.110000,18.300000,18.390000
2025-09-05,18.050000,19.320000,17.990000,18.420000
2025-09-08,18.600000,18.600000,18.210000,18.290000
2025-09-09,18.510000,18.740000,18.240000,18.270000
2025-09-10,18.260000,18.610000,18.090000,18.440000
2025-09-11,18.170000,18.260000,17.970000,18.030000
2025-09-12,18.140000,18.190000,17.840000,18.060000
2025-09-15,18.090000,18.580000,18.090000,18.530000
2025-09-16,18.610000,18.980000,18.610000,18.910000
2025-09-17,18.800000,19.210000,18.200000,18.440000
2025-09-18,18.260000,18.570000,18.070000,18.520000
2025-09-19,18.340000,18.850000,18.320000,18.480000
2025-09-22,18.840000,18.960000,18.660000,18.950000
2025-09-23,18.960000,19.690000,18.950000,19.440000
2025-09-24,19.250000,19.800000,19.140000,19.140000
2025-09-25,19.750000,20.060000,19.110000,19.460000
2025-09-26,19.300000,19.490000,18.410000,18.410000
2025-09-29,18.570000,18.900000,18.490000,18.760000
2025-09-30,18.920000,19.050000,18.530000,18.770000
2025-10-01,19.000000,19.050000,18.510000,18.760000
2025-10-02,18.600000,19.090000,18.540000,18.890000
2025-10-03,18.870000,19.290000,18.770000,19.080000
2025-10-06,19.160000,19.370000,19.060000,19.120000
2025-10-07,19.070000,19.790000,19.020000,19.710000
2025-10-08,19.560000,19.720000,19.220000,19.260000
2025-10-09,19.240000,19.850000,19.220000,19.380000
2025-10-10,19.460000,23.130000,19.300000,22.810000
2025-10-13,21.590000,21.750000,20.660000,20.930000
2025-10-14,22.480000,23.300000,21.090000,22.030000
2025-10-15,21.190000,22.980000,20.950000,21.940000
2025-10-16,21.680000,24.940000,21.600000,24.870000
2025-10-17,24.240000,24.680000,22.070000,22.090000
2025-10-20,21.470000,21.470000,20.300000,20.310000
2025-10-21,20.440000,20.650000,19.790000,19.990000
2025-10-22,20.390000,21.610000,20.170000,20.310000
2025-10-23,20.470000,20.520000,19.540000,19.650000
2025-10-24,19.160000,19.360000,18.980000,19.200000
2025-10-27,18.730000,19.120000,18.710000,18.990000
2025-10-28,18.990000,19.590000,18.950000,19.550000
2025-10-29,19.570000,20.120000,19.440000,19.830000
2025-10-30,19.870000,20.290000,19.580000,19.980000
2025-10-31,19.680000,21.070000,19.680000,20.490000
2025-11-03,20.340000,21.210000,20.280000,20.380000
2025-11-04,21.430000,21.690000,20.760000,21.290000
2025-11-05,21.340000,21.420000,20.170000,20.600000
2025-11-06,20.720000,21.850000,20.620000,21.350000
2025-11-07,22.220000,23.020000,21.190000,21.190000
2025-11-10,20.570000,20.770000,20.220000,20.240000
2025-11-11,20.350000,20.390000,20.160000,20.190000
2025-11-12,20.130000,20.590000,20.130000,20.340000
2025-11-13,20.710000,22.520000,20.520000,21.850000
2025-11-14,23.170000,23.550000,21.370000,21.580000
2025-11-17,22.360000,23.720000,21.740000,23.180000
2025-11-18,24.080000,25.290000,23.540000,24.540000
2025-11-19,24.350000,24.820000,23.170000,23.990000
2025-11-20,21.690000,26.320000,21.510000,25.760000
2025-11-21,25.000000,26.690000,23.540000,23.960000
2025-11-24,23.320000,23.320000,21.780000,21.850000
2025-11-25,21.780000,22.600000,20.660000,20.730000
2025-11-26,20.370000,20.520000,19.870000,20.020000
2025-11-28,20.730000,22.020000,10.060000,19.640000
2025-12-01,20.570000,20.600000,19.820000,20.220000
2025-12-02,20.000000,20.250000,19.730000,19.840000
2025-12-03,20.130000,20.160000,19.620000,19.710000
2025-12-04,19.680000,20.000000,19.470000,19.490000
2025-12-05,19.460000,19.670000,19.230000,19.270000
2025-12-08,19.650000,20.140000,19.640000,19.910000
2025-12-09,20.170000,20.220000,19.800000,20.080000
2025-12-10,20.290000,20.460000,19.200000,19.350000
2025-12-11,19.660000,19.990000,18.900000,19.050000
2025-12-12,19.080000,20.470000,18.920000,19.250000
2025-12-15,19.310000,20.170000,19.300000,19.680000
2025-12-16,19.920000,20.310000,19.500000,19.670000
2025-12-17,19.590000,20.350000,19.450000,20.080000
2025-12-18,19.510000,20.020000,19.250000,19.590000
2025-12-19,19.050000,19.050000,18.250000,18.250000
2025-12-22,18.160000,18.190000,17.750000,17.790000
2025-12-23,17.810000,17.900000,17.630000,17.840000
2025-12-24,17.930000,17.930000,17.630000,17.770000
2025-12-26,17.930000,18.050000,17.710000,17.770000
2025-12-29,18.260000,18.290000,17.650000,17.820000
2025-12-30,17.880000,17.890000,17.550000,17.770000
2025-12-31,17.840000,18.310000,17.830000,18.180000
2026-01-02,18.010000,18.500000,17.960000,18.020000
2026-01-05,18.170000,18.370000,18.110000,18.320000
2026-01-06,18.340000,18.370000,18.020000,18.150000
2026-01-07,18.310000,18.630000,18.220000,18.590000
2026-01-08,18.720000,18.800000,18.290000,18.390000
2026-01-09,18.380000,18.540000,17.850000,17.880000
2026-01-12,18.570000,18.580000,18.180000,18.230000
2026-01-13,18.190000,19.110000,18.190000,18.850000
2026-01-14,19.470000,20.230000,19.260000,19.370000
2026-01-15,18.780000,18.990000,18.510000,18.900000
2026-01-16,18.800000,19.230000,18.650000,18.990000
2026-01-20,21.160000,21.750000,20.480000,21.280000
2026-01-21,20.650000,20.970000,19.250000,19.360000
2026-01-22,18.820000,19.210000,18.620000,18.750000
2026-01-23,18.900000,19.150000,18.550000,19.150000
2026-01-26,19.040000,19.090000,18.790000,19.070000
2026-01-27,18.940000,19.230000,18.760000,19.220000
2026-01-28,19.270000,19.760000,19.080000,19.300000
2026-01-29,19.650000,21.130000,19.540000,19.670000
2026-01-30,19.890000,20.480000,19.480000,20.070000
2026-02-02,20.370000,20.400000,19.190000,19.370000
2026-02-03,19.360000,21.540000,19.340000,20.350000
2026-02-04,20.350000,22.010000,20.190000,20.620000
2026-02-05,22.430000,23.020000,21.370000,22.450000
2026-02-06,21.560000,21.560000,20.120000,20.370000
2026-02-09,21.000000,21.020000,19.880000,20.090000
2026-02-10,20.140000,20.510000,20.000000,20.430000
2026-02-11,19.930000,20.990000,19.900000,20.370000
2026-02-12,20.190000,22.350000,20.030000,22.170000
2026-02-13,22.240000,23.010000,21.060000,22.170000
2026-02-17,22.520000,23.180000,21.330000,21.600000
2026-02-18,21.550000,21.720000,20.730000,21.390000
2026-02-19,21.860000,22.370000,21.710000,21.880000
2026-02-20,22.390000,22.390000,20.970000,21.090000
2026-02-23,21.250000,22.520000,21.130000,22.140000
2026-02-24,22.400000,22.660000,21.150000,21.340000
2026-02-25,20.820000,20.920000,20.340000,20.360000
2026-02-26,20.460000,21.750000,20.410000,20.810000
2026-02-27,22.190000,22.470000,21.360000,21.560000
2026-03-02,23.520000,23.520000,21.760000,22.440000
2026-03-03,24.430000,26.340000,22.780000,23.540000
2026-03-04,23.000000,23.480000,21.840000,22.290000
2026-03-05,23.010000,24.940000,22.430000,23.860000
2026-03-06,26.080000,27.750000,24.990000,27.560000
2026-03-09,28.040000,29.090000,24.860000,25.340000
2026-03-10,24.940000,25.840000,23.540000,25.510000
2026-03-11,25.290000,25.980000,24.930000,24.970000
2026-03-12,26.270000,26.990000,25.800000,26.950000
2026-03-13,25.920000,27.340000,25.510000,27.280000
2026-03-16,25.980000,25.980000,24.670000,24.920000
2026-03-17,24.260000,24.580000,23.870000,24.330000
2026-03-18,25.000000,26.570000,24.820000,26.560000
2026-03-19,27.960000,28.030000,25.190000,25.540000
2026-03-20,26.070000,28.610000,25.910000,27.430000
2026-03-23,25.600000,26.590000,24.730000,26.100000
2026-03-24,26.860000,27.200000,25.790000,26.560000
2026-03-25,25.530000,26.400000,25.290000,25.630000
2026-03-26,26.520000,27.690000,25.970000,27.160000
2026-03-27,28.420000,29.460000,27.860000,29.270000
2026-03-30,28.100000,29.410000,27.970000,29.130000
2026-03-31,27.370000,27.580000,25.480000,25.550000
2026-04-01,25.240000,25.600000,24.440000,24.860000
2026-04-02,26.670000,26.850000,24.670000,24.720000
2026-04-06,25.310000,25.480000,24.590000,24.770000
2026-04-07,25.450000,26.900000,25.450000,25.570000
2026-04-08,22.380000,23.870000,22.220000,22.680000
2026-04-09,22.890000,22.930000,21.670000,21.810000
2026-04-10,21.480000,22.220000,21.380000,21.860000
2026-04-13,22.560000,22.860000,21.180000,21.340000
2026-04-14,20.570000,20.970000,20.390000,20.820000
2026-04-15,20.280000,21.080000,20.280000,20.780000
2026-04-16,20.850000,21.470000,20.560000,20.770000
2026-04-17,20.520000,20.710000,20.170000,20.510000
2026-04-20,21.060000,21.670000,21.010000,21.240000
2026-04-21,21.320000,22.280000,21.190000,21.510000
2026-04-22,21.170000,21.520000,21.040000,21.240000
2026-04-23,21.410000,22.690000,21.110000,21.480000
2026-04-24,21.330000,21.470000,20.900000,21.300000
2026-04-27,21.430000,21.590000,20.770000,20.770000
2026-04-28,21.390000,21.390000,20.460000,20.490000
2026-04-29,20.740000,21.190000,20.430000,21.190000
2026-04-30,20.700000,20.940000,20.070000,20.080000
2026-05-01,19.980000,20.430000,19.840000,20.370000
2026-05-04,20.720000,21.480000,20.220000,21.050000
2026-05-05,20.480000,20.850000,20.470000,20.820000
2026-05-06,20.390000,20.620000,20.310000,20.570000
2026-05-07,20.450000,20.710000,20.080000,20.350000
2026-05-08,20.400000,20.660000,20.250000,20.500000
2026-05-11,21.010000,21.290000,20.850000,21.240000
2026-05-12,21.440000,21.680000,21.000000,21.040000
2026-05-13,21.180000,21.260000,20.970000,21.180000
2026-05-14,21.270000,21.360000,20.780000,20.850000
2026-05-15,21.750000,21.830000,21.060000,21.360000
2026-05-18,21.330000,21.470000,20.860000,20.920000
2026-05-19,21.170000,21.270000,20.900000,21.120000
2026-05-20,21.060000,21.130000,20.360000,20.760000
2026-05-21,20.950000,20.980000,19.930000,20.000000
2026-05-22,20.040000,20.960000,19.850000,20.030000
2026-05-26,19.830000,19.990000,19.700000,19.890000
2026-05-27,19.860000,19.910000,19.450000,19.450000
2026-05-28,19.560000,19.600000,19.090000,19.110000
2026-05-29,19.050000,19.090000,18.610000,18.660000
2026-06-01,19.250000,19.450000,19.040000,19.430000
2026-06-02,19.500000,19.530000,19.380000,19.490000
2026-06-03,19.730000,19.990000,19.550000,19.760000
2026-06-04,19.940000,19.940000,19.150000,19.230000
2026-06-05,19.550000,21.840000,19.490000,21.820000
2026-06-08,20.610000,20.960000,20.300000,20.790000
2026-06-09,20.340000,23.080000,20.170000,21.310000
2026-06-10,21.980000,23.130000,21.600000,22.890000
2026-06-11,22.670000,23.330000,21.310000,21.420000
2026-06-12,21.410000,21.650000,20.490000,20.510000
2026-06-15,19.610000,19.790000,19.300000,19.360000
2026-06-16,19.380000,19.540000,19.230000,19.530000
2026-06-17,19.450000,20.840000,19.250000,20.620000
2026-06-18,19.690000,20.070000,19.500000,19.570000
2026-06-22,19.510000,20.120000,19.340000,19.760000
2026-06-23,21.480000,21.520000,20.600000,21.060000
2026-06-24,20.960000,21.350000,20.150000,20.370000
2026-06-25,19.880000,20.980000,19.880000,20.330000
2026-06-26,21.160000,21.370000,20.030000,20.130000
2026-06-29,19.900000,20.470000,19.450000,19.530000
2026-06-30,19.570000,19.610000,18.890000,19.000000
2026-07-01,19.240000,19.440000,18.780000,19.160000
2026-07-02,19.010000,19.540000,18.730000,19.040000
2026-07-06,18.940000,19.110000,18.730000,18.780000
2026-07-07,18.980000,19.360000,18.680000,19.010000
2026-07-08,19.640000,20.280000,19.000000,19.460000
2026-07-09,19.410000,19.540000,18.940000,18.990000
2026-07-10,18.890000,19.230000,18.530000,18.570000
2026-07-13,19.190000,19.810000,19.080000,19.640000
2026-07-14,19.480000,19.550000,18.970000,19.300000
2026-07-15,19.100000,19.470000,18.830000,18.910000
2026-07-16,19.090000,19.700000,18.940000,19.500000
2026-07-17,20.800000,20.990000,20.020000,20.540000
2026-07-20,19.860000,20.410000,19.660000,20.400000
2026-07-21,19.830000,20.040000,19.450000,19.590000
2026-07-22,19.790000,19.820000,19.270000,19.540000
2026-07-23,21.080000,21.550000,20.580000,20.600000
2026-07-24,20.730000,20.790000,19.880000,20.510000
2026-07-27,19.830000,20.910000,19.760000,20.200000
2026-07-28,20.290000,20.630000,19.730000,19.860000
2026-07-29,20.310000,21.650000,19.490000,21.500000
2026-07-30,20.330000,20.590000,19.450000,19.500000
2026-07-31,19.380000,20.430000,18.880000,19.020000
2026-08-03,19.110000,19.110000,18.760000,18.930000
2026-08-04,18.740000,19.340000,18.740000,19.340000
2026-08-05,19.570000,19.720000,18.720000,18.950000
